Workbook

Sheet 00_대시보드
A1: ① 오늘의 리스크 대시보드
A2: =TEXT(TODAY(),"yyyy-mm-dd (aaa)")&" | 손익보다 리스크를 먼저 본다. 🔴가 하나라도 있으면 신규 매수 금지."
A4: Ⅰ. 한눈에 보는 상태 | I4: Ⅸ. 리스크 추이 (01_일별로그 자동)
A5: 계좌 순자산 (Asset) | B5: ★ 오늘 청산하면 남는 돈 | C5: 실질 주식 Exposure | D5: 실질 레버리지 | E5: 담보비율 | F5: 청산까지 여력 | G5: 위반 | H5: 기한초과 체크
A6: ='03_포지션'!$B$41 | B6: ='03_포지션'!$B$43-'09_CF_원금'!$F$135 | C6: ='03_포지션'!$B$37 | D6: ='03_포지션'!$B$54 | E6: ='03_포지션'!$B$51 | F6: ='03_포지션'!$B$52 | G6: ='02_룰북'!$G$22 | H6: ='02_룰북'!$H$47
A7: 총평가 − 신용 | B7: 순수 자기자본 − 해외주식 예상세액 | C7: 레버ETF 배수 반영 | D7: Expo ÷ 자기자본 | E7: 국장 기준 | F7: 몇 % 더 빠지면 청산 | G7: 룰북 🔴 | H7: 룰북 체크리스트
A9: Ⅱ. 이번 주 투자 기조 (09_뷰트래커에서 갱신)
A10: 상태 | B10: 다음 점검일 | C10: 한 줄 기조 | D10: 레버리지 스탠스 | E10: 뷰트래커 제안 | F10: 무효화 조건 발동
A11: ='05_뷰트래커'!$D$5 | B11: ='05_뷰트래커'!$B$5 | C11: ='05_뷰트래커'!$E$5 | D11: ='05_뷰트래커'!$F$5 | E11: ='05_뷰트래커'!$G$5 | F11: ='05_뷰트래커'!$G$12
A13: Ⅲ. 계좌별 현황
A14: 계좌 | B14: 평가금액(명목) | C14: 신용 | D14: 순자산 (Asset) | E14: 누적 원금 | F14: 누적 손익 | G14: 수익률 | H14: 비고
A15: 국장 | B15: =SUMIFS('03_포지션'!$I$17:$I$31,'03_포지션'!$C$17:$C$31,"국장")+'03_포지션'!$B$6 | C15: ='03_포지션'!$C$6 | D15: =B15-C15 | E15: ='09_CF_원금'!$B$97 | F15: =D15-E15 | G15: =IF(E15<=0,"산출불가",F15/E15) | H15: =IF(E15<=0,"⚠️ 계좌간 이체로 원금 0 이하 → %는 무의미","")
A16: 미장 | B16: =SUMIFS('03_포지션'!$I$17:$I$31,'03_포지션'!$C$17:$C$31,"미장")+'03_포지션'!$B$7 | C16: ='03_포지션'!$C$7 | D16: =B16-C16 | E16: ='09_CF_원금'!$B$98 | F16: =D16-E16 | G16: =IF(E16<=0,"산출불가",F16/E16) | H16: =IF(E16<=0,"⚠️ 계좌간 이체로 원금 0 이하 → %는 무의미","")
A17: ISA | B17: =SUMIFS('03_포지션'!$I$17:$I$31,'03_포지션'!$C$17:$C$31,"ISA")+'03_포지션'!$B$8 | C17: ='03_포지션'!$C$8 | D17: =B17-C17 | E17: ='09_CF_원금'!$B$99 | F17: =D17-E17 | G17: =IF(E17<=0,"산출불가",F17/E17) | H17: =IF(E17<=0,"⚠️ 계좌간 이체로 원금 0 이하 → %는 무의미","")
A18: 합계 | B18: =SUM(B15:B17) | C18: =SUM(C15:C17) | D18: =SUM(D15:D17) | E18: =SUM(E15:E17) | F18: =SUM(F15:F17) | G18: =IFERROR(F18/E18,"")
A20: Ⅳ. 차입 현황
A21: 증권사 신용 | B21: 내재 레버리지 | C21: 증권 차입 | D21: ★ 증권 차입 ÷ 연봉 | E21: 연봉(세전) | F21: 회사대출 | G21: 총 차입 | H21: ★ 총 차입 ÷ 연봉
A22: ='03_포지션'!$B$40 | B22: ='03_포지션'!$B$44 | C22: ='03_포지션'!$B$45 | D22: ='03_포지션'!$B$65 | E22: ='09_CF_원금'!$B$108 | F22: ='03_포지션'!$B$42 | G22: =C22+F22 | H22: =G22/E22
A24: Ⅴ. 비용 차감 후 실질 손익 — 신용이자는 이미 예수금에서 빠져나가 손익에 반영되어 있으므로 여기서 또 빼지 않습니다
A25: 표면 누적손익 | B25: (참고) 누적 지급이자 | C25: (−) 누적 강의·구독비 | D25: (−) 해외주식 예상 세액 | E25: 실질 누적 순손익 | F25: 실질 수익률
A26: =$F$18 | B26: ='09_CF_원금'!$E$127 | C26: ='09_CF_원금'!$B$179 | D26: ='09_CF_원금'!$F$135 | E26: =A26-C26-D26 | F26: =IFERROR(E26/'09_CF_원금'!$B$100,"")
A27: 표면 손익에 이미 반영 (차감 X) | B27: ↑ 차감하지 않음. 규모만 인지 | C27: 실제 지출 | D27: 미실현 부채 — 차감함 | E27: 표면 − 강의비 − 세금
A28: Ⅵ. 리스크 신호등 — 규칙 전문과 '위반 시 행동'은 02_룰북에 있습니다
A29: ID | B29: 측정지표 | C29: 내 기준 | D29: 현재값 | E29: 신호
A30: ='02_룰북'!A6 | B30: ='02_룰북'!C6 | C30: ='02_룰북'!D6 | D30: ='02_룰북'!F6 | E30: ='02_룰북'!G6
A31: ='02_룰북'!A7 | B31: ='02_룰북'!C7 | C31: ='02_룰북'!D7 | D31: ='02_룰북'!F7 | E31: ='02_룰북'!G7
A32: ='02_룰북'!A8 | B32: ='02_룰북'!C8 | C32: ='02_룰북'!D8 | D32: ='02_룰북'!F8 | E32: ='02_룰북'!G8
A33: ='02_룰북'!A9 | B33: ='02_룰북'!C9 | C33: ='02_룰북'!D9 | D33: ='02_룰북'!F9 | E33: ='02_룰북'!G9
A34: ='02_룰북'!A10 | B34: ='02_룰북'!C10 | C34: ='02_룰북'!D10 | D34: ='02_룰북'!F10 | E34: ='02_룰북'!G10
A35: ='02_룰북'!A11 | B35: ='02_룰북'!C11 | C35: ='02_룰북'!D11 | D35: ='02_룰북'!F11 | E35: ='02_룰북'!G11
A36: ='02_룰북'!A12 | B36: ='02_룰북'!C12 | C36: ='02_룰북'!D12 | D36: ='02_룰북'!F12 | E36: ='02_룰북'!G12
A37: ='02_룰북'!A13 | B37: ='02_룰북'!C13 | C37: ='02_룰북'!D13 | D37: ='02_룰북'!F13 | E37: ='02_룰북'!G13
A38: ='02_룰북'!A14 | B38: ='02_룰북'!C14 | C38: ='02_룰북'!D14 | D38: ='02_룰북'!F14 | E38: ='02_룰북'!G14
A39: ='02_룰북'!A15 | B39: ='02_룰북'!C15 | C39: ='02_룰북'!D15 | D39: ='02_룰북'!F15 | E39: ='02_룰북'!G15
A48: Ⅶ. 매수 버튼을 누르기 전 1분 — 하나라도 '아니오'면 오늘은 사지 않는다
A49: ☐ | B49: 1. 어제 이전에 계획된 매수이고, 이번 주 기조(Ⅱ)와 맞는가?
A50: ☐ | B50: 2. 손절가와, 손절 시 잃을 금액을 지금 숫자로 말할 수 있는가?
A51: ☐ | B51: 3. 계획 물량의 50% 이하인가? 오늘 하루 총매수가 순자산의 15%를 넘지 않는가? ← 5/29·6/9·7/6
A52: ☐ | B52: 4. 이 종목, 최근 3거래일 안에 매도한 적 없는가? (익절 후 재진입 쿨다운) ← 6/25
A53: ☐ | B53: 5. 이 종목 물타기 3회째 아닌가? 직전 매수에서 5거래일 지났는가? ← 7/6~10
A54: ☐ | B54: 6. 감정은 평온한가? 이 매수 후에도 신호등이 전부 🟢인가?
A59: Ⅷ. 03_포지션을 갱신한 날 — 아래 값을 01_일별로그 오늘 행에 '값 붙여넣기' | 평일에는 증권사 앱에서 P·W 두 칸만 직접 입력
A60: 국장 총평가 → P열 | B60: 미장 평가 → Q열 | C60: ISA 평가 → R열 | D60: 예수금 합 → S열 | E60: 실질 주식Expo → U열 | F60: 국장 순자산 → W열
A61: =SUMIFS('03_포지션'!$I$17:$I$31,'03_포지션'!$C$17:$C$31,"국장")+'03_포지션'!$B$6 | B61: =SUMIFS('03_포지션'!$I$17:$I$31,'03_포지션'!$C$17:$C$31,"미장")+'03_포지션'!$B$7 | C61: =SUMIFS('03_포지션'!$I$17:$I$31,'03_포지션'!$C$17:$C$31,"ISA")+'03_포지션'!$B$8 | D61: ='03_포지션'!$B$9 | E61: ='03_포지션'!$B$37 | F61: =SUMIFS('03_포지션'!$I$17:$I$31,'03_포지션'!$C$17:$C$31,"국장")+'03_포지션'!$B$6-'03_포지션'!$C$6
A62: → A~D 네 칸은 P~S열에 한 번에 붙여넣기. E(실질Expo)는 U열, F(국장 순자산)는 W열에 따로. T열(신용잔고)은 P−W로 자동 계산되니 절대 덮어쓰지 마세요. Q·R·S·U는 값을 안 넣으면 전일 값이 이어지므로 주 1회만 갱신해도 됩니다.

Sheet 01_일별로그
A1: ① 일별 로그 — 왼쪽이 볼 것, 가운데가 넣을 것, 오른쪽(숨김)이 계산용
A2: 매일 넣는 건 P·W(국장 총평가·국장 순자산) 2칸 + 감정점수뿐입니다. 하늘색 열(Q~U)은 값을 안 넣으면 전일 값을 그대로 이어받습니다 — 주말에 03_포지션 갱신할 때만 바꿔주세요.
A4: 날짜 | B4: 순자산 (Equity) | C4: 일손익 | D4: 누적손익 | E4: MDD | F4: 청산까지 여력(근사) | G4: ★차입÷연봉 | H4: 차입비중 | I4: 현금비중 | J4: 국장 손익 | K4: 미장 손익 | L4: ISA 손익 | M4: 감정점수 (1~5) | N4: 위반 규칙ID | O4: 메모 | P4: 국장 총평가 (명목) | Q4: 미장 평가 (이월) | R4: ISA 평가 (이월) | S4: 예수금 합계 (이월) | T4: 신용잔고 (자동) | U4: 실질 주식Expo (이월) | V4: 총평가(명목) | W4: 국장 순자산 | X4: 국장 원금 | Y4: 미장 원금 | Z4: ISA 원금 | AA4: 외부투입원금 | AB4: 내재레버리지 | AC4: 총차입 | AD4: 순자산 전고점 | AE4: NQ100 | AF4: 누적손익(과거) | AG4: 국장손익(과거) | AH4: 미장손익(과거) | AI4: ISA손익(과거) | AJ4: 월키 | AK4: 위반일
A5: 45957 | B5: =IF(V5<>"",V5-T5,IF(AF5<>"",AA5+AF5,"")) | D5: =IF(OR(B5="",AA5=""),"",B5-AA5) | E5: =IF(OR(B5="",AD5=0),"",MIN(0,B5/AD5-1)) | F5: =IF(OR(U5="",T5=0,T5=""),"",(P5-T5*1.4)/U5) | G5: =IF(OR(AC5="",'09_CF_원금'!$B$108=0),"",AC5/'09_CF_원금'!$B$108) | H5: =IF(OR(U5="",U5=0,AC5=""),"",AC5/U5) | I5: =IF(OR(S5="",U5=""),"",S5/(U5+S5)) | J5: =IF(W5<>"",W5-X5,IF(AG5<>"",AG5,"")) | K5: =IF(Q5<>"",Q5-Y5,IF(AH5<>"",AH5,"")) | L5: =IF(R5<>"",R5-Z5,IF(AI5<>"",AI5,"")) | T5: =IF(OR(P5="",W5=""),"",P5-W5) | V5: =IF(P5="","",P5+IF(Q5="",0,Q5)+IF(R5="",0,R5)) | X5: =SUMIFS('09_CF_원금'!$E$6:$E$92,'09_CF_원금'!$D$6:$D$92,"국장",'09_CF_원금'!$A$6:$A$92,"<="&$A5)-SUMIFS('09_CF_원금'!$E$6:$E$92,'09_CF_원금'!$C$6:$C$92,"국장",'09_CF_원금'!$A$6:$A$92,"<="&$A5) | Y5: =SUMIFS('09_CF_원금'!$E$6:$E$92,'09_CF_원금'!$D$6:$D$92,"미장",'09_CF_원금'!$A$6:$A$92,"<="&$A5)-SUMIFS('09_CF_원금'!$E$6:$E$92,'09_CF_원금'!$C$6:$C$92,"미장",'09_CF_원금'!$A$6:$A$92,"<="&$A5) | Z5: =SUMIFS('09_CF_원금'!$E$6:$E$92,'09_CF_원금'!$D$6:$D$92,"ISA",'09_CF_원금'!$A$6:$A$92,"<="&$A5)-SUMIFS('09_CF_원금'!$E$6:$E$92,'09_CF_원금'!$C$6:$C$92,"ISA",'09_CF_원금'!$A$6:$A$92,"<="&$A5) | AA5: =IF($A5="","",X5+Y5+Z5+SUMIFS('09_CF_원금'!$E$6:$E$92,'09_CF_원금'!$D$6:$D$92,"중국",'09_CF_원금'!$A$6:$A$92,"<="&$A5)-SUMIFS('09_CF_원금'!$E$6:$E$92,'09_CF_원금'!$C$6:$C$92,"중국",'09_CF_원금'!$A$6:$A$92,"<="&$A5)+SUMIFS('09_CF_원금'!$E$6:$E$92,'09_CF_원금'!$D$6:$D$92,"업비트",'09_CF_원금'!$A$6:$A$92,"<="&$A5)-SUMIFS('09_CF_원금'!$E$6:$E$92,'09_CF_원금'!$C$6:$C$92,"업비트",'09_CF_원금'!$A$6:$A$92,"<="&$A5)) | AB5: =IF(OR(U5="",V5=""),"",U5-(V5-IF(S5="",0,S5))) | AC5: =IF(AB5="","",T5+AB5) | AD5: =IF(B5="","",MAX($B$5:B5)) | AE5: 25936 | AG5: 48440000 | AH5: 32256167 | AJ5: =IF($A5="","",YEAR($A5)*100+MONTH($A5)) | AK5: =IF($A5="","",IF($N5="",0,1))
A6: 45961 | B6: =IF(V6<>"",V6-T6,IF(AF6<>"",AA6+AF6,"")) | C6: =IF(OR(B6="",B5=""),"",B6-B5) | D6: =IF(OR(B6="",AA6=""),"",B6-AA6) | E6: =IF(OR(B6="",AD6=0),"",MIN(0,B6/AD6-1)) | F6: =IF(OR(U6="",T6=0,T6=""),"",(P6-T6*1.4)/U6) | G6: =IF(OR(AC6="",'09_CF_원금'!$B$108=0),"",AC6/'09_CF_원금'!$B$108) | H6: =IF(OR(U6="",U6=0,AC6=""),"",AC6/U6) | I6: =IF(OR(S6="",U6=""),"",S6/(U6+S6)) | J6: =IF(W6<>"",W6-X6,IF(AG6<>"",AG6,"")) | K6: =IF(Q6<>"",Q6-Y6,IF(AH6<>"",AH6,"")) | L6: =IF(R6<>"",R6-Z6,IF(AI6<>"",AI6,"")) | Q6: =IF($A6="","",IF(Q5="","",Q5)) | R6: =IF($A6="","",IF(R5="","",R5)) | S6: =IF($A6="","",IF(S5="","",S5)) | T6: =IF(OR(P6="",W6=""),"",P6-W6) | U6: =IF($A6="","",IF(U5="","",U5)) | V6: =IF(P6="","",P6+IF(Q6="",0,Q6)+IF(R6="",0,R6)) | X6: =SUMIFS('09_CF_원금'!$E$6:$E$92,'09_CF_원금'!$D$6:$D$92,"국장",'09_CF_원금'!$A$6:$A$92,"<="&$A6)-SUMIFS('09_CF_원금'!$E$6:$E$92,'09_CF_원금'!$C$6:$C$92,"국장",'09_CF_원금'!$A$6:$A$92,"<="&$A6) | Y6: =SUMIFS('09_CF_원금'!$E$6:$E$92,'09_CF_원금'!$D$6:$D$92,"미장",'09_CF_원금'!$A$6:$A$92,"<="&$A6)-SUMIFS('09_CF_원금'!$E$6:$E$92,'09_CF_원금'!$C$6:$C$92,"미장",'09_CF_원금'!$A$6:$A$92,"<="&$A6) | Z6: =SUMIFS('09_CF_원금'!$E$6:$E$92,'09_CF_원금'!$D$6:$D$92,"ISA",'09_CF_원금'!$A$6:$A$92,"<="&$A6)-SUMIFS('09_CF_원금'!$E$6:$E$92,'09_CF_원금'!$C$6:$C$92,"ISA",'09_CF_원금'!$A$6:$A$92,"<="&$A6) | AA6: =IF($A6="","",X6+Y6+Z6+SUMIFS('09_CF_원금'!$E$6:$E$92,'09_CF_원금'!$D$6:$D$92,"중국",'09_CF_원금'!$A$6:$A$92,"<="&$A6)-SUMIFS('09_CF_원금'!$E$6:$E$92,'09_CF_원금'!$C$6:$C$92,"중국",'09_CF_원금'!$A$6:$A$92,"<="&$A6)+SUMIFS('09_CF_원금'!$E$6:$E$92,'09_CF_원금'!$D$6:$D$92,"업비트",'09_CF_원금'!$A$6:$A$92,"<="&$A6)-SUMIFS('09_CF_원금'!$E$6:$E$92,'09_CF_원금'!$C$6:$C$92,"업비트",'09_CF_원금'!$A$6:$A$92,"<="&$A6)) | AB6: =IF(OR(U6="",V6=""),"",U6-(V6-IF(S6="",0,S6))) | AC6: =IF(AB6="","",T6+AB6) | AD6: =IF(B6="","",MAX($B$5:B6)) | AE6: 26004 | AG6: 57742218 | AH6: 33266033 | AJ6: =IF($A6="","",YEAR($A6)*100+MONTH($A6)) | AK6: =IF($A6="","",IF($N6="",0,1))
A7: 45968 | B7: =IF(V7<>"",V7-T7,IF(AF7<>"",AA7+AF7,"")) | C7: =IF(OR(B7="",B6=""),"",B7-B6) | D7: =IF(OR(B7="",AA7=""),"",B7-AA7) | E7: =IF(OR(B7="",AD7=0),"",MIN(0,B7/AD7-1)) | F7: =IF(OR(U7="",T7=0,T7=""),"",(P7-T7*1.4)/U7) | G7: =IF(OR(AC7="",'09_CF_원금'!$B$108=0),"",AC7/'09_CF_원금'!$B$108) | H7: =IF(OR(U7="",U7=0,AC7=""),"",AC7/U7) | I7: =IF(OR(S7="",U7=""),"",S7/(U7+S7)) | J7: =IF(W7<>"",W7-X7,IF(AG7<>"",AG7,"")) | K7: =IF(Q7<>"",Q7-Y7,IF(AH7<>"",AH7,"")) | L7: =IF(R7<>"",R7-Z7,IF(AI7<>"",AI7,"")) | Q7: =IF($A7="","",IF(Q6="","",Q6)) | R7: =IF($A7="","",IF(R6="","",R6)) | S7: =IF($A7="","",IF(S6="","",S6)) | T7: =IF(OR(P7="",W7=""),"",P7-W7) | U7: =IF($A7="","",IF(U6="","",U6)) | V7: =IF(P7="","",P7+IF(Q7="",0,Q7)+IF(R7="",0,R7)) | X7: =SUMIFS('09_CF_원금'!$E$6:$E$92,'09_CF_원금'!$D$6:$D$92,"국장",'09_CF_원금'!$A$6:$A$92,"<="&$A7)-SUMIFS('09_CF_원금'!$E$6:$E$92,'09_CF_원금'!$C$6:$C$92,"국장",'09_CF_원금'!$A$6:$A$92,"<="&$A7) | Y7: =SUMIFS('09_CF_원금'!$E$6:$E$92,'09_CF_원금'!$D$6:$D$92,"미장",'09_CF_원금'!$A$6:$A$92,"<="&$A7)-SUMIFS('09_CF_원금'!$E$6:$E$92,'09_CF_원금'!$C$6:$C$92,"미장",'09_CF_원금'!$A$6:$A$92,"<="&$A7) | Z7: =SUMIFS('09_CF_원금'!$E$6:$E$92,'09_CF_원금'!$D$6:$D$92,"ISA",'09_CF_원금'!$A$6:$A$92,"<="&$A7)-SUMIFS('09_CF_원금'!$E$6:$E$92,'09_CF_원금'!$C$6:$C$92,"ISA",'09_CF_원금'!$A$6:$A$92,"<="&$A7) | AA7: =IF($A7="","",X7+Y7+Z7+SUMIFS('09_CF_원금'!$E$6:$E$92,'09_CF_원금'!$D$6:$D$92,"중국",'09_CF_원금'!$A$6:$A$92,"<="&$A7)-SUMIFS('09_CF_원금'!$E$6:$E$92,'09_CF_원금'!$C$6:$C$92,"중국",'09_CF_원금'!$A$6:$A$92,"<="&$A7)+SUMIFS('09_CF_원금'!$E$6:$E$92,'09_CF_원금'!$D$6:$D$92,"업비트",'09_CF_원금'!$A$6:$A$92,"<="&$A7)-SUMIFS('09_CF_원금'!$E$6:$E$92,'09_CF_원금'!$C$6:$C$92,"업비트",'09_CF_원금'!$A$6:$A$92,"<="&$A7)) | AB7: =IF(OR(U7="",V7=""),"",U7-(V7-IF(S7="",0,S7))) | AC7: =IF(AB7="","",T7+AB7) | AD7: =IF(B7="","",MAX($B$5:B7)) | AE7: 25166.25 | AG7: 61665070 | AH7: 22042149 | AJ7: =IF($A7="","",YEAR($A7)*100+MONTH($A7)) | AK7: =IF($A7="","",IF($N7="",0,1))
A8: 45975 | B8: =IF(V8<>"",V8-T8,IF(AF8<>"",AA8+AF8,"")) | C8: =IF(OR(B8="",B7=""),"",B8-B7) | D8: =IF(OR(B8="",AA8=""),"",B8-AA8) | E8: =IF(OR(B8="",AD8=0),"",MIN(0,B8/AD8-1)) | F8: =IF(OR(U8="",T8=0,T8=""),"",(P8-T8*1.4)/U8) | G8: =IF(OR(AC8="",'09_CF_원금'!$B$108=0),"",AC8/'09_CF_원금'!$B$108) | H8: =IF(OR(U8="",U8=0,AC8=""),"",AC8/U8) | I8: =IF(OR(S8="",U8=""),"",S8/(U8+S8)) | J8: =IF(W8<>"",W8-X8,IF(AG8<>"",AG8,"")) | K8: =IF(Q8<>"",Q8-Y8,IF(AH8<>"",AH8,"")) | L8: =IF(R8<>"",R8-Z8,IF(AI8<>"",AI8,"")) | O8: 국장 조정세, 미국 AI 반등 기대 | Q8: =IF($A8="","",IF(Q7="","",Q7)) | R8: =IF($A8="","",IF(R7="","",R7)) | S8: =IF($A8="","",IF(S7="","",S7)) | T8: =IF(OR(P8="",W8=""),"",P8-W8) | U8: =IF($A8="","",IF(U7="","",U7)) | V8: =IF(P8="","",P8+IF(Q8="",0,Q8)+IF(R8="",0,R8)) | X8: =SUMIFS('09_CF_원금'!$E$6:$E$92,'09_CF_원금'!$D$6:$D$92,"국장",'09_CF_원금'!$A$6:$A$92,"<="&$A8)-SUMIFS('09_CF_원금'!$E$6:$E$92,'09_CF_원금'!$C$6:$C$92,"국장",'09_CF_원금'!$A$6:$A$92,"<="&$A8) | Y8: =SUMIFS('09_CF_원금'!$E$6:$E$92,'09_CF_원금'!$D$6:$D$92,"미장",'09_CF_원금'!$A$6:$A$92,"<="&$A8)-SUMIFS('09_CF_원금'!$E$6:$E$92,'09_CF_원금'!$C$6:$C$92,"미장",'09_CF_원금'!$A$6:$A$92,"<="&$A8) | Z8: =SUMIFS('09_CF_원금'!$E$6:$E$92,'09_CF_원금'!$D$6:$D$92,"ISA",'09_CF_원금'!$A$6:$A$92,"<="&$A8)-SUMIFS('09_CF_원금'!$E$6:$E$92,'09_CF_원금'!$C$6:$C$92,"ISA",'09_CF_원금'!$A$6:$A$92,"<="&$A8) | AA8: =IF($A8="","",X8+Y8+Z8+SUMIFS('09_CF_원금'!$E$6:$E$92,'09_CF_원금'!$D$6:$D$92,"중국",'09_CF_원금'!$A$6:$A$92,"<="&$A8)-SUMIFS('09_CF_원금'!$E$6:$E$92,'09_CF_원금'!$C$6:$C$92,"중국",'09_CF_원금'!$A$6:$A$92,"<="&$A8)+SUMIFS('09_CF_원금'!$E$6:$E$92,'09_CF_원금'!$D$6:$D$92,"업비트",'09_CF_원금'!$A$6:$A$92,"<="&$A8)-SUMIFS('09_CF_원금'!$E$6:$E$92,'09_CF_원금'!$C$6:$C$92,"업비트",'09_CF_원금'!$A$6:$A$92,"<="&$A8)) | AB8: =IF(OR(U8="",V8=""),"",U8-(V8-IF(S8="",0,S8))) | AC8: =IF(AB8="","",T8+AB8) | AD8: =IF(B8="","",MAX($B$5:B8)) | AE8: 25094 | AG8: 115959119 | AH8: 20504921 | AJ8: =IF($A8="","",YEAR($A8)*100+MONTH($A8)) | AK8: =IF($A8="","",IF($N8="",0,1))
A9: 45982 | B9: =IF(V9<>"",V9-T9,IF(AF9<>"",AA9+AF9,"")) | C9: =IF(OR(B9="",B8=""),"",B9-B8) | D9: =IF(OR(B9="",AA9=""),"",B9-AA9) | E9: =IF(OR(B9="",AD9=0),"",MIN(0,B9/AD9-1)) | F9: =IF(OR(U9="",T9=0,T9=""),"",(P9-T9*1.4)/U9) | G9: =IF(OR(AC9="",'09_CF_원금'!$B$108=0),"",AC9/'09_CF_원금'!$B$108) | H9: =IF(OR(U9="",U9=0,AC9=""),"",AC9/U9) | I9: =IF(OR(S9="",U9=""),"",S9/(U9+S9)) | J9: =IF(W9<>"",W9-X9,IF(AG9<>"",AG9,"")) | K9: =IF(Q9<>"",Q9-Y9,IF(AH9<>"",AH9,"")) | L9: =IF(R9<>"",R9-Z9,IF(AI9<>"",AI9,"")) | O9: 폭락장 속 포트 파괴 & 패닉바잉 (하이닉스) | Q9: =IF($A9="","",IF(Q8="","",Q8)) | R9: =IF($A9="","",IF(R8="","",R8)) | S9: =IF($A9="","",IF(S8="","",S8)) | T9: =IF(OR(P9="",W9=""),"",P9-W9) | U9: =IF($A9="","",IF(U8="","",U8)) | V9: =IF(P9="","",P9+IF(Q9="",0,Q9)+IF(R9="",0,R9)) | X9: =SUMIFS('09_CF_원금'!$E$6:$E$92,'09_CF_원금'!$D$6:$D$92,"국장",'09_CF_원금'!$A$6:$A$92,"<="&$A9)-SUMIFS('09_CF_원금'!$E$6:$E$92,'09_CF_원금'!$C$6:$C$92,"국장",'09_CF_원금'!$A$6:$A$92,"<="&$A9) | Y9: =SUMIFS('09_CF_원금'!$E$6:$E$92,'09_CF_원금'!$D$6:$D$92,"미장",'09_CF_원금'!$A$6:$A$92,"<="&$A9)-SUMIFS('09_CF_원금'!$E$6:$E$92,'09_CF_원금'!$C$6:$C$92,"미장",'09_CF_원금'!$A$6:$A$92,"<="&$A9) | Z9: =SUMIFS('09_CF_원금'!$E$6:$E$92,'09_CF_원금'!$D$6:$D$92,"ISA",'09_CF_원금'!$A$6:$A$92,"<="&$A9)-SUMIFS('09_CF_원금'!$E$6:$E$92,'09_CF_원금'!$C$6:$C$92,"ISA",'09_CF_원금'!$A$6:$A$92,"<="&$A9) | AA9: =IF($A9="","",X9+Y9+Z9+SUMIFS('09_CF_원금'!$E$6:$E$92,'09_CF_원금'!$D$6:$D$92,"중국",'09_CF_원금'!$A$6:$A$92,"<="&$A9)-SUMIFS('09_CF_원금'!$E$6:$E$92,'09_CF_원금'!$C$6:$C$92,"중국",'09_CF_원금'!$A$6:$A$92,"<="&$A9)+SUMIFS('09_CF_원금'!$E$6:$E$92,'09_CF_원금'!$D$6:$D$92,"업비트",'09_CF_원금'!$A$6:$A$92,"<="&$A9)-SUMIFS('09_CF_원금'!$E$6:$E$92,'09_CF_원금'!$C$6:$C$92,"업비트",'09_CF_원금'!$A$6:$A$92,"<="&$A9)) | AB9: =IF(OR(U9="",V9=""),"",U9-(V9-IF(S9="",0,S9))) | AC9: =IF(AB9="","",T9+AB9) | AD9: =IF(B9="","",MAX($B$5:B9)) | AE9: 24131 | AG9: 106186052 | AH9: 8500000 | AJ9: =IF($A9="","",YEAR($A9)*100+MONTH($A9)) | AK9: =IF($A9="","",IF($N9="",0,1))
A10: 45986 | B10: =IF(V10<>"",V10-T10,IF(AF10<>"",AA10+AF10,"")) | C10: =IF(OR(B10="",B9=""),"",B10-B9) | D10: =IF(OR(B10="",AA10=""),"",B10-AA10) | E10: =IF(OR(B10="",AD10=0),"",MIN(0,B10/AD10-1)) | F10: =IF(OR(U10="",T10=0,T10=""),"",(P10-T10*1.4)/U10) | G10: =IF(OR(AC10="",'09_CF_원금'!$B$108=0),"",AC10/'09_CF_원금'!$B$108) | H10: =IF(OR(U10="",U10=0,AC10=""),"",AC10/U10) | I10: =IF(OR(S10="",U10=""),"",S10/(U10+S10)) | J10: =IF(W10<>"",W10-X10,IF(AG10<>"",AG10,"")) | K10: =IF(Q10<>"",Q10-Y10,IF(AH10<>"",AH10,"")) | L10: =IF(R10<>"",R10-Z10,IF(AI10<>"",AI10,"")) | O10: 반등세 속 무지성 포모 바잉 | Q10: =IF($A10="","",IF(Q9="","",Q9)) | R10: =IF($A10="","",IF(R9="","",R9)) | S10: =IF($A10="","",IF(S9="","",S9)) | T10: =IF(OR(P10="",W10=""),"",P10-W10) | U10: =IF($A10="","",IF(U9="","",U9)) | V10: =IF(P10="","",P10+IF(Q10="",0,Q10)+IF(R10="",0,R10)) | X10: =SUMIFS('09_CF_원금'!$E$6:$E$92,'09_CF_원금'!$D$6:$D$92,"국장",'09_CF_원금'!$A$6:$A$92,"<="&$A10)-SUMIFS('09_CF_원금'!$E$6:$E$92,'09_CF_원금'!$C$6:$C$92,"국장",'09_CF_원금'!$A$6:$A$92,"<="&$A10) | Y10: =SUMIFS('09_CF_원금'!$E$6:$E$92,'09_CF_원금'!$D$6:$D$92,"미장",'09_CF_원금'!$A$6:$A$92,"<="&$A10)-SUMIFS('09_CF_원금'!$E$6:$E$92,'09_CF_원금'!$C$6:$C$92,"미장",'09_CF_원금'!$A$6:$A$92,"<="&$A10) | Z10: =SUMIFS('09_CF_원금'!$E$6:$E$92,'09_CF_원금'!$D$6:$D$92,"ISA",'09_CF_원금'!$A$6:$A$92,"<="&$A10)-SUMIFS('09_CF_원금'!$E$6:$E$92,'09_CF_원금'!$C$6:$C$92,"ISA",'09_CF_원금'!$A$6:$A$92,"<="&$A10) | AA10: =IF($A10="","",X10+Y10+Z10+SUMIFS('09_CF_원금'!$E$6:$E$92,'09_CF_원금'!$D$6:$D$92,"중국",'09_CF_원금'!$A$6:$A$92,"<="&$A10)-SUMIFS('09_CF_원금'!$E$6:$E$92,'09_CF_원금'!$C$6:$C$92,"중국",'09_CF_원금'!$A$6:$A$92,"<="&$A10)+SUMIFS('09_CF_원금'!$E$6:$E$92,'09_CF_원금'!$D$6:$D$92,"업비트",'09_CF_원금'!$A$6:$A$92,"<="&$A10)-SUMIFS('09_CF_원금'!$E$6:$E$92,'09_CF_원금'!$C$6:$C$92,"업비트",'09_CF_원금'!$A$6:$A$92,"<="&$A10)) | AB10: =IF(OR(U10="",V10=""),"",U10-(V10-IF(S10="",0,S10))) | AC10: =IF(AB10="","",T10+AB10) | AD10: =IF(B10="","",MAX($B$5:B10)) | AE10: 25085.5 | AG10: 99571864 | AH10: 17917003 | AJ10: =IF($A10="","",YEAR($A10)*100+MONTH($A10)) | AK10: =IF($A10="","",IF($N10="",0,1))
A11: 45996 | B11: =IF(V11<>"",V11-T11,IF(AF11<>"",AA11+AF11,"")) | C11: =IF(OR(B11="",B10=""),"",B11-B10) | D11: =IF(OR(B11="",AA11=""),"",B11-AA11) | E11: =IF(OR(B11="",AD11=0),"",MIN(0,B11/AD11-1)) | F11: =IF(OR(U11="",T11=0,T11=""),"",(P11-T11*1.4)/U11) | G11: =IF(OR(AC11="",'09_CF_원금'!$B$108=0),"",AC11/'09_CF_원금'!$B$108) | H11: =IF(OR(U11="",U11=0,AC11=""),"",AC11/U11) | I11: =IF(OR(S11="",U11=""),"",S11/(U11+S11)) | J11: =IF(W11<>"",W11-X11,IF(AG11<>"",AG11,"")) | K11: =IF(Q11<>"",Q11-Y11,IF(AH11<>"",AH11,"")) | L11: =IF(R11<>"",R11-Z11,IF(AI11<>"",AI11,"")) | O11: 과잉확신 속 신용투자 & 패닉바잉 물타기 (알테오젠) | Q11: =IF($A11="","",IF(Q10="","",Q10)) | R11: =IF($A11="","",IF(R10="","",R10)) | S11: =IF($A11="","",IF(S10="","",S10)) | T11: =IF(OR(P11="",W11=""),"",P11-W11) | U11: =IF($A11="","",IF(U10="","",U10)) | V11: =IF(P11="","",P11+IF(Q11="",0,Q11)+IF(R11="",0,R11)) | X11: =SUMIFS('09_CF_원금'!$E$6:$E$92,'09_CF_원금'!$D$6:$D$92,"국장",'09_CF_원금'!$A$6:$A$92,"<="&$A11)-SUMIFS('09_CF_원금'!$E$6:$E$92,'09_CF_원금'!$C$6:$C$92,"국장",'09_CF_원금'!$A$6:$A$92,"<="&$A11) | Y11: =SUMIFS('09_CF_원금'!$E$6:$E$92,'09_CF_원금'!$D$6:$D$92,"미장",'09_CF_원금'!$A$6:$A$92,"<="&$A11)-SUMIFS('09_CF_원금'!$E$6:$E$92,'09_CF_원금'!$C$6:$C$92,"미장",'09_CF_원금'!$A$6:$A$92,"<="&$A11) | Z11: =SUMIFS('09_CF_원금'!$E$6:$E$92,'09_CF_원금'!$D$6:$D$92,"ISA",'09_CF_원금'!$A$6:$A$92,"<="&$A11)-SUMIFS('09_CF_원금'!$E$6:$E$92,'09_CF_원금'!$C$6:$C$92,"ISA",'09_CF_원금'!$A$6:$A$92,"<="&$A11) | AA11: =IF($A11="","",X11+Y11+Z11+SUMIFS('09_CF_원금'!$E$6:$E$92,'09_CF_원금'!$D$6:$D$92,"중국",'09_CF_원금'!$A$6:$A$92,"<="&$A11)-SUMIFS('09_CF_원금'!$E$6:$E$92,'09_CF_원금'!$C$6:$C$92,"중국",'09_CF_원금'!$A$6:$A$92,"<="&$A11)+SUMIFS('09_CF_원금'!$E$6:$E$92,'09_CF_원금'!$D$6:$D$92,"업비트",'09_CF_원금'!$A$6:$A$92,"<="&$A11)-SUMIFS('09_CF_원금'!$E$6:$E$92,'09_CF_원금'!$C$6:$C$92,"업비트",'09_CF_원금'!$A$6:$A$92,"<="&$A11)) | AB11: =IF(OR(U11="",V11=""),"",U11-(V11-IF(S11="",0,S11))) | AC11: =IF(AB11="","",T11+AB11) | AD11: =IF(B11="","",MAX($B$5:B11)) | AE11: 25732 | AG11: 100497353 | AH11: 24928701 | AJ11: =IF($A11="","",YEAR($A11)*100+MONTH($A11)) | AK11: =IF($A11="","",IF($N11="",0,1))
A12: 45999 | B12: =IF(V12<>"",V12-T12,IF(AF12<>"",AA12+AF12,"")) | C12: =IF(OR(B12="",B11=""),"",B12-B11) | D12: =IF(OR(B12="",AA12=""),"",B12-AA12) | E12: =IF(OR(B12="",AD12=0),"",MIN(0,B12/AD12-1)) | F12: =IF(OR(U12="",T12=0,T12=""),"",(P12-T12*1.4)/U12) | G12: =IF(OR(AC12="",'09_CF_원금'!$B$108=0),"",AC12/'09_CF_원금'!$B$108) | H12: =IF(OR(U12="",U12=0,AC12=""),"",AC12/U12) | I12: =IF(OR(S12="",U12=""),"",S12/(U12+S12)) | J12: =IF(W12<>"",W12-X12,IF(AG12<>"",AG12,"")) | K12: =IF(Q12<>"",Q12-Y12,IF(AH12<>"",AH12,"")) | L12: =IF(R12<>"",R12-Z12,IF(AI12<>"",AI12,"")) | Q12: =IF($A12="","",IF(Q11="","",Q11)) | R12: =IF($A12="","",IF(R11="","",R11)) | S12: =IF($A12="","",IF(S11="","",S11)) | T12: =IF(OR(P12="",W12=""),"",P12-W12) | U12: =IF($A12="","",IF(U11="","",U11)) | V12: =IF(P12="","",P12+IF(Q12="",0,Q12)+IF(R12="",0,R12)) | X12: =SUMIFS('09_CF_원금'!$E$6:$E$92,'09_CF_원금'!$D$6:$D$92,"국장",'09_CF_원금'!$A$6:$A$92,"<="&$A12)-SUMIFS('09_CF_원금'!$E$6:$E$92,'09_CF_원금'!$C$6:$C$92,"국장",'09_CF_원금'!$A$6:$A$92,"<="&$A12) | Y12: =SUMIFS('09_CF_원금'!$E$6:$E$92,'09_CF_원금'!$D$6:$D$92,"미장",'09_CF_원금'!$A$6:$A$92,"<="&$A12)-SUMIFS('09_CF_원금'!$E$6:$E$92,'09_CF_원금'!$C$6:$C$92,"미장",'09_CF_원금'!$A$6:$A$92,"<="&$A12) | Z12: =SUMIFS('09_CF_원금'!$E$6:$E$92,'09_CF_원금'!$D$6:$D$92,"ISA",'09_CF_원금'!$A$6:$A$92,"<="&$A12)-SUMIFS('09_CF_원금'!$E$6:$E$92,'09_CF_원금'!$C$6:$C$92,"ISA",'09_CF_원금'!$A$6:$A$92,"<="&$A12) | AA12: =IF($A12="","",X12+Y12+Z12+SUMIFS('09_CF_원금'!$E$6:$E$92,'09_CF_원금'!$D$6:$D$92,"중국",'09_CF_원금'!$A$6:$A$92,"<="&$A12)-SUMIFS('09_CF_원금'!$E$6:$E$92,'09_CF_원금'!$C$6:$C$92,"중국",'09_CF_원금'!$A$6:$A$92,"<="&$A12)+SUMIFS('09_CF_원금'!$E$6:$E$92,'09_CF_원금'!$D$6:$D$92,"업비트",'09_CF_원금'!$A$6:$A$92,"<="&$A12)-SUMIFS('09_CF_원금'!$E$6:$E$92,'09_CF_원금'!$C$6:$C$92,"업비트",'09_CF_원금'!$A$6:$A$92,"<="&$A12)) | AB12: =IF(OR(U12="",V12=""),"",U12-(V12-IF(S12="",0,S12))) | AC12: =IF(AB12="","",T12+AB12) | AD12: =IF(B12="","",MAX($B$5:B12)) | AE12: 25723 | AG12: 101730146 | AH12: 26543123 | AJ12: =IF($A12="","",YEAR($A12)*100+MONTH($A12)) | AK12: =IF($A12="","",IF($N12="",0,1))
A13: 46010 | B13: =IF(V13<>"",V13-T13,IF(AF13<>"",AA13+AF13,"")) | C13: =IF(OR(B13="",B12=""),"",B13-B12) | D13: =IF(OR(B13="",AA13=""),"",B13-AA13) | E13: =IF(OR(B13="",AD13=0),"",MIN(0,B13/AD13-1)) | F13: =IF(OR(U13="",T13=0,T13=""),"",(P13-T13*1.4)/U13) | G13: =IF(OR(AC13="",'09_CF_원금'!$B$108=0),"",AC13/'09_CF_원금'!$B$108) | H13: =IF(OR(U13="",U13=0,AC13=""),"",AC13/U13) | I13: =IF(OR(S13="",U13=""),"",S13/(U13+S13)) | J13: =IF(W13<>"",W13-X13,IF(AG13<>"",AG13,"")) | K13: =IF(Q13<>"",Q13-Y13,IF(AH13<>"",AH13,"")) | L13: =IF(R13<>"",R13-Z13,IF(AI13<>"",AI13,"")) | O13: 무리한 현금소진/레버리지로 계좌 악화 | Q13: =IF($A13="","",IF(Q12="","",Q12)) | R13: =IF($A13="","",IF(R12="","",R12)) | S13: =IF($A13="","",IF(S12="","",S12)) | T13: =IF(OR(P13="",W13=""),"",P13-W13) | U13: =IF($A13="","",IF(U12="","",U12)) | V13: =IF(P13="","",P13+IF(Q13="",0,Q13)+IF(R13="",0,R13)) | X13: =SUMIFS('09_CF_원금'!$E$6:$E$92,'09_CF_원금'!$D$6:$D$92,"국장",'09_CF_원금'!$A$6:$A$92,"<="&$A13)-SUMIFS('09_CF_원금'!$E$6:$E$92,'09_CF_원금'!$C$6:$C$92,"국장",'09_CF_원금'!$A$6:$A$92,"<="&$A13) | Y13: =SUMIFS('09_CF_원금'!$E$6:$E$92,'09_CF_원금'!$D$6:$D$92,"미장",'09_CF_원금'!$A$6:$A$92,"<="&$A13)-SUMIFS('09_CF_원금'!$E$6:$E$92,'09_CF_원금'!$C$6:$C$92,"미장",'09_CF_원금'!$A$6:$A$92,"<="&$A13) | Z13: =SUMIFS('09_CF_원금'!$E$6:$E$92,'09_CF_원금'!$D$6:$D$92,"ISA",'09_CF_원금'!$A$6:$A$92,"<="&$A13)-SUMIFS('09_CF_원금'!$E$6:$E$92,'09_CF_원금'!$C$6:$C$92,"ISA",'09_CF_원금'!$A$6:$A$92,"<="&$A13) | AA13: =IF($A13="","",X13+Y13+Z13+SUMIFS('09_CF_원금'!$E$6:$E$92,'09_CF_원금'!$D$6:$D$92,"중국",'09_CF_원금'!$A$6:$A$92,"<="&$A13)-SUMIFS('09_CF_원금'!$E$6:$E$92,'09_CF_원금'!$C$6:$C$92,"중국",'09_CF_원금'!$A$6:$A$92,"<="&$A13)+SUMIFS('09_CF_원금'!$E$6:$E$92,'09_CF_원금'!$D$6:$D$92,"업비트",'09_CF_원금'!$A$6:$A$92,"<="&$A13)-SUMIFS('09_CF_원금'!$E$6:$E$92,'09_CF_원금'!$C$6:$C$92,"업비트",'09_CF_원금'!$A$6:$A$92,"<="&$A13)) | AB13: =IF(OR(U13="",V13=""),"",U13-(V13-IF(S13="",0,S13))) | AC13: =IF(AB13="","",T13+AB13) | AD13: =IF(B13="","",MAX($B$5:B13)) | AE13: 25574.75 | AG13: 100089765 | AH13: 23580388 | AJ13: =IF($A13="","",YEAR($A13)*100+MONTH($A13)) | AK13: =IF($A13="","",IF($N13="",0,1))
A14: 46017 | B14: =IF(V14<>"",V14-T14,IF(AF14<>"",AA14+AF14,"")) | C14: =IF(OR(B14="",B13=""),"",B14-B13) | D14: =IF(OR(B14="",AA14=""),"",B14-AA14) | E14: =IF(OR(B14="",AD14=0),"",MIN(0,B14/AD14-1)) | F14: =IF(OR(U14="",T14=0,T14=""),"",(P14-T14*1.4)/U14) | G14: =IF(OR(AC14="",'09_CF_원금'!$B$108=0),"",AC14/'09_CF_원금'!$B$108) | H14: =IF(OR(U14="",U14=0,AC14=""),"",AC14/U14) | I14: =IF(OR(S14="",U14=""),"",S14/(U14+S14)) | J14: =IF(W14<>"",W14-X14,IF(AG14<>"",AG14,"")) | K14: =IF(Q14<>"",Q14-Y14,IF(AH14<>"",AH14,"")) | L14: =IF(R14<>"",R14-Z14,IF(AI14<>"",AI14,"")) | Q14: =IF($A14="","",IF(Q13="","",Q13)) | R14: =IF($A14="","",IF(R13="","",R13)) | S14: =IF($A14="","",IF(S13="","",S13)) | T14: =IF(OR(P14="",W14=""),"",P14-W14) | U14: =IF($A14="","",IF(U13="","",U13)) | V14: =IF(P14="","",P14+IF(Q14="",0,Q14)+IF(R14="",0,R14)) | X14: =SUMIFS('09_CF_원금'!$E$6:$E$92,'09_CF_원금'!$D$6:$D$92,"국장",'09_CF_원금'!$A$6:$A$92,"<="&$A14)-SUMIFS('09_CF_원금'!$E$6:$E$92,'09_CF_원금'!$C$6:$C$92,"국장",'09_CF_원금'!$A$6:$A$92,"<="&$A14) | Y14: =SUMIFS('09_CF_원금'!$E$6:$E$92,'09_CF_원금'!$D$6:$D$92,"미장",'09_CF_원금'!$A$6:$A$92,"<="&$A14)-SUMIFS('09_CF_원금'!$E$6:$E$92,'09_CF_원금'!$C$6:$C$92,"미장",'09_CF_원금'!$A$6:$A$92,"<="&$A14) | Z14: =SUMIFS('09_CF_원금'!$E$6:$E$92,'09_CF_원금'!$D$6:$D$92,"ISA",'09_CF_원금'!$A$6:$A$92,"<="&$A14)-SUMIFS('09_CF_원금'!$E$6:$E$92,'09_CF_원금'!$C$6:$C$92,"ISA",'09_CF_원금'!$A$6:$A$92,"<="&$A14) | AA14: =IF($A14="","",X14+Y14+Z14+SUMIFS('09_CF_원금'!$E$6:$E$92,'09_CF_원금'!$D$6:$D$92,"중국",'09_CF_원금'!$A$6:$A$92,"<="&$A14)-SUMIFS('09_CF_원금'!$E$6:$E$92,'09_CF_원금'!$C$6:$C$92,"중국",'09_CF_원금'!$A$6:$A$92,"<="&$A14)+SUMIFS('09_CF_원금'!$E$6:$E$92,'09_CF_원금'!$D$6:$D$92,"업비트",'09_CF_원금'!$A$6:$A$92,"<="&$A14)-SUMIFS('09_CF_원금'!$E$6:$E$92,'09_CF_원금'!$C$6:$C$92,"업비트",'09_CF_원금'!$A$6:$A$92,"<="&$A14)) | AB14: =IF(OR(U14="",V14=""),"",U14-(V14-IF(S14="",0,S14))) | AC14: =IF(AB14="","",T14+AB14) | AD14: =IF(B14="","",MAX($B$5:B14)) | AE14: 25863 | AG14: 104193269 | AH14: 31850948 | AJ14: =IF($A14="","",YEAR($A14)*100+MONTH($A14)) | AK14: =IF($A14="","",IF($N14="",0,1))
A15: 46022 | B15: =IF(V15<>"",V15-T15,IF(AF15<>"",AA15+AF15,"")) | C15: =IF(OR(B15="",B14=""),"",B15-B14) | D15: =IF(OR(B15="",AA15=""),"",B15-AA15) | E15: =IF(OR(B15="",AD15=0),"",MIN(0,B15/AD15-1)) | F15: =IF(OR(U15="",T15=0,T15=""),"",(P15-T15*1.4)/U15) | G15: =IF(OR(AC15="",'09_CF_원금'!$B$108=0),"",AC15/'09_CF_원금'!$B$108) | H15: =IF(OR(U15="",U15=0,AC15=""),"",AC15/U15) | I15: =IF(OR(S15="",U15=""),"",S15/(U15+S15)) | J15: =IF(W15<>"",W15-X15,IF(AG15<>"",AG15,"")) | K15: =IF(Q15<>"",Q15-Y15,IF(AH15<>"",AH15,"")) | L15: =IF(R15<>"",R15-Z15,IF(AI15<>"",AI15,"")) | O15: '25년 마감 | Q15: =IF($A15="","",IF(Q14="","",Q14)) | R15: =IF($A15="","",IF(R14="","",R14)) | S15: =IF($A15="","",IF(S14="","",S14)) | T15: =IF(OR(P15="",W15=""),"",P15-W15) | U15: =IF($A15="","",IF(U14="","",U14)) | V15: =IF(P15="","",P15+IF(Q15="",0,Q15)+IF(R15="",0,R15)) | X15: =SUMIFS('09_CF_원금'!$E$6:$E$92,'09_CF_원금'!$D$6:$D$92,"국장",'09_CF_원금'!$A$6:$A$92,"<="&$A15)-SUMIFS('09_CF_원금'!$E$6:$E$92,'09_CF_원금'!$C$6:$C$92,"국장",'09_CF_원금'!$A$6:$A$92,"<="&$A15) | Y15: =SUMIFS('09_CF_원금'!$E$6:$E$92,'09_CF_원금'!$D$6:$D$92,"미장",'09_CF_원금'!$A$6:$A$92,"<="&$A15)-SUMIFS('09_CF_원금'!$E$6:$E$92,'09_CF_원금'!$C$6:$C$92,"미장",'09_CF_원금'!$A$6:$A$92,"<="&$A15) | Z15: =SUMIFS('09_CF_원금'!$E$6:$E$92,'09_CF_원금'!$D$6:$D$92,"ISA",'09_CF_원금'!$A$6:$A$92,"<="&$A15)-SUMIFS('09_CF_원금'!$E$6:$E$92,'09_CF_원금'!$C$6:$C$92,"ISA",'09_CF_원금'!$A$6:$A$92,"<="&$A15) | AA15: =IF($A15="","",X15+Y15+Z15+SUMIFS('09_CF_원금'!$E$6:$E$92,'09_CF_원금'!$D$6:$D$92,"중국",'09_CF_원금'!$A$6:$A$92,"<="&$A15)-SUMIFS('09_CF_원금'!$E$6:$E$92,'09_CF_원금'!$C$6:$C$92,"중국",'09_CF_원금'!$A$6:$A$92,"<="&$A15)+SUMIFS('09_CF_원금'!$E$6:$E$92,'09_CF_원금'!$D$6:$D$92,"업비트",'09_CF_원금'!$A$6:$A$92,"<="&$A15)-SUMIFS('09_CF_원금'!$E$6:$E$92,'09_CF_원금'!$C$6:$C$92,"업비트",'09_CF_원금'!$A$6:$A$92,"<="&$A15)) | AB15: =IF(OR(U15="",V15=""),"",U15-(V15-IF(S15="",0,S15))) | AC15: =IF(AB15="","",T15+AB15) | AD15: =IF(B15="","",MAX($B$5:B15)) | AE15: 25456.75 | AF15: 142830222 | AG15: 110805230 | AH15: 27430808 | AI15: 4594184 | AJ15: =IF($A15="","",YEAR($A15)*100+MONTH($A15)) | AK15: =IF($A15="","",IF($N15="",0,1))
A16: 46023 | B16: =IF(V16<>"",V16-T16,IF(AF16<>"",AA16+AF16,"")) | C16: =IF(OR(B16="",B15=""),"",B16-B15) | D16: =IF(OR(B16="",AA16=""),"",B16-AA16) | E16: =IF(OR(B16="",AD16=0),"",MIN(0,B16/AD16-1)) | F16: =IF(OR(U16="",T16=0,T16=""),"",(P16-T16*1.4)/U16) | G16: =IF(OR(AC16="",'09_CF_원금'!$B$108=0),"",AC16/'09_CF_원금'!$B$108) | H16: =IF(OR(U16="",U16=0,AC16=""),"",AC16/U16) | I16: =IF(OR(S16="",U16=""),"",S16/(U16+S16)) | J16: =IF(W16<>"",W16-X16,IF(AG16<>"",AG16,"")) | K16: =IF(Q16<>"",Q16-Y16,IF(AH16<>"",AH16,"")) | L16: =IF(R16<>"",R16-Z16,IF(AI16<>"",AI16,"")) | Q16: =IF($A16="","",IF(Q15="","",Q15)) | R16: =IF($A16="","",IF(R15="","",R15)) | S16: =IF($A16="","",IF(S15="","",S15)) | T16: =IF(OR(P16="",W16=""),"",P16-W16) | U16: =IF($A16="","",IF(U15="","",U15)) | V16: =IF(P16="","",P16+IF(Q16="",0,Q16)+IF(R16="",0,R16)) | X16: =SUMIFS('09_CF_원금'!$E$6:$E$92,'09_CF_원금'!$D$6:$D$92,"국장",'09_CF_원금'!$A$6:$A$92,"<="&$A16)-SUMIFS('09_CF_원금'!$E$6:$E$92,'09_CF_원금'!$C$6:$C$92,"국장",'09_CF_원금'!$A$6:$A$92,"<="&$A16) | Y16: =SUMIFS('09_CF_원금'!$E$6:$E$92,'09_CF_원금'!$D$6:$D$92,"미장",'09_CF_원금'!$A$6:$A$92,"<="&$A16)-SUMIFS('09_CF_원금'!$E$6:$E$92,'09_CF_원금'!$C$6:$C$92,"미장",'09_CF_원금'!$A$6:$A$92,"<="&$A16) | Z16: =SUMIFS('09_CF_원금'!$E$6:$E$92,'09_CF_원금'!$D$6:$D$92,"ISA",'09_CF_원금'!$A$6:$A$92,"<="&$A16)-SUMIFS('09_CF_원금'!$E$6:$E$92,'09_CF_원금'!$C$6:$C$92,"ISA",'09_CF_원금'!$A$6:$A$92,"<="&$A16) | AA16: =IF($A16="","",X16+Y16+Z16+SUMIFS('09_CF_원금'!$E$6:$E$92,'09_CF_원금'!$D$6:$D$92,"중국",'09_CF_원금'!$A$6:$A$92,"<="&$A16)-SUMIFS('09_CF_원금'!$E$6:$E$92,'09_CF_원금'!$C$6:$C$92,"중국",'09_CF_원금'!$A$6:$A$92,"<="&$A16)+SUMIFS('09_CF_원금'!$E$6:$E$92,'09_CF_원금'!$D$6:$D$92,"업비트",'09_CF_원금'!$A$6:$A$92,"<="&$A16)-SUMIFS('09_CF_원금'!$E$6:$E$92,'09_CF_원금'!$C$6:$C$92,"업비트",'09_CF_원금'!$A$6:$A$92,"<="&$A16)) | AB16: =IF(OR(U16="",V16=""),"",U16-(V16-IF(S16="",0,S16))) | AC16: =IF(AB16="","",T16+AB16) | AD16: =IF(B16="","",MAX($B$5:B16)) | AJ16: =IF($A16="","",YEAR($A16)*100+MONTH($A16)) | AK16: =IF($A16="","",IF($N16="",0,1))
A17: 46024 | B17: =IF(V17<>"",V17-T17,IF(AF17<>"",AA17+AF17,"")) | C17: =IF(OR(B17="",B16=""),"",B17-B16) | D17: =IF(OR(B17="",AA17=""),"",B17-AA17) | E17: =IF(OR(B17="",AD17=0),"",MIN(0,B17/AD17-1)) | F17: =IF(OR(U17="",T17=0,T17=""),"",(P17-T17*1.4)/U17) | G17: =IF(OR(AC17="",'09_CF_원금'!$B$108=0),"",AC17/'09_CF_원금'!$B$108) | H17: =IF(OR(U17="",U17=0,AC17=""),"",AC17/U17) | I17: =IF(OR(S17="",U17=""),"",S17/(U17+S17)) | J17: =IF(W17<>"",W17-X17,IF(AG17<>"",AG17,"")) | K17: =IF(Q17<>"",Q17-Y17,IF(AH17<>"",AH17,"")) | L17: =IF(R17<>"",R17-Z17,IF(AI17<>"",AI17,"")) | Q17: =IF($A17="","",IF(Q16="","",Q16)) | R17: =IF($A17="","",IF(R16="","",R16)) | S17: =IF($A17="","",IF(S16="","",S16)) | T17: =IF(OR(P17="",W17=""),"",P17-W17) | U17: =IF($A17="","",IF(U16="","",U16)) | V17: =IF(P17="","",P17+IF(Q17="",0,Q17)+IF(R17="",0,R17)) | X17: =SUMIFS('09_CF_원금'!$E$6:$E$92,'09_CF_원금'!$D$6:$D$92,"국장",'09_CF_원금'!$A$6:$A$92,"<="&$A17)-SUMIFS('09_CF_원금'!$E$6:$E$92,'09_CF_원금'!$C$6:$C$92,"국장",'09_CF_원금'!$A$6:$A$92,"<="&$A17) | Y17: =SUMIFS('09_CF_원금'!$E$6:$E$92,'09_CF_원금'!$D$6:$D$92,"미장",'09_CF_원금'!$A$6:$A$92,"<="&$A17)-SUMIFS('09_CF_원금'!$E$6:$E$92,'09_CF_원금'!$C$6:$C$92,"미장",'09_CF_원금'!$A$6:$A$92,"<="&$A17) | Z17: =SUMIFS('09_CF_원금'!$E$6:$E$92,'09_CF_원금'!$D$6:$D$92,"ISA",'09_CF_원금'!$A$6:$A$92,"<="&$A17)-SUMIFS('09_CF_원금'!$E$6:$E$92,'09_CF_원금'!$C$6:$C$92,"ISA",'09_CF_원금'!$A$6:$A$92,"<="&$A17) | AA17: =IF($A17="","",X17+Y17+Z17+SUMIFS('09_CF_원금'!$E$6:$E$92,'09_CF_원금'!$D$6:$D$92,"중국",'09_CF_원금'!$A$6:$A$92,"<="&$A17)-SUMIFS('09_CF_원금'!$E$6:$E$92,'09_CF_원금'!$C$6:$C$92,"중국",'09_CF_원금'!$A$6:$A$92,"<="&$A17)+SUMIFS('09_CF_원금'!$E$6:$E$92,'09_CF_원금'!$D$6:$D$92,"업비트",'09_CF_원금'!$A$6:$A$92,"<="&$A17)-SUMIFS('09_CF_원금'!$E$6:$E$92,'09_CF_원금'!$C$6:$C$92,"업비트",'09_CF_원금'!$A$6:$A$92,"<="&$A17)) | AB17: =IF(OR(U17="",V17=""),"",U17-(V17-IF(S17="",0,S17))) | AC17: =IF(AB17="","",T17+AB17) | AD17: =IF(B17="","",MAX($B$5:B17)) | AE17: 25385.25 | AF17: 151585850 | AG17: 113696755 | AH17: 31925364 | AI17: 5280829 | AJ17: =IF($A17="","",YEAR($A17)*100+MONTH($A17)) | AK17: =IF($A17="","",IF($N17="",0,1))
A18: 46027 | B18: =IF(V18<>"",V18-T18,IF(AF18<>"",AA18+AF18,"")) | C18: =IF(OR(B18="",B17=""),"",B18-B17) | D18: =IF(OR(B18="",AA18=""),"",B18-AA18) | E18: =IF(OR(B18="",AD18=0),"",MIN(0,B18/AD18-1)) | F18: =IF(OR(U18="",T18=0,T18=""),"",(P18-T18*1.4)/U18) | G18: =IF(OR(AC18="",'09_CF_원금'!$B$108=0),"",AC18/'09_CF_원금'!$B$108) | H18: =IF(OR(U18="",U18=0,AC18=""),"",AC18/U18) | I18: =IF(OR(S18="",U18=""),"",S18/(U18+S18)) | J18: =IF(W18<>"",W18-X18,IF(AG18<>"",AG18,"")) | K18: =IF(Q18<>"",Q18-Y18,IF(AH18<>"",AH18,"")) | L18: =IF(R18<>"",R18-Z18,IF(AI18<>"",AI18,"")) | Q18: =IF($A18="","",IF(Q17="","",Q17)) | R18: =IF($A18="","",IF(R17="","",R17)) | S18: =IF($A18="","",IF(S17="","",S17)) | T18: =IF(OR(P18="",W18=""),"",P18-W18) | U18: =IF($A18="","",IF(U17="","",U17)) | V18: =IF(P18="","",P18+IF(Q18="",0,Q18)+IF(R18="",0,R18)) | X18: =SUMIFS('09_CF_원금'!$E$6:$E$92,'09_CF_원금'!$D$6:$D$92,"국장",'09_CF_원금'!$A$6:$A$92,"<="&$A18)-SUMIFS('09_CF_원금'!$E$6:$E$92,'09_CF_원금'!$C$6:$C$92,"국장",'09_CF_원금'!$A$6:$A$92,"<="&$A18) | Y18: =SUMIFS('09_CF_원금'!$E$6:$E$92,'09_CF_원금'!$D$6:$D$92,"미장",'09_CF_원금'!$A$6:$A$92,"<="&$A18)-SUMIFS('09_CF_원금'!$E$6:$E$92,'09_CF_원금'!$C$6:$C$92,"미장",'09_CF_원금'!$A$6:$A$92,"<="&$A18) | Z18: =SUMIFS('09_CF_원금'!$E$6:$E$92,'09_CF_원금'!$D$6:$D$92,"ISA",'09_CF_원금'!$A$6:$A$92,"<="&$A18)-SUMIFS('09_CF_원금'!$E$6:$E$92,'09_CF_원금'!$C$6:$C$92,"ISA",'09_CF_원금'!$A$6:$A$92,"<="&$A18) | AA18: =IF($A18="","",X18+Y18+Z18+SUMIFS('09_CF_원금'!$E$6:$E$92,'09_CF_원금'!$D$6:$D$92,"중국",'09_CF_원금'!$A$6:$A$92,"<="&$A18)-SUMIFS('09_CF_원금'!$E$6:$E$92,'09_CF_원금'!$C$6:$C$92,"중국",'09_CF_원금'!$A$6:$A$92,"<="&$A18)+SUMIFS('09_CF_원금'!$E$6:$E$92,'09_CF_원금'!$D$6:$D$92,"업비트",'09_CF_원금'!$A$6:$A$92,"<="&$A18)-SUMIFS('09_CF_원금'!$E$6:$E$92,'09_CF_원금'!$C$6:$C$92,"업비트",'09_CF_원금'!$A$6:$A$92,"<="&$A18)) | AB18: =IF(OR(U18="",V18=""),"",U18-(V18-IF(S18="",0,S18))) | AC18: =IF(AB18="","",T18+AB18) | AD18: =IF(B18="","",MAX($B$5:B18)) | AJ18: =IF($A18="","",YEAR($A18)*100+MONTH($A18)) | AK18: =IF($A18="","",IF($N18="",0,1))
A19: 46028 | B19: =IF(V19<>"",V19-T19,IF(AF19<>"",AA19+AF19,"")) | C19: =IF(OR(B19="",B18=""),"",B19-B18) | D19: =IF(OR(B19="",AA19=""),"",B19-AA19) | E19: =IF(OR(B19="",AD19=0),"",MIN(0,B19/AD19-1)) | F19: =IF(OR(U19="",T19=0,T19=""),"",(P19-T19*1.4)/U19) | G19: =IF(OR(AC19="",'09_CF_원금'!$B$108=0),"",AC19/'09_CF_원금'!$B$108) | H19: =IF(OR(U19="",U19=0,AC19=""),"",AC19/U19) | I19: =IF(OR(S19="",U19=""),"",S19/(U19+S19)) | J19: =IF(W19<>"",W19-X19,IF(AG19<>"",AG19,"")) | K19: =IF(Q19<>"",Q19-Y19,IF(AH19<>"",AH19,"")) | L19: =IF(R19<>"",R19-Z19,IF(AI19<>"",AI19,"")) | Q19: =IF($A19="","",IF(Q18="","",Q18)) | R19: =IF($A19="","",IF(R18="","",R18)) | S19: =IF($A19="","",IF(S18="","",S18)) | T19: =IF(OR(P19="",W19=""),"",P19-W19) | U19: =IF($A19="","",IF(U18="","",U18)) | V19: =IF(P19="","",P19+IF(Q19="",0,Q19)+IF(R19="",0,R19)) | X19: =SUMIFS('09_CF_원금'!$E$6:$E$92,'09_CF_원금'!$D$6:$D$92,"국장",'09_CF_원금'!$A$6:$A$92,"<="&$A19)-SUMIFS('09_CF_원금'!$E$6:$E$92,'09_CF_원금'!$C$6:$C$92,"국장",'09_CF_원금'!$A$6:$A$92,"<="&$A19) | Y19: =SUMIFS('09_CF_원금'!$E$6:$E$92,'09_CF_원금'!$D$6:$D$92,"미장",'09_CF_원금'!$A$6:$A$92,"<="&$A19)-SUMIFS('09_CF_원금'!$E$6:$E$92,'09_CF_원금'!$C$6:$C$92,"미장",'09_CF_원금'!$A$6:$A$92,"<="&$A19) | Z19: =SUMIFS('09_CF_원금'!$E$6:$E$92,'09_CF_원금'!$D$6:$D$92,"ISA",'09_CF_원금'!$A$6:$A$92,"<="&$A19)-SUMIFS('09_CF_원금'!$E$6:$E$92,'09_CF_원금'!$C$6:$C$92,"ISA",'09_CF_원금'!$A$6:$A$92,"<="&$A19) | AA19: =IF($A19="","",X19+Y19+Z19+SUMIFS('09_CF_원금'!$E$6:$E$92,'09_CF_원금'!$D$6:$D$92,"중국",'09_CF_원금'!$A$6:$A$92,"<="&$A19)-SUMIFS('09_CF_원금'!$E$6:$E$92,'09_CF_원금'!$C$6:$C$92,"중국",'09_CF_원금'!$A$6:$A$92,"<="&$A19)+SUMIFS('09_CF_원금'!$E$6:$E$92,'09_CF_원금'!$D$6:$D$92,"업비트",'09_CF_원금'!$A$6:$A$92,"<="&$A19)-SUMIFS('09_CF_원금'!$E$6:$E$92,'09_CF_원금'!$C$6:$C$92,"업비트",'09_CF_원금'!$A$6:$A$92,"<="&$A19)) | AB19: =IF(OR(U19="",V19=""),"",U19-(V19-IF(S19="",0,S19))) | AC19: =IF(AB19="","",T19+AB19) | AD19: =IF(B19="","",MAX($B$5:B19)) | AE19: 25830 | AF19: 178746935 | AG19: 133878053 | AH19: 37408859 | AI19: 6973590 | AJ19: =IF($A19="","",YEAR($A19)*100+MONTH($A19)) | AK19: =IF($A19="","",IF($N19="",0,1))
A20: 46029 | B20: =IF(V20<>"",V20-T20,IF(AF20<>"",AA20+AF20,"")) | C20: =IF(OR(B20="",B19=""),"",B20-B19) | D20: =IF(OR(B20="",AA20=""),"",B20-AA20) | E20: =IF(OR(B20="",AD20=0),"",MIN(0,B20/AD20-1)) | F20: =IF(OR(U20="",T20=0,T20=""),"",(P20-T20*1.4)/U20) | G20: =IF(OR(AC20="",'09_CF_원금'!$B$108=0),"",AC20/'09_CF_원금'!$B$108) | H20: =IF(OR(U20="",U20=0,AC20=""),"",AC20/U20) | I20: =IF(OR(S20="",U20=""),"",S20/(U20+S20)) | J20: =IF(W20<>"",W20-X20,IF(AG20<>"",AG20,"")) | K20: =IF(Q20<>"",Q20-Y20,IF(AH20<>"",AH20,"")) | L20: =IF(R20<>"",R20-Z20,IF(AI20<>"",AI20,"")) | Q20: =IF($A20="","",IF(Q19="","",Q19)) | R20: =IF($A20="","",IF(R19="","",R19)) | S20: =IF($A20="","",IF(S19="","",S19)) | T20: =IF(OR(P20="",W20=""),"",P20-W20) | U20: =IF($A20="","",IF(U19="","",U19)) | V20: =IF(P20="","",P20+IF(Q20="",0,Q20)+IF(R20="",0,R20)) | X20: =SUMIFS('09_CF_원금'!$E$6:$E$92,'09_CF_원금'!$D$6:$D$92,"국장",'09_CF_원금'!$A$6:$A$92,"<="&$A20)-SUMIFS('09_CF_원금'!$E$6:$E$92,'09_CF_원금'!$C$6:$C$92,"국장",'09_CF_원금'!$A$6:$A$92,"<="&$A20) | Y20: =SUMIFS('09_CF_원금'!$E$6:$E$92,'09_CF_원금'!$D$6:$D$92,"미장",'09_CF_원금'!$A$6:$A$92,"<="&$A20)-SUMIFS('09_CF_원금'!$E$6:$E$92,'09_CF_원금'!$C$6:$C$92,"미장",'09_CF_원금'!$A$6:$A$92,"<="&$A20) | Z20: =SUMIFS('09_CF_원금'!$E$6:$E$92,'09_CF_원금'!$D$6:$D$92,"ISA",'09_CF_원금'!$A$6:$A$92,"<="&$A20)-SUMIFS('09_CF_원금'!$E$6:$E$92,'09_CF_원금'!$C$6:$C$92,"ISA",'09_CF_원금'!$A$6:$A$92,"<="&$A20) | AA20: =IF($A20="","",X20+Y20+Z20+SUMIFS('09_CF_원금'!$E$6:$E$92,'09_CF_원금'!$D$6:$D$92,"중국",'09_CF_원금'!$A$6:$A$92,"<="&$A20)-SUMIFS('09_CF_원금'!$E$6:$E$92,'09_CF_원금'!$C$6:$C$92,"중국",'09_CF_원금'!$A$6:$A$92,"<="&$A20)+SUMIFS('09_CF_원금'!$E$6:$E$92,'09_CF_원금'!$D$6:$D$92,"업비트",'09_CF_원금'!$A$6:$A$92,"<="&$A20)-SUMIFS('09_CF_원금'!$E$6:$E$92,'09_CF_원금'!$C$6:$C$92,"업비트",'09_CF_원금'!$A$6:$A$92,"<="&$A20)) | AB20: =IF(OR(U20="",V20=""),"",U20-(V20-IF(S20="",0,S20))) | AC20: =IF(AB20="","",T20+AB20) | AD20: =IF(B20="","",MAX($B$5:B20)) | AJ20: =IF($A20="","",YEAR($A20)*100+MONTH($A20)) | AK20: =IF($A20="","",IF($N20="",0,1))
A21: 46030 | B21: =IF(V21<>"",V21-T21,IF(AF21<>"",AA21+AF21,"")) | C21: =IF(OR(B21="",B20=""),"",B21-B20) | D21: =IF(OR(B21="",AA21=""),"",B21-AA21) | E21: =IF(OR(B21="",AD21=0),"",MIN(0,B21/AD21-1)) | F21: =IF(OR(U21="",T21=0,T21=""),"",(P21-T21*1.4)/U21) | G21: =IF(OR(AC21="",'09_CF_원금'!$B$108=0),"",AC21/'09_CF_원금'!$B$108) | H21: =IF(OR(U21="",U21=0,AC21=""),"",AC21/U21) | I21: =IF(OR(S21="",U21=""),"",S21/(U21+S21)) | J21: =IF(W21<>"",W21-X21,IF(AG21<>"",AG21,"")) | K21: =IF(Q21<>"",Q21-Y21,IF(AH21<>"",AH21,"")) | L21: =IF(R21<>"",R21-Z21,IF(AI21<>"",AI21,"")) | Q21: =IF($A21="","",IF(Q20="","",Q20)) | R21: =IF($A21="","",IF(R20="","",R20)) | S21: =IF($A21="","",IF(S20="","",S20)) | T21: =IF(OR(P21="",W21=""),"",P21-W21) | U21: =IF($A21="","",IF(U20="","",U20)) | V21: =IF(P21="","",P21+IF(Q21="",0,Q21)+IF(R21="",0,R21)) | X21: =SUMIFS('09_CF_원금'!$E$6:$E$92,'09_CF_원금'!$D$6:$D$92,"국장",'09_CF_원금'!$A$6:$A$92,"<="&$A21)-SUMIFS('09_CF_원금'!$E$6:$E$92,'09_CF_원금'!$C$6:$C$92,"국장",'09_CF_원금'!$A$6:$A$92,"<="&$A21) | Y21: =SUMIFS('09_CF_원금'!$E$6:$E$92,'09_CF_원금'!$D$6:$D$92,"미장",'09_CF_원금'!$A$6:$A$92,"<="&$A21)-SUMIFS('09_CF_원금'!$E$6:$E$92,'09_CF_원금'!$C$6:$C$92,"미장",'09_CF_원금'!$A$6:$A$92,"<="&$A21) | Z21: =SUMIFS('09_CF_원금'!$E$6:$E$92,'09_CF_원금'!$D$6:$D$92,"ISA",'09_CF_원금'!$A$6:$A$92,"<="&$A21)-SUMIFS('09_CF_원금'!$E$6:$E$92,'09_CF_원금'!$C$6:$C$92,"ISA",'09_CF_원금'!$A$6:$A$92,"<="&$A21) | AA21: =IF($A21="","",X21+Y21+Z21+SUMIFS('09_CF_원금'!$E$6:$E$92,'09_CF_원금'!$D$6:$D$92,"중국",'09_CF_원금'!$A$6:$A$92,"<="&$A21)-SUMIFS('09_CF_원금'!$E$6:$E$92,'09_CF_원금'!$C$6:$C$92,"중국",'09_CF_원금'!$A$6:$A$92,"<="&$A21)+SUMIFS('09_CF_원금'!$E$6:$E$92,'09_CF_원금'!$D$6:$D$92,"업비트",'09_CF_원금'!$A$6:$A$92,"<="&$A21)-SUMIFS('09_CF_원금'!$E$6:$E$92,'09_CF_원금'!$C$6:$C$92,"업비트",'09_CF_원금'!$A$6:$A$92,"<="&$A21)) | AB21: =IF(OR(U21="",V21=""),"",U21-(V21-IF(S21="",0,S21))) | AC21: =IF(AB21="","",T21+AB21) | AD21: =IF(B21="","",MAX($B$5:B21)) | AJ21: =IF($A21="","",YEAR($A21)*100+MONTH($A21)) | AK21: =IF($A21="","",IF($N21="",0,1))
A22: 46031 | B22: =IF(V22<>"",V22-T22,IF(AF22<>"",AA22+AF22,"")) | C22: =IF(OR(B22="",B21=""),"",B22-B21) | D22: =IF(OR(B22="",AA22=""),"",B22-AA22) | E22: =IF(OR(B22="",AD22=0),"",MIN(0,B22/AD22-1)) | F22: =IF(OR(U22="",T22=0,T22=""),"",(P22-T22*1.4)/U22) | G22: =IF(OR(AC22="",'09_CF_원금'!$B$108=0),"",AC22/'09_CF_원금'!$B$108) | H22: =IF(OR(U22="",U22=0,AC22=""),"",AC22/U22) | I22: =IF(OR(S22="",U22=""),"",S22/(U22+S22)) | J22: =IF(W22<>"",W22-X22,IF(AG22<>"",AG22,"")) | K22: =IF(Q22<>"",Q22-Y22,IF(AH22<>"",AH22,"")) | L22: =IF(R22<>"",R22-Z22,IF(AI22<>"",AI22,"")) | Q22: =IF($A22="","",IF(Q21="","",Q21)) | R22: =IF($A22="","",IF(R21="","",R21)) | S22: =IF($A22="","",IF(S21="","",S21)) | T22: =IF(OR(P22="",W22=""),"",P22-W22) | U22: =IF($A22="","",IF(U21="","",U21)) | V22: =IF(P22="","",P22+IF(Q22="",0,Q22)+IF(R22="",0,R22)) | X22: =SUMIFS('09_CF_원금'!$E$6:$E$92,'09_CF_원금'!$D$6:$D$92,"국장",'09_CF_원금'!$A$6:$A$92,"<="&$A22)-SUMIFS('09_CF_원금'!$E$6:$E$92,'09_CF_원금'!$C$6:$C$92,"국장",'09_CF_원금'!$A$6:$A$92,"<="&$A22) | Y22: =SUMIFS('09_CF_원금'!$E$6:$E$92,'09_CF_원금'!$D$6:$D$92,"미장",'09_CF_원금'!$A$6:$A$92,"<="&$A22)-SUMIFS('09_CF_원금'!$E$6:$E$92,'09_CF_원금'!$C$6:$C$92,"미장",'09_CF_원금'!$A$6:$A$92,"<="&$A22) | Z22: =SUMIFS('09_CF_원금'!$E$6:$E$92,'09_CF_원금'!$D$6:$D$92,"ISA",'09_CF_원금'!$A$6:$A$92,"<="&$A22)-SUMIFS('09_CF_원금'!$E$6:$E$92,'09_CF_원금'!$C$6:$C$92,"ISA",'09_CF_원금'!$A$6:$A$92,"<="&$A22) | AA22: =IF($A22="","",X22+Y22+Z22+SUMIFS('09_CF_원금'!$E$6:$E$92,'09_CF_원금'!$D$6:$D$92,"중국",'09_CF_원금'!$A$6:$A$92,"<="&$A22)-SUMIFS('09_CF_원금'!$E$6:$E$92,'09_CF_원금'!$C$6:$C$92,"중국",'09_CF_원금'!$A$6:$A$92,"<="&$A22)+SUMIFS('09_CF_원금'!$E$6:$E$92,'09_CF_원금'!$D$6:$D$92,"업비트",'09_CF_원금'!$A$6:$A$92,"<="&$A22)-SUMIFS('09_CF_원금'!$E$6:$E$92,'09_CF_원금'!$C$6:$C$92,"업비트",'09_CF_원금'!$A$6:$A$92,"<="&$A22)) | AB22: =IF(OR(U22="",V22=""),"",U22-(V22-IF(S22="",0,S22))) | AC22: =IF(AB22="","",T22+AB22) | AD22: =IF(B22="","",MAX($B$5:B22)) | AE22: 25938.25 | AF22: 200031674 | AG22: 153648785 | AH22: 38710402 | AI22: 7450286 | AJ22: =IF($A22="","",YEAR($A22)*100+MONTH($A22)) | AK22: =IF($A22="","",IF($N22="",0,1))
A23: 46034 | B23: =IF(V23<>"",V23-T23,IF(AF23<>"",AA23+AF23,"")) | C23: =IF(OR(B23="",B22=""),"",B23-B22) | D23: =IF(OR(B23="",AA23=""),"",B23-AA23) | E23: =IF(OR(B23="",AD23=0),"",MIN(0,B23/AD23-1)) | F23: =IF(OR(U23="",T23=0,T23=""),"",(P23-T23*1.4)/U23) | G23: =IF(OR(AC23="",'09_CF_원금'!$B$108=0),"",AC23/'09_CF_원금'!$B$108) | H23: =IF(OR(U23="",U23=0,AC23=""),"",AC23/U23) | I23: =IF(OR(S23="",U23=""),"",S23/(U23+S23)) | J23: =IF(W23<>"",W23-X23,IF(AG23<>"",AG23,"")) | K23: =IF(Q23<>"",Q23-Y23,IF(AH23<>"",AH23,"")) | L23: =IF(R23<>"",R23-Z23,IF(AI23<>"",AI23,"")) | Q23: =IF($A23="","",IF(Q22="","",Q22)) | R23: =IF($A23="","",IF(R22="","",R22)) | S23: =IF($A23="","",IF(S22="","",S22)) | T23: =IF(OR(P23="",W23=""),"",P23-W23) | U23: =IF($A23="","",IF(U22="","",U22)) | V23: =IF(P23="","",P23+IF(Q23="",0,Q23)+IF(R23="",0,R23)) | X23: =SUMIFS('09_CF_원금'!$E$6:$E$92,'09_CF_원금'!$D$6:$D$92,"국장",'09_CF_원금'!$A$6:$A$92,"<="&$A23)-SUMIFS('09_CF_원금'!$E$6:$E$92,'09_CF_원금'!$C$6:$C$92,"국장",'09_CF_원금'!$A$6:$A$92,"<="&$A23) | Y23: =SUMIFS('09_CF_원금'!$E$6:$E$92,'09_CF_원금'!$D$6:$D$92,"미장",'09_CF_원금'!$A$6:$A$92,"<="&$A23)-SUMIFS('09_CF_원금'!$E$6:$E$92,'09_CF_원금'!$C$6:$C$92,"미장",'09_CF_원금'!$A$6:$A$92,"<="&$A23) | Z23: =SUMIFS('09_CF_원금'!$E$6:$E$92,'09_CF_원금'!$D$6:$D$92,"ISA",'09_CF_원금'!$A$6:$A$92,"<="&$A23)-SUMIFS('09_CF_원금'!$E$6:$E$92,'09_CF_원금'!$C$6:$C$92,"ISA",'09_CF_원금'!$A$6:$A$92,"<="&$A23) | AA23: =IF($A23="","",X23+Y23+Z23+SUMIFS('09_CF_원금'!$E$6:$E$92,'09_CF_원금'!$D$6:$D$92,"중국",'09_CF_원금'!$A$6:$A$92,"<="&$A23)-SUMIFS('09_CF_원금'!$E$6:$E$92,'09_CF_원금'!$C$6:$C$92,"중국",'09_CF_원금'!$A$6:$A$92,"<="&$A23)+SUMIFS('09_CF_원금'!$E$6:$E$92,'09_CF_원금'!$D$6:$D$92,"업비트",'09_CF_원금'!$A$6:$A$92,"<="&$A23)-SUMIFS('09_CF_원금'!$E$6:$E$92,'09_CF_원금'!$C$6:$C$92,"업비트",'09_CF_원금'!$A$6:$A$92,"<="&$A23)) | AB23: =IF(OR(U23="",V23=""),"",U23-(V23-IF(S23="",0,S23))) | AC23: =IF(AB23="","",T23+AB23) | AD23: =IF(B23="","",MAX($B$5:B23)) | AJ23: =IF($A23="","",YEAR($A23)*100+MONTH($A23)) | AK23: =IF($A23="","",IF($N23="",0,1))
A24: 46035 | B24: =IF(V24<>"",V24-T24,IF(AF24<>"",AA24+AF24,"")) | C24: =IF(OR(B24="",B23=""),"",B24-B23) | D24: =IF(OR(B24="",AA24=""),"",B24-AA24) | E24: =IF(OR(B24="",AD24=0),"",MIN(0,B24/AD24-1)) | F24: =IF(OR(U24="",T24=0,T24=""),"",(P24-T24*1.4)/U24) | G24: =IF(OR(AC24="",'09_CF_원금'!$B$108=0),"",AC24/'09_CF_원금'!$B$108) | H24: =IF(OR(U24="",U24=0,AC24=""),"",AC24/U24) | I24: =IF(OR(S24="",U24=""),"",S24/(U24+S24)) | J24: =IF(W24<>"",W24-X24,IF(AG24<>"",AG24,"")) | K24: =IF(Q24<>"",Q24-Y24,IF(AH24<>"",AH24,"")) | L24: =IF(R24<>"",R24-Z24,IF(AI24<>"",AI24,"")) | Q24: =IF($A24="","",IF(Q23="","",Q23)) | R24: =IF($A24="","",IF(R23="","",R23)) | S24: =IF($A24="","",IF(S23="","",S23)) | T24: =IF(OR(P24="",W24=""),"",P24-W24) | U24: =IF($A24="","",IF(U23="","",U23)) | V24: =IF(P24="","",P24+IF(Q24="",0,Q24)+IF(R24="",0,R24)) | X24: =SUMIFS('09_CF_원금'!$E$6:$E$92,'09_CF_원금'!$D$6:$D$92,"국장",'09_CF_원금'!$A$6:$A$92,"<="&$A24)-SUMIFS('09_CF_원금'!$E$6:$E$92,'09_CF_원금'!$C$6:$C$92,"국장",'09_CF_원금'!$A$6:$A$92,"<="&$A24) | Y24: =SUMIFS('09_CF_원금'!$E$6:$E$92,'09_CF_원금'!$D$6:$D$92,"미장",'09_CF_원금'!$A$6:$A$92,"<="&$A24)-SUMIFS('09_CF_원금'!$E$6:$E$92,'09_CF_원금'!$C$6:$C$92,"미장",'09_CF_원금'!$A$6:$A$92,"<="&$A24) | Z24: =SUMIFS('09_CF_원금'!$E$6:$E$92,'09_CF_원금'!$D$6:$D$92,"ISA",'09_CF_원금'!$A$6:$A$92,"<="&$A24)-SUMIFS('09_CF_원금'!$E$6:$E$92,'09_CF_원금'!$C$6:$C$92,"ISA",'09_CF_원금'!$A$6:$A$92,"<="&$A24) | AA24: =IF($A24="","",X24+Y24+Z24+SUMIFS('09_CF_원금'!$E$6:$E$92,'09_CF_원금'!$D$6:$D$92,"중국",'09_CF_원금'!$A$6:$A$92,"<="&$A24)-SUMIFS('09_CF_원금'!$E$6:$E$92,'09_CF_원금'!$C$6:$C$92,"중국",'09_CF_원금'!$A$6:$A$92,"<="&$A24)+SUMIFS('09_CF_원금'!$E$6:$E$92,'09_CF_원금'!$D$6:$D$92,"업비트",'09_CF_원금'!$A$6:$A$92,"<="&$A24)-SUMIFS('09_CF_원금'!$E$6:$E$92,'09_CF_원금'!$C$6:$C$92,"업비트",'09_CF_원금'!$A$6:$A$92,"<="&$A24)) | AB24: =IF(OR(U24="",V24=""),"",U24-(V24-IF(S24="",0,S24))) | AC24: =IF(AB24="","",T24+AB24) | AD24: =IF(B24="","",MAX($B$5:B24)) | AE24: 25896.75 | AF24: 187489663 | AG24: 133885826 | AH24: 45222364 | AI24: 8381473 | AJ24: =IF($A24="","",YEAR($A24)*100+MONTH($A24)) | AK24: =IF($A24="","",IF($N24="",0,1))
A25: 46036 | B25: =IF(V25<>"",V25-T25,IF(AF25<>"",AA25+AF25,"")) | C25: =IF(OR(B25="",B24=""),"",B25-B24) | D25: =IF(OR(B25="",AA25=""),"",B25-AA25) | E25: =IF(OR(B25="",AD25=0),"",MIN(0,B25/AD25-1)) | F25: =IF(OR(U25="",T25=0,T25=""),"",(P25-T25*1.4)/U25) | G25: =IF(OR(AC25="",'09_CF_원금'!$B$108=0),"",AC25/'09_CF_원금'!$B$108) | H25: =IF(OR(U25="",U25=0,AC25=""),"",AC25/U25) | I25: =IF(OR(S25="",U25=""),"",S25/(U25+S25)) | J25: =IF(W25<>"",W25-X25,IF(AG25<>"",AG25,"")) | K25: =IF(Q25<>"",Q25-Y25,IF(AH25<>"",AH25,"")) | L25: =IF(R25<>"",R25-Z25,IF(AI25<>"",AI25,"")) | Q25: =IF($A25="","",IF(Q24="","",Q24)) | R25: =IF($A25="","",IF(R24="","",R24)) | S25: =IF($A25="","",IF(S24="","",S24)) | T25: =IF(OR(P25="",W25=""),"",P25-W25) | U25: =IF($A25="","",IF(U24="","",U24)) | V25: =IF(P25="","",P25+IF(Q25="",0,Q25)+IF(R25="",0,R25)) | X25: =SUMIFS('09_CF_원금'!$E$6:$E$92,'09_CF_원금'!$D$6:$D$92,"국장",'09_CF_원금'!$A$6:$A$92,"<="&$A25)-SUMIFS('09_CF_원금'!$E$6:$E$92,'09_CF_원금'!$C$6:$C$92,"국장",'09_CF_원금'!$A$6:$A$92,"<="&$A25) | Y25: =SUMIFS('09_CF_원금'!$E$6:$E$92,'09_CF_원금'!$D$6:$D$92,"미장",'09_CF_원금'!$A$6:$A$92,"<="&$A25)-SUMIFS('09_CF_원금'!$E$6:$E$92,'09_CF_원금'!$C$6:$C$92,"미장",'09_CF_원금'!$A$6:$A$92,"<="&$A25) | Z25: =SUMIFS('09_CF_원금'!$E$6:$E$92,'09_CF_원금'!$D$6:$D$92,"ISA",'09_CF_원금'!$A$6:$A$92,"<="&$A25)-SUMIFS('09_CF_원금'!$E$6:$E$92,'09_CF_원금'!$C$6:$C$92,"ISA",'09_CF_원금'!$A$6:$A$92,"<="&$A25) | AA25: =IF($A25="","",X25+Y25+Z25+SUMIFS('09_CF_원금'!$E$6:$E$92,'09_CF_원금'!$D$6:$D$92,"중국",'09_CF_원금'!$A$6:$A$92,"<="&$A25)-SUMIFS('09_CF_원금'!$E$6:$E$92,'09_CF_원금'!$C$6:$C$92,"중국",'09_CF_원금'!$A$6:$A$92,"<="&$A25)+SUMIFS('09_CF_원금'!$E$6:$E$92,'09_CF_원금'!$D$6:$D$92,"업비트",'09_CF_원금'!$A$6:$A$92,"<="&$A25)-SUMIFS('09_CF_원금'!$E$6:$E$92,'09_CF_원금'!$C$6:$C$92,"업비트",'09_CF_원금'!$A$6:$A$92,"<="&$A25)) | AB25: =IF(OR(U25="",V25=""),"",U25-(V25-IF(S25="",0,S25))) | AC25: =IF(AB25="","",T25+AB25) | AD25: =IF(B25="","",MAX($B$5:B25)) | AJ25: =IF($A25="","",YEAR($A25)*100+MONTH($A25)) | AK25: =IF($A25="","",IF($N25="",0,1))
A26: 46037 | B26: =IF(V26<>"",V26-T26,IF(AF26<>"",AA26+AF26,"")) | C26: =IF(OR(B26="",B25=""),"",B26-B25) | D26: =IF(OR(B26="",AA26=""),"",B26-AA26) | E26: =IF(OR(B26="",AD26=0),"",MIN(0,B26/AD26-1)) | F26: =IF(OR(U26="",T26=0,T26=""),"",(P26-T26*1.4)/U26) | G26: =IF(OR(AC26="",'09_CF_원금'!$B$108=0),"",AC26/'09_CF_원금'!$B$108) | H26: =IF(OR(U26="",U26=0,AC26=""),"",AC26/U26) | I26: =IF(OR(S26="",U26=""),"",S26/(U26+S26)) | J26: =IF(W26<>"",W26-X26,IF(AG26<>"",AG26,"")) | K26: =IF(Q26<>"",Q26-Y26,IF(AH26<>"",AH26,"")) | L26: =IF(R26<>"",R26-Z26,IF(AI26<>"",AI26,"")) | Q26: =IF($A26="","",IF(Q25="","",Q25)) | R26: =IF($A26="","",IF(R25="","",R25)) | S26: =IF($A26="","",IF(S25="","",S25)) | T26: =IF(OR(P26="",W26=""),"",P26-W26) | U26: =IF($A26="","",IF(U25="","",U25)) | V26: =IF(P26="","",P26+IF(Q26="",0,Q26)+IF(R26="",0,R26)) | X26: =SUMIFS('09_CF_원금'!$E$6:$E$92,'09_CF_원금'!$D$6:$D$92,"국장",'09_CF_원금'!$A$6:$A$92,"<="&$A26)-SUMIFS('09_CF_원금'!$E$6:$E$92,'09_CF_원금'!$C$6:$C$92,"국장",'09_CF_원금'!$A$6:$A$92,"<="&$A26) | Y26: =SUMIFS('09_CF_원금'!$E$6:$E$92,'09_CF_원금'!$D$6:$D$92,"미장",'09_CF_원금'!$A$6:$A$92,"<="&$A26)-SUMIFS('09_CF_원금'!$E$6:$E$92,'09_CF_원금'!$C$6:$C$92,"미장",'09_CF_원금'!$A$6:$A$92,"<="&$A26) | Z26: =SUMIFS('09_CF_원금'!$E$6:$E$92,'09_CF_원금'!$D$6:$D$92,"ISA",'09_CF_원금'!$A$6:$A$92,"<="&$A26)-SUMIFS('09_CF_원금'!$E$6:$E$92,'09_CF_원금'!$C$6:$C$92,"ISA",'09_CF_원금'!$A$6:$A$92,"<="&$A26) | AA26: =IF($A26="","",X26+Y26+Z26+SUMIFS('09_CF_원금'!$E$6:$E$92,'09_CF_원금'!$D$6:$D$92,"중국",'09_CF_원금'!$A$6:$A$92,"<="&$A26)-SUMIFS('09_CF_원금'!$E$6:$E$92,'09_CF_원금'!$C$6:$C$92,"중국",'09_CF_원금'!$A$6:$A$92,"<="&$A26)+SUMIFS('09_CF_원금'!$E$6:$E$92,'09_CF_원금'!$D$6:$D$92,"업비트",'09_CF_원금'!$A$6:$A$92,"<="&$A26)-SUMIFS('09_CF_원금'!$E$6:$E$92,'09_CF_원금'!$C$6:$C$92,"업비트",'09_CF_원금'!$A$6:$A$92,"<="&$A26)) | AB26: =IF(OR(U26="",V26=""),"",U26-(V26-IF(S26="",0,S26))) | AC26: =IF(AB26="","",T26+AB26) | AD26: =IF(B26="","",MAX($B$5:B26)) | AJ26: =IF($A26="","",YEAR($A26)*100+MONTH($A26)) | AK26: =IF($A26="","",IF($N26="",0,1))
A27: 46038 | B27: =IF(V27<>"",V27-T27,IF(AF27<>"",AA27+AF27,"")) | C27: =IF(OR(B27="",B26=""),"",B27-B26) | D27: =IF(OR(B27="",AA27=""),"",B27-AA27) | E27: =IF(OR(B27="",AD27=0),"",MIN(0,B27/AD27-1)) | F27: =IF(OR(U27="",T27=0,T27=""),"",(P27-T27*1.4)/U27) | G27: =IF(OR(AC27="",'09_CF_원금'!$B$108=0),"",AC27/'09_CF_원금'!$B$108) | H27: =IF(OR(U27="",U27=0,AC27=""),"",AC27/U27) | I27: =IF(OR(S27="",U27=""),"",S27/(U27+S27)) | J27: =IF(W27<>"",W27-X27,IF(AG27<>"",AG27,"")) | K27: =IF(Q27<>"",Q27-Y27,IF(AH27<>"",AH27,"")) | L27: =IF(R27<>"",R27-Z27,IF(AI27<>"",AI27,"")) | Q27: =IF($A27="","",IF(Q26="","",Q26)) | R27: =IF($A27="","",IF(R26="","",R26)) | S27: =IF($A27="","",IF(S26="","",S26)) | T27: =IF(OR(P27="",W27=""),"",P27-W27) | U27: =IF($A27="","",IF(U26="","",U26)) | V27: =IF(P27="","",P27+IF(Q27="",0,Q27)+IF(R27="",0,R27)) | X27: =SUMIFS('09_CF_원금'!$E$6:$E$92,'09_CF_원금'!$D$6:$D$92,"국장",'09_CF_원금'!$A$6:$A$92,"<="&$A27)-SUMIFS('09_CF_원금'!$E$6:$E$92,'09_CF_원금'!$C$6:$C$92,"국장",'09_CF_원금'!$A$6:$A$92,"<="&$A27) | Y27: =SUMIFS('09_CF_원금'!$E$6:$E$92,'09_CF_원금'!$D$6:$D$92,"미장",'09_CF_원금'!$A$6:$A$92,"<="&$A27)-SUMIFS('09_CF_원금'!$E$6:$E$92,'09_CF_원금'!$C$6:$C$92,"미장",'09_CF_원금'!$A$6:$A$92,"<="&$A27) | Z27: =SUMIFS('09_CF_원금'!$E$6:$E$92,'09_CF_원금'!$D$6:$D$92,"ISA",'09_CF_원금'!$A$6:$A$92,"<="&$A27)-SUMIFS('09_CF_원금'!$E$6:$E$92,'09_CF_원금'!$C$6:$C$92,"ISA",'09_CF_원금'!$A$6:$A$92,"<="&$A27) | AA27: =IF($A27="","",X27+Y27+Z27+SUMIFS('09_CF_원금'!$E$6:$E$92,'09_CF_원금'!$D$6:$D$92,"중국",'09_CF_원금'!$A$6:$A$92,"<="&$A27)-SUMIFS('09_CF_원금'!$E$6:$E$92,'09_CF_원금'!$C$6:$C$92,"중국",'09_CF_원금'!$A$6:$A$92,"<="&$A27)+SUMIFS('09_CF_원금'!$E$6:$E$92,'09_CF_원금'!$D$6:$D$92,"업비트",'09_CF_원금'!$A$6:$A$92,"<="&$A27)-SUMIFS('09_CF_원금'!$E$6:$E$92,'09_CF_원금'!$C$6:$C$92,"업비트",'09_CF_원금'!$A$6:$A$92,"<="&$A27)) | AB27: =IF(OR(U27="",V27=""),"",U27-(V27-IF(S27="",0,S27))) | AC27: =IF(AB27="","",T27+AB27) | AD27: =IF(B27="","",MAX($B$5:B27)) | AJ27: =IF($A27="","",YEAR($A27)*100+MONTH($A27)) | AK27: =IF($A27="","",IF($N27="",0,1))
A28: 46041 | B28: =IF(V28<>"",V28-T28,IF(AF28<>"",AA28+AF28,"")) | C28: =IF(OR(B28="",B27=""),"",B28-B27) | D28: =IF(OR(B28="",AA28=""),"",B28-AA28) | E28: =IF(OR(B28="",AD28=0),"",MIN(0,B28/AD28-1)) | F28: =IF(OR(U28="",T28=0,T28=""),"",(P28-T28*1.4)/U28) | G28: =IF(OR(AC28="",'09_CF_원금'!$B$108=0),"",AC28/'09_CF_원금'!$B$108) | H28: =IF(OR(U28="",U28=0,AC28=""),"",AC28/U28) | I28: =IF(OR(S28="",U28=""),"",S28/(U28+S28)) | J28: =IF(W28<>"",W28-X28,IF(AG28<>"",AG28,"")) | K28: =IF(Q28<>"",Q28-Y28,IF(AH28<>"",AH28,"")) | L28: =IF(R28<>"",R28-Z28,IF(AI28<>"",AI28,"")) | Q28: =IF($A28="","",IF(Q27="","",Q27)) | R28: =IF($A28="","",IF(R27="","",R27)) | S28: =IF($A28="","",IF(S27="","",S27)) | T28: =IF(OR(P28="",W28=""),"",P28-W28) | U28: =IF($A28="","",IF(U27="","",U27)) | V28: =IF(P28="","",P28+IF(Q28="",0,Q28)+IF(R28="",0,R28)) | X28: =SUMIFS('09_CF_원금'!$E$6:$E$92,'09_CF_원금'!$D$6:$D$92,"국장",'09_CF_원금'!$A$6:$A$92,"<="&$A28)-SUMIFS('09_CF_원금'!$E$6:$E$92,'09_CF_원금'!$C$6:$C$92,"국장",'09_CF_원금'!$A$6:$A$92,"<="&$A28) | Y28: =SUMIFS('09_CF_원금'!$E$6:$E$92,'09_CF_원금'!$D$6:$D$92,"미장",'09_CF_원금'!$A$6:$A$92,"<="&$A28)-SUMIFS('09_CF_원금'!$E$6:$E$92,'09_CF_원금'!$C$6:$C$92,"미장",'09_CF_원금'!$A$6:$A$92,"<="&$A28) | Z28: =SUMIFS('09_CF_원금'!$E$6:$E$92,'09_CF_원금'!$D$6:$D$92,"ISA",'09_CF_원금'!$A$6:$A$92,"<="&$A28)-SUMIFS('09_CF_원금'!$E$6:$E$92,'09_CF_원금'!$C$6:$C$92,"ISA",'09_CF_원금'!$A$6:$A$92,"<="&$A28) | AA28: =IF($A28="","",X28+Y28+Z28+SUMIFS('09_CF_원금'!$E$6:$E$92,'09_CF_원금'!$D$6:$D$92,"중국",'09_CF_원금'!$A$6:$A$92,"<="&$A28)-SUMIFS('09_CF_원금'!$E$6:$E$92,'09_CF_원금'!$C$6:$C$92,"중국",'09_CF_원금'!$A$6:$A$92,"<="&$A28)+SUMIFS('09_CF_원금'!$E$6:$E$92,'09_CF_원금'!$D$6:$D$92,"업비트",'09_CF_원금'!$A$6:$A$92,"<="&$A28)-SUMIFS('09_CF_원금'!$E$6:$E$92,'09_CF_원금'!$C$6:$C$92,"업비트",'09_CF_원금'!$A$6:$A$92,"<="&$A28)) | AB28: =IF(OR(U28="",V28=""),"",U28-(V28-IF(S28="",0,S28))) | AC28: =IF(AB28="","",T28+AB28) | AD28: =IF(B28="","",MAX($B$5:B28)) | AJ28: =IF($A28="","",YEAR($A28)*100+MONTH($A28)) | AK28: =IF($A28="","",IF($N28="",0,1))
A29: 46042 | B29: =IF(V29<>"",V29-T29,IF(AF29<>"",AA29+AF29,"")) | C29: =IF(OR(B29="",B28=""),"",B29-B28) | D29: =IF(OR(B29="",AA29=""),"",B29-AA29) | E29: =IF(OR(B29="",AD29=0),"",MIN(0,B29/AD29-1)) | F29: =IF(OR(U29="",T29=0,T29=""),"",(P29-T29*1.4)/U29) | G29: =IF(OR(AC29="",'09_CF_원금'!$B$108=0),"",AC29/'09_CF_원금'!$B$108) | H29: =IF(OR(U29="",U29=0,AC29=""),"",AC29/U29) | I29: =IF(OR(S29="",U29=""),"",S29/(U29+S29)) | J29: =IF(W29<>"",W29-X29,IF(AG29<>"",AG29,"")) | K29: =IF(Q29<>"",Q29-Y29,IF(AH29<>"",AH29,"")) | L29: =IF(R29<>"",R29-Z29,IF(AI29<>"",AI29,"")) | Q29: =IF($A29="","",IF(Q28="","",Q28)) | R29: =IF($A29="","",IF(R28="","",R28)) | S29: =IF($A29="","",IF(S28="","",S28)) | T29: =IF(OR(P29="",W29=""),"",P29-W29) | U29: =IF($A29="","",IF(U28="","",U28)) | V29: =IF(P29="","",P29+IF(Q29="",0,Q29)+IF(R29="",0,R29)) | X29: =SUMIFS('09_CF_원금'!$E$6:$E$92,'09_CF_원금'!$D$6:$D$92,"국장",'09_CF_원금'!$A$6:$A$92,"<="&$A29)-SUMIFS('09_CF_원금'!$E$6:$E$92,'09_CF_원금'!$C$6:$C$92,"국장",'09_CF_원금'!$A$6:$A$92,"<="&$A29) | Y29: =SUMIFS('09_CF_원금'!$E$6:$E$92,'09_CF_원금'!$D$6:$D$92,"미장",'09_CF_원금'!$A$6:$A$92,"<="&$A29)-SUMIFS('09_CF_원금'!$E$6:$E$92,'09_CF_원금'!$C$6:$C$92,"미장",'09_CF_원금'!$A$6:$A$92,"<="&$A29) | Z29: =SUMIFS('09_CF_원금'!$E$6:$E$92,'09_CF_원금'!$D$6:$D$92,"ISA",'09_CF_원금'!$A$6:$A$92,"<="&$A29)-SUMIFS('09_CF_원금'!$E$6:$E$92,'09_CF_원금'!$C$6:$C$92,"ISA",'09_CF_원금'!$A$6:$A$92,"<="&$A29) | AA29: =IF($A29="","",X29+Y29+Z29+SUMIFS('09_CF_원금'!$E$6:$E$92,'09_CF_원금'!$D$6:$D$92,"중국",'09_CF_원금'!$A$6:$A$92,"<="&$A29)-SUMIFS('09_CF_원금'!$E$6:$E$92,'09_CF_원금'!$C$6:$C$92,"중국",'09_CF_원금'!$A$6:$A$92,"<="&$A29)+SUMIFS('09_CF_원금'!$E$6:$E$92,'09_CF_원금'!$D$6:$D$92,"업비트",'09_CF_원금'!$A$6:$A$92,"<="&$A29)-SUMIFS('09_CF_원금'!$E$6:$E$92,'09_CF_원금'!$C$6:$C$92,"업비트",'09_CF_원금'!$A$6:$A$92,"<="&$A29)) | AB29: =IF(OR(U29="",V29=""),"",U29-(V29-IF(S29="",0,S29))) | AC29: =IF(AB29="","",T29+AB29) | AD29: =IF(B29="","",MAX($B$5:B29)) | AJ29: =IF($A29="","",YEAR($A29)*100+MONTH($A29)) | AK29: =IF($A29="","",IF($N29="",0,1))
A30: 46043 | B30: =IF(V30<>"",V30-T30,IF(AF30<>"",AA30+AF30,"")) | C30: =IF(OR(B30="",B29=""),"",B30-B29) | D30: =IF(OR(B30="",AA30=""),"",B30-AA30) | E30: =IF(OR(B30="",AD30=0),"",MIN(0,B30/AD30-1)) | F30: =IF(OR(U30="",T30=0,T30=""),"",(P30-T30*1.4)/U30) | G30: =IF(OR(AC30="",'09_CF_원금'!$B$108=0),"",AC30/'09_CF_원금'!$B$108) | H30: =IF(OR(U30="",U30=0,AC30=""),"",AC30/U30) | I30: =IF(OR(S30="",U30=""),"",S30/(U30+S30)) | J30: =IF(W30<>"",W30-X30,IF(AG30<>"",AG30,"")) | K30: =IF(Q30<>"",Q30-Y30,IF(AH30<>"",AH30,"")) | L30: =IF(R30<>"",R30-Z30,IF(AI30<>"",AI30,"")) | Q30: =IF($A30="","",IF(Q29="","",Q29)) | R30: =IF($A30="","",IF(R29="","",R29)) | S30: =IF($A30="","",IF(S29="","",S29)) | T30: =IF(OR(P30="",W30=""),"",P30-W30) | U30: =IF($A30="","",IF(U29="","",U29)) | V30: =IF(P30="","",P30+IF(Q30="",0,Q30)+IF(R30="",0,R30)) | X30: =SUMIFS('09_CF_원금'!$E$6:$E$92,'09_CF_원금'!$D$6:$D$92,"국장",'09_CF_원금'!$A$6:$A$92,"<="&$A30)-SUMIFS('09_CF_원금'!$E$6:$E$92,'09_CF_원금'!$C$6:$C$92,"국장",'09_CF_원금'!$A$6:$A$92,"<="&$A30) | Y30: =SUMIFS('09_CF_원금'!$E$6:$E$92,'09_CF_원금'!$D$6:$D$92,"미장",'09_CF_원금'!$A$6:$A$92,"<="&$A30)-SUMIFS('09_CF_원금'!$E$6:$E$92,'09_CF_원금'!$C$6:$C$92,"미장",'09_CF_원금'!$A$6:$A$92,"<="&$A30) | Z30: =SUMIFS('09_CF_원금'!$E$6:$E$92,'09_CF_원금'!$D$6:$D$92,"ISA",'09_CF_원금'!$A$6:$A$92,"<="&$A30)-SUMIFS('09_CF_원금'!$E$6:$E$92,'09_CF_원금'!$C$6:$C$92,"ISA",'09_CF_원금'!$A$6:$A$92,"<="&$A30) | AA30: =IF($A30="","",X30+Y30+Z30+SUMIFS('09_CF_원금'!$E$6:$E$92,'09_CF_원금'!$D$6:$D$92,"중국",'09_CF_원금'!$A$6:$A$92,"<="&$A30)-SUMIFS('09_CF_원금'!$E$6:$E$92,'09_CF_원금'!$C$6:$C$92,"중국",'09_CF_원금'!$A$6:$A$92,"<="&$A30)+SUMIFS('09_CF_원금'!$E$6:$E$92,'09_CF_원금'!$D$6:$D$92,"업비트",'09_CF_원금'!$A$6:$A$92,"<="&$A30)-SUMIFS('09_CF_원금'!$E$6:$E$92,'09_CF_원금'!$C$6:$C$92,"업비트",'09_CF_원금'!$A$6:$A$92,"<="&$A30)) | AB30: =IF(OR(U30="",V30=""),"",U30-(V30-IF(S30="",0,S30))) | AC30: =IF(AB30="","",T30+AB30) | AD30: =IF(B30="","",MAX($B$5:B30)) | AJ30: =IF($A30="","",YEAR($A30)*100+MONTH($A30)) | AK30: =IF($A30="","",IF($N30="",0,1))
A31: 46044 | B31: =IF(V31<>"",V31-T31,IF(AF31<>"",AA31+AF31,"")) | C31: =IF(OR(B31="",B30=""),"",B31-B30) | D31: =IF(OR(B31="",AA31=""),"",B31-AA31) | E31: =IF(OR(B31="",AD31=0),"",MIN(0,B31/AD31-1)) | F31: =IF(OR(U31="",T31=0,T31=""),"",(P31-T31*1.4)/U31) | G31: =IF(OR(AC31="",'09_CF_원금'!$B$108=0),"",AC31/'09_CF_원금'!$B$108) | H31: =IF(OR(U31="",U31=0,AC31=""),"",AC31/U31) | I31: =IF(OR(S31="",U31=""),"",S31/(U31+S31)) | J31: =IF(W31<>"",W31-X31,IF(AG31<>"",AG31,"")) | K31: =IF(Q31<>"",Q31-Y31,IF(AH31<>"",AH31,"")) | L31: =IF(R31<>"",R31-Z31,IF(AI31<>"",AI31,"")) | Q31: =IF($A31="","",IF(Q30="","",Q30)) | R31: =IF($A31="","",IF(R30="","",R30)) | S31: =IF($A31="","",IF(S30="","",S30)) | T31: =IF(OR(P31="",W31=""),"",P31-W31) | U31: =IF($A31="","",IF(U30="","",U30)) | V31: =IF(P31="","",P31+IF(Q31="",0,Q31)+IF(R31="",0,R31)) | X31: =SUMIFS('09_CF_원금'!$E$6:$E$92,'09_CF_원금'!$D$6:$D$92,"국장",'09_CF_원금'!$A$6:$A$92,"<="&$A31)-SUMIFS('09_CF_원금'!$E$6:$E$92,'09_CF_원금'!$C$6:$C$92,"국장",'09_CF_원금'!$A$6:$A$92,"<="&$A31) | Y31: =SUMIFS('09_CF_원금'!$E$6:$E$92,'09_CF_원금'!$D$6:$D$92,"미장",'09_CF_원금'!$A$6:$A$92,"<="&$A31)-SUMIFS('09_CF_원금'!$E$6:$E$92,'09_CF_원금'!$C$6:$C$92,"미장",'09_CF_원금'!$A$6:$A$92,"<="&$A31) | Z31: =SUMIFS('09_CF_원금'!$E$6:$E$92,'09_CF_원금'!$D$6:$D$92,"ISA",'09_CF_원금'!$A$6:$A$92,"<="&$A31)-SUMIFS('09_CF_원금'!$E$6:$E$92,'09_CF_원금'!$C$6:$C$92,"ISA",'09_CF_원금'!$A$6:$A$92,"<="&$A31) | AA31: =IF($A31="","",X31+Y31+Z31+SUMIFS('09_CF_원금'!$E$6:$E$92,'09_CF_원금'!$D$6:$D$92,"중국",'09_CF_원금'!$A$6:$A$92,"<="&$A31)-SUMIFS('09_CF_원금'!$E$6:$E$92,'09_CF_원금'!$C$6:$C$92,"중국",'09_CF_원금'!$A$6:$A$92,"<="&$A31)+SUMIFS('09_CF_원금'!$E$6:$E$92,'09_CF_원금'!$D$6:$D$92,"업비트",'09_CF_원금'!$A$6:$A$92,"<="&$A31)-SUMIFS('09_CF_원금'!$E$6:$E$92,'09_CF_원금'!$C$6:$C$92,"업비트",'09_CF_원금'!$A$6:$A$92,"<="&$A31)) | AB31: =IF(OR(U31="",V31=""),"",U31-(V31-IF(S31="",0,S31))) | AC31: =IF(AB31="","",T31+AB31) | AD31: =IF(B31="","",MAX($B$5:B31)) | AJ31: =IF($A31="","",YEAR($A31)*100+MONTH($A31)) | AK31: =IF($A31="","",IF($N31="",0,1))
A32: 46045 | B32: =IF(V32<>"",V32-T32,IF(AF32<>"",AA32+AF32,"")) | C32: =IF(OR(B32="",B31=""),"",B32-B31) | D32: =IF(OR(B32="",AA32=""),"",B32-AA32) | E32: =IF(OR(B32="",AD32=0),"",MIN(0,B32/AD32-1)) | F32: =IF(OR(U32="",T32=0,T32=""),"",(P32-T32*1.4)/U32) | G32: =IF(OR(AC32="",'09_CF_원금'!$B$108=0),"",AC32/'09_CF_원금'!$B$108) | H32: =IF(OR(U32="",U32=0,AC32=""),"",AC32/U32) | I32: =IF(OR(S32="",U32=""),"",S32/(U32+S32)) | J32: =IF(W32<>"",W32-X32,IF(AG32<>"",AG32,"")) | K32: =IF(Q32<>"",Q32-Y32,IF(AH32<>"",AH32,"")) | L32: =IF(R32<>"",R32-Z32,IF(AI32<>"",AI32,"")) | Q32: =IF($A32="","",IF(Q31="","",Q31)) | R32: =IF($A32="","",IF(R31="","",R31)) | S32: =IF($A32="","",IF(S31="","",S31)) | T32: =IF(OR(P32="",W32=""),"",P32-W32) | U32: =IF($A32="","",IF(U31="","",U31)) | V32: =IF(P32="","",P32+IF(Q32="",0,Q32)+IF(R32="",0,R32)) | X32: =SUMIFS('09_CF_원금'!$E$6:$E$92,'09_CF_원금'!$D$6:$D$92,"국장",'09_CF_원금'!$A$6:$A$92,"<="&$A32)-SUMIFS('09_CF_원금'!$E$6:$E$92,'09_CF_원금'!$C$6:$C$92,"국장",'09_CF_원금'!$A$6:$A$92,"<="&$A32) | Y32: =SUMIFS('09_CF_원금'!$E$6:$E$92,'09_CF_원금'!$D$6:$D$92,"미장",'09_CF_원금'!$A$6:$A$92,"<="&$A32)-SUMIFS('09_CF_원금'!$E$6:$E$92,'09_CF_원금'!$C$6:$C$92,"미장",'09_CF_원금'!$A$6:$A$92,"<="&$A32) | Z32: =SUMIFS('09_CF_원금'!$E$6:$E$92,'09_CF_원금'!$D$6:$D$92,"ISA",'09_CF_원금'!$A$6:$A$92,"<="&$A32)-SUMIFS('09_CF_원금'!$E$6:$E$92,'09_CF_원금'!$C$6:$C$92,"ISA",'09_CF_원금'!$A$6:$A$92,"<="&$A32) | AA32: =IF($A32="","",X32+Y32+Z32+SUMIFS('09_CF_원금'!$E$6:$E$92,'09_CF_원금'!$D$6:$D$92,"중국",'09_CF_원금'!$A$6:$A$92,"<="&$A32)-SUMIFS('09_CF_원금'!$E$6:$E$92,'09_CF_원금'!$C$6:$C$92,"중국",'09_CF_원금'!$A$6:$A$92,"<="&$A32)+SUMIFS('09_CF_원금'!$E$6:$E$92,'09_CF_원금'!$D$6:$D$92,"업비트",'09_CF_원금'!$A$6:$A$92,"<="&$A32)-SUMIFS('09_CF_원금'!$E$6:$E$92,'09_CF_원금'!$C$6:$C$92,"업비트",'09_CF_원금'!$A$6:$A$92,"<="&$A32)) | AB32: =IF(OR(U32="",V32=""),"",U32-(V32-IF(S32="",0,S32))) | AC32: =IF(AB32="","",T32+AB32) | AD32: =IF(B32="","",MAX($B$5:B32)) | AE32: 25738.25 | AF32: 163270150 | AG32: 118758170 | AH32: 35414248 | AI32: 9097732 | AJ32: =IF($A32="","",YEAR($A32)*100+MONTH($A32)) | AK32: =IF($A32="","",IF($N32="",0,1))
A33: 46048 | B33: =IF(V33<>"",V33-T33,IF(AF33<>"",AA33+AF33,"")) | C33: =IF(OR(B33="",B32=""),"",B33-B32) | D33: =IF(OR(B33="",AA33=""),"",B33-AA33) | E33: =IF(OR(B33="",AD33=0),"",MIN(0,B33/AD33-1)) | F33: =IF(OR(U33="",T33=0,T33=""),"",(P33-T33*1.4)/U33) | G33: =IF(OR(AC33="",'09_CF_원금'!$B$108=0),"",AC33/'09_CF_원금'!$B$108) | H33: =IF(OR(U33="",U33=0,AC33=""),"",AC33/U33) | I33: =IF(OR(S33="",U33=""),"",S33/(U33+S33)) | J33: =IF(W33<>"",W33-X33,IF(AG33<>"",AG33,"")) | K33: =IF(Q33<>"",Q33-Y33,IF(AH33<>"",AH33,"")) | L33: =IF(R33<>"",R33-Z33,IF(AI33<>"",AI33,"")) | Q33: =IF($A33="","",IF(Q32="","",Q32)) | R33: =IF($A33="","",IF(R32="","",R32)) | S33: =IF($A33="","",IF(S32="","",S32)) | T33: =IF(OR(P33="",W33=""),"",P33-W33) | U33: =IF($A33="","",IF(U32="","",U32)) | V33: =IF(P33="","",P33+IF(Q33="",0,Q33)+IF(R33="",0,R33)) | X33: =SUMIFS('09_CF_원금'!$E$6:$E$92,'09_CF_원금'!$D$6:$D$92,"국장",'09_CF_원금'!$A$6:$A$92,"<="&$A33)-SUMIFS('09_CF_원금'!$E$6:$E$92,'09_CF_원금'!$C$6:$C$92,"국장",'09_CF_원금'!$A$6:$A$92,"<="&$A33) | Y33: =SUMIFS('09_CF_원금'!$E$6:$E$92,'09_CF_원금'!$D$6:$D$92,"미장",'09_CF_원금'!$A$6:$A$92,"<="&$A33)-SUMIFS('09_CF_원금'!$E$6:$E$92,'09_CF_원금'!$C$6:$C$92,"미장",'09_CF_원금'!$A$6:$A$92,"<="&$A33) | Z33: =SUMIFS('09_CF_원금'!$E$6:$E$92,'09_CF_원금'!$D$6:$D$92,"ISA",'09_CF_원금'!$A$6:$A$92,"<="&$A33)-SUMIFS('09_CF_원금'!$E$6:$E$92,'09_CF_원금'!$C$6:$C$92,"ISA",'09_CF_원금'!$A$6:$A$92,"<="&$A33) | AA33: =IF($A33="","",X33+Y33+Z33+SUMIFS('09_CF_원금'!$E$6:$E$92,'09_CF_원금'!$D$6:$D$92,"중국",'09_CF_원금'!$A$6:$A$92,"<="&$A33)-SUMIFS('09_CF_원금'!$E$6:$E$92,'09_CF_원금'!$C$6:$C$92,"중국",'09_CF_원금'!$A$6:$A$92,"<="&$A33)+SUMIFS('09_CF_원금'!$E$6:$E$92,'09_CF_원금'!$D$6:$D$92,"업비트",'09_CF_원금'!$A$6:$A$92,"<="&$A33)-SUMIFS('09_CF_원금'!$E$6:$E$92,'09_CF_원금'!$C$6:$C$92,"업비트",'09_CF_원금'!$A$6:$A$92,"<="&$A33)) | AB33: =IF(OR(U33="",V33=""),"",U33-(V33-IF(S33="",0,S33))) | AC33: =IF(AB33="","",T33+AB33) | AD33: =IF(B33="","",MAX($B$5:B33)) | AJ33: =IF($A33="","",YEAR($A33)*100+MONTH($A33)) | AK33: =IF($A33="","",IF($N33="",0,1))
A34: 46049 | B34: =IF(V34<>"",V34-T34,IF(AF34<>"",AA34+AF34,"")) | C34: =IF(OR(B34="",B33=""),"",B34-B33) | D34: =IF(OR(B34="",AA34=""),"",B34-AA34) | E34: =IF(OR(B34="",AD34=0),"",MIN(0,B34/AD34-1)) | F34: =IF(OR(U34="",T34=0,T34=""),"",(P34-T34*1.4)/U34) | G34: =IF(OR(AC34="",'09_CF_원금'!$B$108=0),"",AC34/'09_CF_원금'!$B$108) | H34: =IF(OR(U34="",U34=0,AC34=""),"",AC34/U34) | I34: =IF(OR(S34="",U34=""),"",S34/(U34+S34)) | J34: =IF(W34<>"",W34-X34,IF(AG34<>"",AG34,"")) | K34: =IF(Q34<>"",Q34-Y34,IF(AH34<>"",AH34,"")) | L34: =IF(R34<>"",R34-Z34,IF(AI34<>"",AI34,"")) | Q34: =IF($A34="","",IF(Q33="","",Q33)) | R34: =IF($A34="","",IF(R33="","",R33)) | S34: =IF($A34="","",IF(S33="","",S33)) | T34: =IF(OR(P34="",W34=""),"",P34-W34) | U34: =IF($A34="","",IF(U33="","",U33)) | V34: =IF(P34="","",P34+IF(Q34="",0,Q34)+IF(R34="",0,R34)) | X34: =SUMIFS('09_CF_원금'!$E$6:$E$92,'09_CF_원금'!$D$6:$D$92,"국장",'09_CF_원금'!$A$6:$A$92,"<="&$A34)-SUMIFS('09_CF_원금'!$E$6:$E$92,'09_CF_원금'!$C$6:$C$92,"국장",'09_CF_원금'!$A$6:$A$92,"<="&$A34) | Y34: =SUMIFS('09_CF_원금'!$E$6:$E$92,'09_CF_원금'!$D$6:$D$92,"미장",'09_CF_원금'!$A$6:$A$92,"<="&$A34)-SUMIFS('09_CF_원금'!$E$6:$E$92,'09_CF_원금'!$C$6:$C$92,"미장",'09_CF_원금'!$A$6:$A$92,"<="&$A34) | Z34: =SUMIFS('09_CF_원금'!$E$6:$E$92,'09_CF_원금'!$D$6:$D$92,"ISA",'09_CF_원금'!$A$6:$A$92,"<="&$A34)-SUMIFS('09_CF_원금'!$E$6:$E$92,'09_CF_원금'!$C$6:$C$92,"ISA",'09_CF_원금'!$A$6:$A$92,"<="&$A34) | AA34: =IF($A34="","",X34+Y34+Z34+SUMIFS('09_CF_원금'!$E$6:$E$92,'09_CF_원금'!$D$6:$D$92,"중국",'09_CF_원금'!$A$6:$A$92,"<="&$A34)-SUMIFS('09_CF_원금'!$E$6:$E$92,'09_CF_원금'!$C$6:$C$92,"중국",'09_CF_원금'!$A$6:$A$92,"<="&$A34)+SUMIFS('09_CF_원금'!$E$6:$E$92,'09_CF_원금'!$D$6:$D$92,"업비트",'09_CF_원금'!$A$6:$A$92,"<="&$A34)-SUMIFS('09_CF_원금'!$E$6:$E$92,'09_CF_원금'!$C$6:$C$92,"업비트",'09_CF_원금'!$A$6:$A$92,"<="&$A34)) | AB34: =IF(OR(U34="",V34=""),"",U34-(V34-IF(S34="",0,S34))) | AC34: =IF(AB34="","",T34+AB34) | AD34: =IF(B34="","",MAX($B$5:B34)) | AJ34: =IF($A34="","",YEAR($A34)*100+MONTH($A34)) | AK34: =IF($A34="","",IF($N34="",0,1))
A35: 46050 | B35: =IF(V35<>"",V35-T35,IF(AF35<>"",AA35+AF35,"")) | C35: =IF(OR(B35="",B34=""),"",B35-B34) | D35: =IF(OR(B35="",AA35=""),"",B35-AA35) | E35: =IF(OR(B35="",AD35=0),"",MIN(0,B35/AD35-1)) | F35: =IF(OR(U35="",T35=0,T35=""),"",(P35-T35*1.4)/U35) | G35: =IF(OR(AC35="",'09_CF_원금'!$B$108=0),"",AC35/'09_CF_원금'!$B$108) | H35: =IF(OR(U35="",U35=0,AC35=""),"",AC35/U35) | I35: =IF(OR(S35="",U35=""),"",S35/(U35+S35)) | J35: =IF(W35<>"",W35-X35,IF(AG35<>"",AG35,"")) | K35: =IF(Q35<>"",Q35-Y35,IF(AH35<>"",AH35,"")) | L35: =IF(R35<>"",R35-Z35,IF(AI35<>"",AI35,"")) | Q35: =IF($A35="","",IF(Q34="","",Q34)) | R35: =IF($A35="","",IF(R34="","",R34)) | S35: =IF($A35="","",IF(S34="","",S34)) | T35: =IF(OR(P35="",W35=""),"",P35-W35) | U35: =IF($A35="","",IF(U34="","",U34)) | V35: =IF(P35="","",P35+IF(Q35="",0,Q35)+IF(R35="",0,R35)) | X35: =SUMIFS('09_CF_원금'!$E$6:$E$92,'09_CF_원금'!$D$6:$D$92,"국장",'09_CF_원금'!$A$6:$A$92,"<="&$A35)-SUMIFS('09_CF_원금'!$E$6:$E$92,'09_CF_원금'!$C$6:$C$92,"국장",'09_CF_원금'!$A$6:$A$92,"<="&$A35) | Y35: =SUMIFS('09_CF_원금'!$E$6:$E$92,'09_CF_원금'!$D$6:$D$92,"미장",'09_CF_원금'!$A$6:$A$92,"<="&$A35)-SUMIFS('09_CF_원금'!$E$6:$E$92,'09_CF_원금'!$C$6:$C$92,"미장",'09_CF_원금'!$A$6:$A$92,"<="&$A35) | Z35: =SUMIFS('09_CF_원금'!$E$6:$E$92,'09_CF_원금'!$D$6:$D$92,"ISA",'09_CF_원금'!$A$6:$A$92,"<="&$A35)-SUMIFS('09_CF_원금'!$E$6:$E$92,'09_CF_원금'!$C$6:$C$92,"ISA",'09_CF_원금'!$A$6:$A$92,"<="&$A35) | AA35: =IF($A35="","",X35+Y35+Z35+SUMIFS('09_CF_원금'!$E$6:$E$92,'09_CF_원금'!$D$6:$D$92,"중국",'09_CF_원금'!$A$6:$A$92,"<="&$A35)-SUMIFS('09_CF_원금'!$E$6:$E$92,'09_CF_원금'!$C$6:$C$92,"중국",'09_CF_원금'!$A$6:$A$92,"<="&$A35)+SUMIFS('09_CF_원금'!$E$6:$E$92,'09_CF_원금'!$D$6:$D$92,"업비트",'09_CF_원금'!$A$6:$A$92,"<="&$A35)-SUMIFS('09_CF_원금'!$E$6:$E$92,'09_CF_원금'!$C$6:$C$92,"업비트",'09_CF_원금'!$A$6:$A$92,"<="&$A35)) | AB35: =IF(OR(U35="",V35=""),"",U35-(V35-IF(S35="",0,S35))) | AC35: =IF(AB35="","",T35+AB35) | AD35: =IF(B35="","",MAX($B$5:B35)) | AE35: 26239 | AF35: 247772002 | AG35: 195475821 | AH35: 41744044 | AI35: 10552137 | AJ35: =IF($A35="","",YEAR($A35)*100+MONTH($A35)) | AK35: =IF($A35="","",IF($N35="",0,1))
A36: 46051 | B36: =IF(V36<>"",V36-T36,IF(AF36<>"",AA36+AF36,"")) | C36: =IF(OR(B36="",B35=""),"",B36-B35) | D36: =IF(OR(B36="",AA36=""),"",B36-AA36) | E36: =IF(OR(B36="",AD36=0),"",MIN(0,B36/AD36-1)) | F36: =IF(OR(U36="",T36=0,T36=""),"",(P36-T36*1.4)/U36) | G36: =IF(OR(AC36="",'09_CF_원금'!$B$108=0),"",AC36/'09_CF_원금'!$B$108) | H36: =IF(OR(U36="",U36=0,AC36=""),"",AC36/U36) | I36: =IF(OR(S36="",U36=""),"",S36/(U36+S36)) | J36: =IF(W36<>"",W36-X36,IF(AG36<>"",AG36,"")) | K36: =IF(Q36<>"",Q36-Y36,IF(AH36<>"",AH36,"")) | L36: =IF(R36<>"",R36-Z36,IF(AI36<>"",AI36,"")) | Q36: =IF($A36="","",IF(Q35="","",Q35)) | R36: =IF($A36="","",IF(R35="","",R35)) | S36: =IF($A36="","",IF(S35="","",S35)) | T36: =IF(OR(P36="",W36=""),"",P36-W36) | U36: =IF($A36="","",IF(U35="","",U35)) | V36: =IF(P36="","",P36+IF(Q36="",0,Q36)+IF(R36="",0,R36)) | X36: =SUMIFS('09_CF_원금'!$E$6:$E$92,'09_CF_원금'!$D$6:$D$92,"국장",'09_CF_원금'!$A$6:$A$92,"<="&$A36)-SUMIFS('09_CF_원금'!$E$6:$E$92,'09_CF_원금'!$C$6:$C$92,"국장",'09_CF_원금'!$A$6:$A$92,"<="&$A36) | Y36: =SUMIFS('09_CF_원금'!$E$6:$E$92,'09_CF_원금'!$D$6:$D$92,"미장",'09_CF_원금'!$A$6:$A$92,"<="&$A36)-SUMIFS('09_CF_원금'!$E$6:$E$92,'09_CF_원금'!$C$6:$C$92,"미장",'09_CF_원금'!$A$6:$A$92,"<="&$A36) | Z36: =SUMIFS('09_CF_원금'!$E$6:$E$92,'09_CF_원금'!$D$6:$D$92,"ISA",'09_CF_원금'!$A$6:$A$92,"<="&$A36)-SUMIFS('09_CF_원금'!$E$6:$E$92,'09_CF_원금'!$C$6:$C$92,"ISA",'09_CF_원금'!$A$6:$A$92,"<="&$A36) | AA36: =IF($A36="","",X36+Y36+Z36+SUMIFS('09_CF_원금'!$E$6:$E$92,'09_CF_원금'!$D$6:$D$92,"중국",'09_CF_원금'!$A$6:$A$92,"<="&$A36)-SUMIFS('09_CF_원금'!$E$6:$E$92,'09_CF_원금'!$C$6:$C$92,"중국",'09_CF_원금'!$A$6:$A$92,"<="&$A36)+SUMIFS('09_CF_원금'!$E$6:$E$92,'09_CF_원금'!$D$6:$D$92,"업비트",'09_CF_원금'!$A$6:$A$92,"<="&$A36)-SUMIFS('09_CF_원금'!$E$6:$E$92,'09_CF_원금'!$C$6:$C$92,"업비트",'09_CF_원금'!$A$6:$A$92,"<="&$A36)) | AB36: =IF(OR(U36="",V36=""),"",U36-(V36-IF(S36="",0,S36))) | AC36: =IF(AB36="","",T36+AB36) | AD36: =IF(B36="","",MAX($B$5:B36)) | AJ36: =IF($A36="","",YEAR($A36)*100+MONTH($A36)) | AK36: =IF($A36="","",IF($N36="",0,1))
A37: 46052 | B37: =IF(V37<>"",V37-T37,IF(AF37<>"",AA37+AF37,"")) | C37: =IF(OR(B37="",B36=""),"",B37-B36) | D37: =IF(OR(B37="",AA37=""),"",B37-AA37) | E37: =IF(OR(B37="",AD37=0),"",MIN(0,B37/AD37-1)) | F37: =IF(OR(U37="",T37=0,T37=""),"",(P37-T37*1.4)/U37) | G37: =IF(OR(AC37="",'09_CF_원금'!$B$108=0),"",AC37/'09_CF_원금'!$B$108) | H37: =IF(OR(U37="",U37=0,AC37=""),"",AC37/U37) | I37: =IF(OR(S37="",U37=""),"",S37/(U37+S37)) | J37: =IF(W37<>"",W37-X37,IF(AG37<>"",AG37,"")) | K37: =IF(Q37<>"",Q37-Y37,IF(AH37<>"",AH37,"")) | L37: =IF(R37<>"",R37-Z37,IF(AI37<>"",AI37,"")) | O37: 정부 코스닥 부양, 바이오 급등 | Q37: =IF($A37="","",IF(Q36="","",Q36)) | R37: =IF($A37="","",IF(R36="","",R36)) | S37: =IF($A37="","",IF(S36="","",S36)) | T37: =IF(OR(P37="",W37=""),"",P37-W37) | U37: =IF($A37="","",IF(U36="","",U36)) | V37: =IF(P37="","",P37+IF(Q37="",0,Q37)+IF(R37="",0,R37)) | X37: =SUMIFS('09_CF_원금'!$E$6:$E$92,'09_CF_원금'!$D$6:$D$92,"국장",'09_CF_원금'!$A$6:$A$92,"<="&$A37)-SUMIFS('09_CF_원금'!$E$6:$E$92,'09_CF_원금'!$C$6:$C$92,"국장",'09_CF_원금'!$A$6:$A$92,"<="&$A37) | Y37: =SUMIFS('09_CF_원금'!$E$6:$E$92,'09_CF_원금'!$D$6:$D$92,"미장",'09_CF_원금'!$A$6:$A$92,"<="&$A37)-SUMIFS('09_CF_원금'!$E$6:$E$92,'09_CF_원금'!$C$6:$C$92,"미장",'09_CF_원금'!$A$6:$A$92,"<="&$A37) | Z37: =SUMIFS('09_CF_원금'!$E$6:$E$92,'09_CF_원금'!$D$6:$D$92,"ISA",'09_CF_원금'!$A$6:$A$92,"<="&$A37)-SUMIFS('09_CF_원금'!$E$6:$E$92,'09_CF_원금'!$C$6:$C$92,"ISA",'09_CF_원금'!$A$6:$A$92,"<="&$A37) | AA37: =IF($A37="","",X37+Y37+Z37+SUMIFS('09_CF_원금'!$E$6:$E$92,'09_CF_원금'!$D$6:$D$92,"중국",'09_CF_원금'!$A$6:$A$92,"<="&$A37)-SUMIFS('09_CF_원금'!$E$6:$E$92,'09_CF_원금'!$C$6:$C$92,"중국",'09_CF_원금'!$A$6:$A$92,"<="&$A37)+SUMIFS('09_CF_원금'!$E$6:$E$92,'09_CF_원금'!$D$6:$D$92,"업비트",'09_CF_원금'!$A$6:$A$92,"<="&$A37)-SUMIFS('09_CF_원금'!$E$6:$E$92,'09_CF_원금'!$C$6:$C$92,"업비트",'09_CF_원금'!$A$6:$A$92,"<="&$A37)) | AB37: =IF(OR(U37="",V37=""),"",U37-(V37-IF(S37="",0,S37))) | AC37: =IF(AB37="","",T37+AB37) | AD37: =IF(B37="","",MAX($B$5:B37)) | AE37: 26239 | AF37: 210382117 | AG37: 169855657 | AH37: 30139051 | AI37: 10387409 | AJ37: =IF($A37="","",YEAR($A37)*100+MONTH($A37)) | AK37: =IF($A37="","",IF($N37="",0,1))
A38: 46055 | B38: =IF(V38<>"",V38-T38,IF(AF38<>"",AA38+AF38,"")) | C38: =IF(OR(B38="",B37=""),"",B38-B37) | D38: =IF(OR(B38="",AA38=""),"",B38-AA38) | E38: =IF(OR(B38="",AD38=0),"",MIN(0,B38/AD38-1)) | F38: =IF(OR(U38="",T38=0,T38=""),"",(P38-T38*1.4)/U38) | G38: =IF(OR(AC38="",'09_CF_원금'!$B$108=0),"",AC38/'09_CF_원금'!$B$108) | H38: =IF(OR(U38="",U38=0,AC38=""),"",AC38/U38) | I38: =IF(OR(S38="",U38=""),"",S38/(U38+S38)) | J38: =IF(W38<>"",W38-X38,IF(AG38<>"",AG38,"")) | K38: =IF(Q38<>"",Q38-Y38,IF(AH38<>"",AH38,"")) | L38: =IF(R38<>"",R38-Z38,IF(AI38<>"",AI38,"")) | Q38: =IF($A38="","",IF(Q37="","",Q37)) | R38: =IF($A38="","",IF(R37="","",R37)) | S38: =IF($A38="","",IF(S37="","",S37)) | T38: =IF(OR(P38="",W38=""),"",P38-W38) | U38: =IF($A38="","",IF(U37="","",U37)) | V38: =IF(P38="","",P38+IF(Q38="",0,Q38)+IF(R38="",0,R38)) | X38: =SUMIFS('09_CF_원금'!$E$6:$E$92,'09_CF_원금'!$D$6:$D$92,"국장",'09_CF_원금'!$A$6:$A$92,"<="&$A38)-SUMIFS('09_CF_원금'!$E$6:$E$92,'09_CF_원금'!$C$6:$C$92,"국장",'09_CF_원금'!$A$6:$A$92,"<="&$A38) | Y38: =SUMIFS('09_CF_원금'!$E$6:$E$92,'09_CF_원금'!$D$6:$D$92,"미장",'09_CF_원금'!$A$6:$A$92,"<="&$A38)-SUMIFS('09_CF_원금'!$E$6:$E$92,'09_CF_원금'!$C$6:$C$92,"미장",'09_CF_원금'!$A$6:$A$92,"<="&$A38) | Z38: =SUMIFS('09_CF_원금'!$E$6:$E$92,'09_CF_원금'!$D$6:$D$92,"ISA",'09_CF_원금'!$A$6:$A$92,"<="&$A38)-SUMIFS('09_CF_원금'!$E$6:$E$92,'09_CF_원금'!$C$6:$C$92,"ISA",'09_CF_원금'!$A$6:$A$92,"<="&$A38) | AA38: =IF($A38="","",X38+Y38+Z38+SUMIFS('09_CF_원금'!$E$6:$E$92,'09_CF_원금'!$D$6:$D$92,"중국",'09_CF_원금'!$A$6:$A$92,"<="&$A38)-SUMIFS('09_CF_원금'!$E$6:$E$92,'09_CF_원금'!$C$6:$C$92,"중국",'09_CF_원금'!$A$6:$A$92,"<="&$A38)+SUMIFS('09_CF_원금'!$E$6:$E$92,'09_CF_원금'!$D$6:$D$92,"업비트",'09_CF_원금'!$A$6:$A$92,"<="&$A38)-SUMIFS('09_CF_원금'!$E$6:$E$92,'09_CF_원금'!$C$6:$C$92,"업비트",'09_CF_원금'!$A$6:$A$92,"<="&$A38)) | AB38: =IF(OR(U38="",V38=""),"",U38-(V38-IF(S38="",0,S38))) | AC38: =IF(AB38="","",T38+AB38) | AD38: =IF(B38="","",MAX($B$5:B38)) | AJ38: =IF($A38="","",YEAR($A38)*100+MONTH($A38)) | AK38: =IF($A38="","",IF($N38="",0,1))
A39: 46056 | B39: =IF(V39<>"",V39-T39,IF(AF39<>"",AA39+AF39,"")) | C39: =IF(OR(B39="",B38=""),"",B39-B38) | D39: =IF(OR(B39="",AA39=""),"",B39-AA39) | E39: =IF(OR(B39="",AD39=0),"",MIN(0,B39/AD39-1)) | F39: =IF(OR(U39="",T39=0,T39=""),"",(P39-T39*1.4)/U39) | G39: =IF(OR(AC39="",'09_CF_원금'!$B$108=0),"",AC39/'09_CF_원금'!$B$108) | H39: =IF(OR(U39="",U39=0,AC39=""),"",AC39/U39) | I39: =IF(OR(S39="",U39=""),"",S39/(U39+S39)) | J39: =IF(W39<>"",W39-X39,IF(AG39<>"",AG39,"")) | K39: =IF(Q39<>"",Q39-Y39,IF(AH39<>"",AH39,"")) | L39: =IF(R39<>"",R39-Z39,IF(AI39<>"",AI39,"")) | Q39: =IF($A39="","",IF(Q38="","",Q38)) | R39: =IF($A39="","",IF(R38="","",R38)) | S39: =IF($A39="","",IF(S38="","",S38)) | T39: =IF(OR(P39="",W39=""),"",P39-W39) | U39: =IF($A39="","",IF(U38="","",U38)) | V39: =IF(P39="","",P39+IF(Q39="",0,Q39)+IF(R39="",0,R39)) | X39: =SUMIFS('09_CF_원금'!$E$6:$E$92,'09_CF_원금'!$D$6:$D$92,"국장",'09_CF_원금'!$A$6:$A$92,"<="&$A39)-SUMIFS('09_CF_원금'!$E$6:$E$92,'09_CF_원금'!$C$6:$C$92,"국장",'09_CF_원금'!$A$6:$A$92,"<="&$A39) | Y39: =SUMIFS('09_CF_원금'!$E$6:$E$92,'09_CF_원금'!$D$6:$D$92,"미장",'09_CF_원금'!$A$6:$A$92,"<="&$A39)-SUMIFS('09_CF_원금'!$E$6:$E$92,'09_CF_원금'!$C$6:$C$92,"미장",'09_CF_원금'!$A$6:$A$92,"<="&$A39) | Z39: =SUMIFS('09_CF_원금'!$E$6:$E$92,'09_CF_원금'!$D$6:$D$92,"ISA",'09_CF_원금'!$A$6:$A$92,"<="&$A39)-SUMIFS('09_CF_원금'!$E$6:$E$92,'09_CF_원금'!$C$6:$C$92,"ISA",'09_CF_원금'!$A$6:$A$92,"<="&$A39) | AA39: =IF($A39="","",X39+Y39+Z39+SUMIFS('09_CF_원금'!$E$6:$E$92,'09_CF_원금'!$D$6:$D$92,"중국",'09_CF_원금'!$A$6:$A$92,"<="&$A39)-SUMIFS('09_CF_원금'!$E$6:$E$92,'09_CF_원금'!$C$6:$C$92,"중국",'09_CF_원금'!$A$6:$A$92,"<="&$A39)+SUMIFS('09_CF_원금'!$E$6:$E$92,'09_CF_원금'!$D$6:$D$92,"업비트",'09_CF_원금'!$A$6:$A$92,"<="&$A39)-SUMIFS('09_CF_원금'!$E$6:$E$92,'09_CF_원금'!$C$6:$C$92,"업비트",'09_CF_원금'!$A$6:$A$92,"<="&$A39)) | AB39: =IF(OR(U39="",V39=""),"",U39-(V39-IF(S39="",0,S39))) | AC39: =IF(AB39="","",T39+AB39) | AD39: =IF(B39="","",MAX($B$5:B39)) | AJ39: =IF($A39="","",YEAR($A39)*100+MONTH($A39)) | AK39: =IF($A39="","",IF($N39="",0,1))
A40: 46057 | B40: =IF(V40<>"",V40-T40,IF(AF40<>"",AA40+AF40,"")) | C40: =IF(OR(B40="",B39=""),"",B40-B39) | D40: =IF(OR(B40="",AA40=""),"",B40-AA40) | E40: =IF(OR(B40="",AD40=0),"",MIN(0,B40/AD40-1)) | F40: =IF(OR(U40="",T40=0,T40=""),"",(P40-T40*1.4)/U40) | G40: =IF(OR(AC40="",'09_CF_원금'!$B$108=0),"",AC40/'09_CF_원금'!$B$108) | H40: =IF(OR(U40="",U40=0,AC40=""),"",AC40/U40) | I40: =IF(OR(S40="",U40=""),"",S40/(U40+S40)) | J40: =IF(W40<>"",W40-X40,IF(AG40<>"",AG40,"")) | K40: =IF(Q40<>"",Q40-Y40,IF(AH40<>"",AH40,"")) | L40: =IF(R40<>"",R40-Z40,IF(AI40<>"",AI40,"")) | Q40: =IF($A40="","",IF(Q39="","",Q39)) | R40: =IF($A40="","",IF(R39="","",R39)) | S40: =IF($A40="","",IF(S39="","",S39)) | T40: =IF(OR(P40="",W40=""),"",P40-W40) | U40: =IF($A40="","",IF(U39="","",U39)) | V40: =IF(P40="","",P40+IF(Q40="",0,Q40)+IF(R40="",0,R40)) | X40: =SUMIFS('09_CF_원금'!$E$6:$E$92,'09_CF_원금'!$D$6:$D$92,"국장",'09_CF_원금'!$A$6:$A$92,"<="&$A40)-SUMIFS('09_CF_원금'!$E$6:$E$92,'09_CF_원금'!$C$6:$C$92,"국장",'09_CF_원금'!$A$6:$A$92,"<="&$A40) | Y40: =SUMIFS('09_CF_원금'!$E$6:$E$92,'09_CF_원금'!$D$6:$D$92,"미장",'09_CF_원금'!$A$6:$A$92,"<="&$A40)-SUMIFS('09_CF_원금'!$E$6:$E$92,'09_CF_원금'!$C$6:$C$92,"미장",'09_CF_원금'!$A$6:$A$92,"<="&$A40) | Z40: =SUMIFS('09_CF_원금'!$E$6:$E$92,'09_CF_원금'!$D$6:$D$92,"ISA",'09_CF_원금'!$A$6:$A$92,"<="&$A40)-SUMIFS('09_CF_원금'!$E$6:$E$92,'09_CF_원금'!$C$6:$C$92,"ISA",'09_CF_원금'!$A$6:$A$92,"<="&$A40) | AA40: =IF($A40="","",X40+Y40+Z40+SUMIFS('09_CF_원금'!$E$6:$E$92,'09_CF_원금'!$D$6:$D$92,"중국",'09_CF_원금'!$A$6:$A$92,"<="&$A40)-SUMIFS('09_CF_원금'!$E$6:$E$92,'09_CF_원금'!$C$6:$C$92,"중국",'09_CF_원금'!$A$6:$A$92,"<="&$A40)+SUMIFS('09_CF_원금'!$E$6:$E$92,'09_CF_원금'!$D$6:$D$92,"업비트",'09_CF_원금'!$A$6:$A$92,"<="&$A40)-SUMIFS('09_CF_원금'!$E$6:$E$92,'09_CF_원금'!$C$6:$C$92,"업비트",'09_CF_원금'!$A$6:$A$92,"<="&$A40)) | AB40: =IF(OR(U40="",V40=""),"",U40-(V40-IF(S40="",0,S40))) | AC40: =IF(AB40="","",T40+AB40) | AD40: =IF(B40="","",MAX($B$5:B40)) | AJ40: =IF($A40="","",YEAR($A40)*100+MONTH($A40)) | AK40: =IF($A40="","",IF($N40="",0,1))
A41: 46058 | B41: =IF(V41<>"",V41-T41,IF(AF41<>"",AA41+AF41,"")) | C41: =IF(OR(B41="",B40=""),"",B41-B40) | D41: =IF(OR(B41="",AA41=""),"",B41-AA41) | E41: =IF(OR(B41="",AD41=0),"",MIN(0,B41/AD41-1)) | F41: =IF(OR(U41="",T41=0,T41=""),"",(P41-T41*1.4)/U41) | G41: =IF(OR(AC41="",'09_CF_원금'!$B$108=0),"",AC41/'09_CF_원금'!$B$108) | H41: =IF(OR(U41="",U41=0,AC41=""),"",AC41/U41) | I41: =IF(OR(S41="",U41=""),"",S41/(U41+S41)) | J41: =IF(W41<>"",W41-X41,IF(AG41<>"",AG41,"")) | K41: =IF(Q41<>"",Q41-Y41,IF(AH41<>"",AH41,"")) | L41: =IF(R41<>"",R41-Z41,IF(AI41<>"",AI41,"")) | Q41: =IF($A41="","",IF(Q40="","",Q40)) | R41: =IF($A41="","",IF(R40="","",R40)) | S41: =IF($A41="","",IF(S40="","",S40)) | T41: =IF(OR(P41="",W41=""),"",P41-W41) | U41: =IF($A41="","",IF(U40="","",U40)) | V41: =IF(P41="","",P41+IF(Q41="",0,Q41)+IF(R41="",0,R41)) | X41: =SUMIFS('09_CF_원금'!$E$6:$E$92,'09_CF_원금'!$D$6:$D$92,"국장",'09_CF_원금'!$A$6:$A$92,"<="&$A41)-SUMIFS('09_CF_원금'!$E$6:$E$92,'09_CF_원금'!$C$6:$C$92,"국장",'09_CF_원금'!$A$6:$A$92,"<="&$A41) | Y41: =SUMIFS('09_CF_원금'!$E$6:$E$92,'09_CF_원금'!$D$6:$D$92,"미장",'09_CF_원금'!$A$6:$A$92,"<="&$A41)-SUMIFS('09_CF_원금'!$E$6:$E$92,'09_CF_원금'!$C$6:$C$92,"미장",'09_CF_원금'!$A$6:$A$92,"<="&$A41) | Z41: =SUMIFS('09_CF_원금'!$E$6:$E$92,'09_CF_원금'!$D$6:$D$92,"ISA",'09_CF_원금'!$A$6:$A$92,"<="&$A41)-SUMIFS('09_CF_원금'!$E$6:$E$92,'09_CF_원금'!$C$6:$C$92,"ISA",'09_CF_원금'!$A$6:$A$92,"<="&$A41) | AA41: =IF($A41="","",X41+Y41+Z41+SUMIFS('09_CF_원금'!$E$6:$E$92,'09_CF_원금'!$D$6:$D$92,"중국",'09_CF_원금'!$A$6:$A$92,"<="&$A41)-SUMIFS('09_CF_원금'!$E$6:$E$92,'09_CF_원금'!$C$6:$C$92,"중국",'09_CF_원금'!$A$6:$A$92,"<="&$A41)+SUMIFS('09_CF_원금'!$E$6:$E$92,'09_CF_원금'!$D$6:$D$92,"업비트",'09_CF_원금'!$A$6:$A$92,"<="&$A41)-SUMIFS('09_CF_원금'!$E$6:$E$92,'09_CF_원금'!$C$6:$C$92,"업비트",'09_CF_원금'!$A$6:$A$92,"<="&$A41)) | AB41: =IF(OR(U41="",V41=""),"",U41-(V41-IF(S41="",0,S41))) | AC41: =IF(AB41="","",T41+AB41) | AD41: =IF(B41="","",MAX($B$5:B41)) | AJ41: =IF($A41="","",YEAR($A41)*100+MONTH($A41)) | AK41: =IF($A41="","",IF($N41="",0,1))
A42: 46059 | B42: =IF(V42<>"",V42-T42,IF(AF42<>"",AA42+AF42,"")) | C42: =IF(OR(B42="",B41=""),"",B42-B41) | D42: =IF(OR(B42="",AA42=""),"",B42-AA42) | E42: =IF(OR(B42="",AD42=0),"",MIN(0,B42/AD42-1)) | F42: =IF(OR(U42="",T42=0,T42=""),"",(P42-T42*1.4)/U42) | G42: =IF(OR(AC42="",'09_CF_원금'!$B$108=0),"",AC42/'09_CF_원금'!$B$108) | H42: =IF(OR(U42="",U42=0,AC42=""),"",AC42/U42) | I42: =IF(OR(S42="",U42=""),"",S42/(U42+S42)) | J42: =IF(W42<>"",W42-X42,IF(AG42<>"",AG42,"")) | K42: =IF(Q42<>"",Q42-Y42,IF(AH42<>"",AH42,"")) | L42: =IF(R42<>"",R42-Z42,IF(AI42<>"",AI42,"")) | O42: 고용데이터 악화, 위험자산 기피 | Q42: =IF($A42="","",IF(Q41="","",Q41)) | R42: =IF($A42="","",IF(R41="","",R41)) | S42: =IF($A42="","",IF(S41="","",S41)) | T42: =IF(OR(P42="",W42=""),"",P42-W42) | U42: =IF($A42="","",IF(U41="","",U41)) | V42: =IF(P42="","",P42+IF(Q42="",0,Q42)+IF(R42="",0,R42)) | X42: =SUMIFS('09_CF_원금'!$E$6:$E$92,'09_CF_원금'!$D$6:$D$92,"국장",'09_CF_원금'!$A$6:$A$92,"<="&$A42)-SUMIFS('09_CF_원금'!$E$6:$E$92,'09_CF_원금'!$C$6:$C$92,"국장",'09_CF_원금'!$A$6:$A$92,"<="&$A42) | Y42: =SUMIFS('09_CF_원금'!$E$6:$E$92,'09_CF_원금'!$D$6:$D$92,"미장",'09_CF_원금'!$A$6:$A$92,"<="&$A42)-SUMIFS('09_CF_원금'!$E$6:$E$92,'09_CF_원금'!$C$6:$C$92,"미장",'09_CF_원금'!$A$6:$A$92,"<="&$A42) | Z42: =SUMIFS('09_CF_원금'!$E$6:$E$92,'09_CF_원금'!$D$6:$D$92,"ISA",'09_CF_원금'!$A$6:$A$92,"<="&$A42)-SUMIFS('09_CF_원금'!$E$6:$E$92,'09_CF_원금'!$C$6:$C$92,"ISA",'09_CF_원금'!$A$6:$A$92,"<="&$A42) | AA42: =IF($A42="","",X42+Y42+Z42+SUMIFS('09_CF_원금'!$E$6:$E$92,'09_CF_원금'!$D$6:$D$92,"중국",'09_CF_원금'!$A$6:$A$92,"<="&$A42)-SUMIFS('09_CF_원금'!$E$6:$E$92,'09_CF_원금'!$C$6:$C$92,"중국",'09_CF_원금'!$A$6:$A$92,"<="&$A42)+SUMIFS('09_CF_원금'!$E$6:$E$92,'09_CF_원금'!$D$6:$D$92,"업비트",'09_CF_원금'!$A$6:$A$92,"<="&$A42)-SUMIFS('09_CF_원금'!$E$6:$E$92,'09_CF_원금'!$C$6:$C$92,"업비트",'09_CF_원금'!$A$6:$A$92,"<="&$A42)) | AB42: =IF(OR(U42="",V42=""),"",U42-(V42-IF(S42="",0,S42))) | AC42: =IF(AB42="","",T42+AB42) | AD42: =IF(B42="","",MAX($B$5:B42)) | AE42: 25163 | AF42: 166028654 | AG42: 124694738 | AH42: 33660643 | AI42: 7673273 | AJ42: =IF($A42="","",YEAR($A42)*100+MONTH($A42)) | AK42: =IF($A42="","",IF($N42="",0,1))
A43: 46062 | B43: =IF(V43<>"",V43-T43,IF(AF43<>"",AA43+AF43,"")) | C43: =IF(OR(B43="",B42=""),"",B43-B42) | D43: =IF(OR(B43="",AA43=""),"",B43-AA43) | E43: =IF(OR(B43="",AD43=0),"",MIN(0,B43/AD43-1)) | F43: =IF(OR(U43="",T43=0,T43=""),"",(P43-T43*1.4)/U43) | G43: =IF(OR(AC43="",'09_CF_원금'!$B$108=0),"",AC43/'09_CF_원금'!$B$108) | H43: =IF(OR(U43="",U43=0,AC43=""),"",AC43/U43) | I43: =IF(OR(S43="",U43=""),"",S43/(U43+S43)) | J43: =IF(W43<>"",W43-X43,IF(AG43<>"",AG43,"")) | K43: =IF(Q43<>"",Q43-Y43,IF(AH43<>"",AH43,"")) | L43: =IF(R43<>"",R43-Z43,IF(AI43<>"",AI43,"")) | Q43: =IF($A43="","",IF(Q42="","",Q42)) | R43: =IF($A43="","",IF(R42="","",R42)) | S43: =IF($A43="","",IF(S42="","",S42)) | T43: =IF(OR(P43="",W43=""),"",P43-W43) | U43: =IF($A43="","",IF(U42="","",U42)) | V43: =IF(P43="","",P43+IF(Q43="",0,Q43)+IF(R43="",0,R43)) | X43: =SUMIFS('09_CF_원금'!$E$6:$E$92,'09_CF_원금'!$D$6:$D$92,"국장",'09_CF_원금'!$A$6:$A$92,"<="&$A43)-SUMIFS('09_CF_원금'!$E$6:$E$92,'09_CF_원금'!$C$6:$C$92,"국장",'09_CF_원금'!$A$6:$A$92,"<="&$A43) | Y43: =SUMIFS('09_CF_원금'!$E$6:$E$92,'09_CF_원금'!$D$6:$D$92,"미장",'09_CF_원금'!$A$6:$A$92,"<="&$A43)-SUMIFS('09_CF_원금'!$E$6:$E$92,'09_CF_원금'!$C$6:$C$92,"미장",'09_CF_원금'!$A$6:$A$92,"<="&$A43) | Z43: =SUMIFS('09_CF_원금'!$E$6:$E$92,'09_CF_원금'!$D$6:$D$92,"ISA",'09_CF_원금'!$A$6:$A$92,"<="&$A43)-SUMIFS('09_CF_원금'!$E$6:$E$92,'09_CF_원금'!$C$6:$C$92,"ISA",'09_CF_원금'!$A$6:$A$92,"<="&$A43) | AA43: =IF($A43="","",X43+Y43+Z43+SUMIFS('09_CF_원금'!$E$6:$E$92,'09_CF_원금'!$D$6:$D$92,"중국",'09_CF_원금'!$A$6:$A$92,"<="&$A43)-SUMIFS('09_CF_원금'!$E$6:$E$92,'09_CF_원금'!$C$6:$C$92,"중국",'09_CF_원금'!$A$6:$A$92,"<="&$A43)+SUMIFS('09_CF_원금'!$E$6:$E$92,'09_CF_원금'!$D$6:$D$92,"업비트",'09_CF_원금'!$A$6:$A$92,"<="&$A43)-SUMIFS('09_CF_원금'!$E$6:$E$92,'09_CF_원금'!$C$6:$C$92,"업비트",'09_CF_원금'!$A$6:$A$92,"<="&$A43)) | AB43: =IF(OR(U43="",V43=""),"",U43-(V43-IF(S43="",0,S43))) | AC43: =IF(AB43="","",T43+AB43) | AD43: =IF(B43="","",MAX($B$5:B43)) | AJ43: =IF($A43="","",YEAR($A43)*100+MONTH($A43)) | AK43: =IF($A43="","",IF($N43="",0,1))
A44: 46063 | B44: =IF(V44<>"",V44-T44,IF(AF44<>"",AA44+AF44,"")) | C44: =IF(OR(B44="",B43=""),"",B44-B43) | D44: =IF(OR(B44="",AA44=""),"",B44-AA44) | E44: =IF(OR(B44="",AD44=0),"",MIN(0,B44/AD44-1)) | F44: =IF(OR(U44="",T44=0,T44=""),"",(P44-T44*1.4)/U44) | G44: =IF(OR(AC44="",'09_CF_원금'!$B$108=0),"",AC44/'09_CF_원금'!$B$108) | H44: =IF(OR(U44="",U44=0,AC44=""),"",AC44/U44) | I44: =IF(OR(S44="",U44=""),"",S44/(U44+S44)) | J44: =IF(W44<>"",W44-X44,IF(AG44<>"",AG44,"")) | K44: =IF(Q44<>"",Q44-Y44,IF(AH44<>"",AH44,"")) | L44: =IF(R44<>"",R44-Z44,IF(AI44<>"",AI44,"")) | Q44: =IF($A44="","",IF(Q43="","",Q43)) | R44: =IF($A44="","",IF(R43="","",R43)) | S44: =IF($A44="","",IF(S43="","",S43)) | T44: =IF(OR(P44="",W44=""),"",P44-W44) | U44: =IF($A44="","",IF(U43="","",U43)) | V44: =IF(P44="","",P44+IF(Q44="",0,Q44)+IF(R44="",0,R44)) | X44: =SUMIFS('09_CF_원금'!$E$6:$E$92,'09_CF_원금'!$D$6:$D$92,"국장",'09_CF_원금'!$A$6:$A$92,"<="&$A44)-SUMIFS('09_CF_원금'!$E$6:$E$92,'09_CF_원금'!$C$6:$C$92,"국장",'09_CF_원금'!$A$6:$A$92,"<="&$A44) | Y44: =SUMIFS('09_CF_원금'!$E$6:$E$92,'09_CF_원금'!$D$6:$D$92,"미장",'09_CF_원금'!$A$6:$A$92,"<="&$A44)-SUMIFS('09_CF_원금'!$E$6:$E$92,'09_CF_원금'!$C$6:$C$92,"미장",'09_CF_원금'!$A$6:$A$92,"<="&$A44) | Z44: =SUMIFS('09_CF_원금'!$E$6:$E$92,'09_CF_원금'!$D$6:$D$92,"ISA",'09_CF_원금'!$A$6:$A$92,"<="&$A44)-SUMIFS('09_CF_원금'!$E$6:$E$92,'09_CF_원금'!$C$6:$C$92,"ISA",'09_CF_원금'!$A$6:$A$92,"<="&$A44) | AA44: =IF($A44="","",X44+Y44+Z44+SUMIFS('09_CF_원금'!$E$6:$E$92,'09_CF_원금'!$D$6:$D$92,"중국",'09_CF_원금'!$A$6:$A$92,"<="&$A44)-SUMIFS('09_CF_원금'!$E$6:$E$92,'09_CF_원금'!$C$6:$C$92,"중국",'09_CF_원금'!$A$6:$A$92,"<="&$A44)+SUMIFS('09_CF_원금'!$E$6:$E$92,'09_CF_원금'!$D$6:$D$92,"업비트",'09_CF_원금'!$A$6:$A$92,"<="&$A44)-SUMIFS('09_CF_원금'!$E$6:$E$92,'09_CF_원금'!$C$6:$C$92,"업비트",'09_CF_원금'!$A$6:$A$92,"<="&$A44)) | AB44: =IF(OR(U44="",V44=""),"",U44-(V44-IF(S44="",0,S44))) | AC44: =IF(AB44="","",T44+AB44) | AD44: =IF(B44="","",MAX($B$5:B44)) | AJ44: =IF($A44="","",YEAR($A44)*100+MONTH($A44)) | AK44: =IF($A44="","",IF($N44="",0,1))
A45: 46064 | B45: =IF(V45<>"",V45-T45,IF(AF45<>"",AA45+AF45,"")) | C45: =IF(OR(B45="",B44=""),"",B45-B44) | D45: =IF(OR(B45="",AA45=""),"",B45-AA45) | E45: =IF(OR(B45="",AD45=0),"",MIN(0,B45/AD45-1)) | F45: =IF(OR(U45="",T45=0,T45=""),"",(P45-T45*1.4)/U45) | G45: =IF(OR(AC45="",'09_CF_원금'!$B$108=0),"",AC45/'09_CF_원금'!$B$108) | H45: =IF(OR(U45="",U45=0,AC45=""),"",AC45/U45) | I45: =IF(OR(S45="",U45=""),"",S45/(U45+S45)) | J45: =IF(W45<>"",W45-X45,IF(AG45<>"",AG45,"")) | K45: =IF(Q45<>"",Q45-Y45,IF(AH45<>"",AH45,"")) | L45: =IF(R45<>"",R45-Z45,IF(AI45<>"",AI45,"")) | Q45: =IF($A45="","",IF(Q44="","",Q44)) | R45: =IF($A45="","",IF(R44="","",R44)) | S45: =IF($A45="","",IF(S44="","",S44)) | T45: =IF(OR(P45="",W45=""),"",P45-W45) | U45: =IF($A45="","",IF(U44="","",U44)) | V45: =IF(P45="","",P45+IF(Q45="",0,Q45)+IF(R45="",0,R45)) | X45: =SUMIFS('09_CF_원금'!$E$6:$E$92,'09_CF_원금'!$D$6:$D$92,"국장",'09_CF_원금'!$A$6:$A$92,"<="&$A45)-SUMIFS('09_CF_원금'!$E$6:$E$92,'09_CF_원금'!$C$6:$C$92,"국장",'09_CF_원금'!$A$6:$A$92,"<="&$A45) | Y45: =SUMIFS('09_CF_원금'!$E$6:$E$92,'09_CF_원금'!$D$6:$D$92,"미장",'09_CF_원금'!$A$6:$A$92,"<="&$A45)-SUMIFS('09_CF_원금'!$E$6:$E$92,'09_CF_원금'!$C$6:$C$92,"미장",'09_CF_원금'!$A$6:$A$92,"<="&$A45) | Z45: =SUMIFS('09_CF_원금'!$E$6:$E$92,'09_CF_원금'!$D$6:$D$92,"ISA",'09_CF_원금'!$A$6:$A$92,"<="&$A45)-SUMIFS('09_CF_원금'!$E$6:$E$92,'09_CF_원금'!$C$6:$C$92,"ISA",'09_CF_원금'!$A$6:$A$92,"<="&$A45) | AA45: =IF($A45="","",X45+Y45+Z45+SUMIFS('09_CF_원금'!$E$6:$E$92,'09_CF_원금'!$D$6:$D$92,"중국",'09_CF_원금'!$A$6:$A$92,"<="&$A45)-SUMIFS('09_CF_원금'!$E$6:$E$92,'09_CF_원금'!$C$6:$C$92,"중국",'09_CF_원금'!$A$6:$A$92,"<="&$A45)+SUMIFS('09_CF_원금'!$E$6:$E$92,'09_CF_원금'!$D$6:$D$92,"업비트",'09_CF_원금'!$A$6:$A$92,"<="&$A45)-SUMIFS('09_CF_원금'!$E$6:$E$92,'09_CF_원금'!$C$6:$C$92,"업비트",'09_CF_원금'!$A$6:$A$92,"<="&$A45)) | AB45: =IF(OR(U45="",V45=""),"",U45-(V45-IF(S45="",0,S45))) | AC45: =IF(AB45="","",T45+AB45) | AD45: =IF(B45="","",MAX($B$5:B45)) | AJ45: =IF($A45="","",YEAR($A45)*100+MONTH($A45)) | AK45: =IF($A45="","",IF($N45="",0,1))
A46: 46065 | B46: =IF(V46<>"",V46-T46,IF(AF46<>"",AA46+AF46,"")) | C46: =IF(OR(B46="",B45=""),"",B46-B45) | D46: =IF(OR(B46="",AA46=""),"",B46-AA46) | E46: =IF(OR(B46="",AD46=0),"",MIN(0,B46/AD46-1)) | F46: =IF(OR(U46="",T46=0,T46=""),"",(P46-T46*1.4)/U46) | G46: =IF(OR(AC46="",'09_CF_원금'!$B$108=0),"",AC46/'09_CF_원금'!$B$108) | H46: =IF(OR(U46="",U46=0,AC46=""),"",AC46/U46) | I46: =IF(OR(S46="",U46=""),"",S46/(U46+S46)) | J46: =IF(W46<>"",W46-X46,IF(AG46<>"",AG46,"")) | K46: =IF(Q46<>"",Q46-Y46,IF(AH46<>"",AH46,"")) | L46: =IF(R46<>"",R46-Z46,IF(AI46<>"",AI46,"")) | Q46: =IF($A46="","",IF(Q45="","",Q45)) | R46: =IF($A46="","",IF(R45="","",R45)) | S46: =IF($A46="","",IF(S45="","",S45)) | T46: =IF(OR(P46="",W46=""),"",P46-W46) | U46: =IF($A46="","",IF(U45="","",U45)) | V46: =IF(P46="","",P46+IF(Q46="",0,Q46)+IF(R46="",0,R46)) | X46: =SUMIFS('09_CF_원금'!$E$6:$E$92,'09_CF_원금'!$D$6:$D$92,"국장",'09_CF_원금'!$A$6:$A$92,"<="&$A46)-SUMIFS('09_CF_원금'!$E$6:$E$92,'09_CF_원금'!$C$6:$C$92,"국장",'09_CF_원금'!$A$6:$A$92,"<="&$A46) | Y46: =SUMIFS('09_CF_원금'!$E$6:$E$92,'09_CF_원금'!$D$6:$D$92,"미장",'09_CF_원금'!$A$6:$A$92,"<="&$A46)-SUMIFS('09_CF_원금'!$E$6:$E$92,'09_CF_원금'!$C$6:$C$92,"미장",'09_CF_원금'!$A$6:$A$92,"<="&$A46) | Z46: =SUMIFS('09_CF_원금'!$E$6:$E$92,'09_CF_원금'!$D$6:$D$92,"ISA",'09_CF_원금'!$A$6:$A$92,"<="&$A46)-SUMIFS('09_CF_원금'!$E$6:$E$92,'09_CF_원금'!$C$6:$C$92,"ISA",'09_CF_원금'!$A$6:$A$92,"<="&$A46) | AA46: =IF($A46="","",X46+Y46+Z46+SUMIFS('09_CF_원금'!$E$6:$E$92,'09_CF_원금'!$D$6:$D$92,"중국",'09_CF_원금'!$A$6:$A$92,"<="&$A46)-SUMIFS('09_CF_원금'!$E$6:$E$92,'09_CF_원금'!$C$6:$C$92,"중국",'09_CF_원금'!$A$6:$A$92,"<="&$A46)+SUMIFS('09_CF_원금'!$E$6:$E$92,'09_CF_원금'!$D$6:$D$92,"업비트",'09_CF_원금'!$A$6:$A$92,"<="&$A46)-SUMIFS('09_CF_원금'!$E$6:$E$92,'09_CF_원금'!$C$6:$C$92,"업비트",'09_CF_원금'!$A$6:$A$92,"<="&$A46)) | AB46: =IF(OR(U46="",V46=""),"",U46-(V46-IF(S46="",0,S46))) | AC46: =IF(AB46="","",T46+AB46) | AD46: =IF(B46="","",MAX($B$5:B46)) | AJ46: =IF($A46="","",YEAR($A46)*100+MONTH($A46)) | AK46: =IF($A46="","",IF($N46="",0,1))
A47: 46066 | B47: =IF(V47<>"",V47-T47,IF(AF47<>"",AA47+AF47,"")) | C47: =IF(OR(B47="",B46=""),"",B47-B46) | D47: =IF(OR(B47="",AA47=""),"",B47-AA47) | E47: =IF(OR(B47="",AD47=0),"",MIN(0,B47/AD47-1)) | F47: =IF(OR(U47="",T47=0,T47=""),"",(P47-T47*1.4)/U47) | G47: =IF(OR(AC47="",'09_CF_원금'!$B$108=0),"",AC47/'09_CF_원금'!$B$108) | H47: =IF(OR(U47="",U47=0,AC47=""),"",AC47/U47) | I47: =IF(OR(S47="",U47=""),"",S47/(U47+S47)) | J47: =IF(W47<>"",W47-X47,IF(AG47<>"",AG47,"")) | K47: =IF(Q47<>"",Q47-Y47,IF(AH47<>"",AH47,"")) | L47: =IF(R47<>"",R47-Z47,IF(AI47<>"",AI47,"")) | Q47: =IF($A47="","",IF(Q46="","",Q46)) | R47: =IF($A47="","",IF(R46="","",R46)) | S47: =IF($A47="","",IF(S46="","",S46)) | T47: =IF(OR(P47="",W47=""),"",P47-W47) | U47: =IF($A47="","",IF(U46="","",U46)) | V47: =IF(P47="","",P47+IF(Q47="",0,Q47)+IF(R47="",0,R47)) | X47: =SUMIFS('09_CF_원금'!$E$6:$E$92,'09_CF_원금'!$D$6:$D$92,"국장",'09_CF_원금'!$A$6:$A$92,"<="&$A47)-SUMIFS('09_CF_원금'!$E$6:$E$92,'09_CF_원금'!$C$6:$C$92,"국장",'09_CF_원금'!$A$6:$A$92,"<="&$A47) | Y47: =SUMIFS('09_CF_원금'!$E$6:$E$92,'09_CF_원금'!$D$6:$D$92,"미장",'09_CF_원금'!$A$6:$A$92,"<="&$A47)-SUMIFS('09_CF_원금'!$E$6:$E$92,'09_CF_원금'!$C$6:$C$92,"미장",'09_CF_원금'!$A$6:$A$92,"<="&$A47) | Z47: =SUMIFS('09_CF_원금'!$E$6:$E$92,'09_CF_원금'!$D$6:$D$92,"ISA",'09_CF_원금'!$A$6:$A$92,"<="&$A47)-SUMIFS('09_CF_원금'!$E$6:$E$92,'09_CF_원금'!$C$6:$C$92,"ISA",'09_CF_원금'!$A$6:$A$92,"<="&$A47) | AA47: =IF($A47="","",X47+Y47+Z47+SUMIFS('09_CF_원금'!$E$6:$E$92,'09_CF_원금'!$D$6:$D$92,"중국",'09_CF_원금'!$A$6:$A$92,"<="&$A47)-SUMIFS('09_CF_원금'!$E$6:$E$92,'09_CF_원금'!$C$6:$C$92,"중국",'09_CF_원금'!$A$6:$A$92,"<="&$A47)+SUMIFS('09_CF_원금'!$E$6:$E$92,'09_CF_원금'!$D$6:$D$92,"업비트",'09_CF_원금'!$A$6:$A$92,"<="&$A47)-SUMIFS('09_CF_원금'!$E$6:$E$92,'09_CF_원금'!$C$6:$C$92,"업비트",'09_CF_원금'!$A$6:$A$92,"<="&$A47)) | AB47: =IF(OR(U47="",V47=""),"",U47-(V47-IF(S47="",0,S47))) | AC47: =IF(AB47="","",T47+AB47) | AD47: =IF(B47="","",MAX($B$5:B47)) | AE47: 24803 | AF47: 195378168 | AG47: 159945767 | AH47: 27170421 | AI47: 8261980 | AJ47: =IF($A47="","",YEAR($A47)*100+MONTH($A47)) | AK47: =IF($A47="","",IF($N47="",0,1))
A48: 46069 | B48: =IF(V48<>"",V48-T48,IF(AF48<>"",AA48+AF48,"")) | C48: =IF(OR(B48="",B47=""),"",B48-B47) | D48: =IF(OR(B48="",AA48=""),"",B48-AA48) | E48: =IF(OR(B48="",AD48=0),"",MIN(0,B48/AD48-1)) | F48: =IF(OR(U48="",T48=0,T48=""),"",(P48-T48*1.4)/U48) | G48: =IF(OR(AC48="",'09_CF_원금'!$B$108=0),"",AC48/'09_CF_원금'!$B$108) | H48: =IF(OR(U48="",U48=0,AC48=""),"",AC48/U48) | I48: =IF(OR(S48="",U48=""),"",S48/(U48+S48)) | J48: =IF(W48<>"",W48-X48,IF(AG48<>"",AG48,"")) | K48: =IF(Q48<>"",Q48-Y48,IF(AH48<>"",AH48,"")) | L48: =IF(R48<>"",R48-Z48,IF(AI48<>"",AI48,"")) | Q48: =IF($A48="","",IF(Q47="","",Q47)) | R48: =IF($A48="","",IF(R47="","",R47)) | S48: =IF($A48="","",IF(S47="","",S47)) | T48: =IF(OR(P48="",W48=""),"",P48-W48) | U48: =IF($A48="","",IF(U47="","",U47)) | V48: =IF(P48="","",P48+IF(Q48="",0,Q48)+IF(R48="",0,R48)) | X48: =SUMIFS('09_CF_원금'!$E$6:$E$92,'09_CF_원금'!$D$6:$D$92,"국장",'09_CF_원금'!$A$6:$A$92,"<="&$A48)-SUMIFS('09_CF_원금'!$E$6:$E$92,'09_CF_원금'!$C$6:$C$92,"국장",'09_CF_원금'!$A$6:$A$92,"<="&$A48) | Y48: =SUMIFS('09_CF_원금'!$E$6:$E$92,'09_CF_원금'!$D$6:$D$92,"미장",'09_CF_원금'!$A$6:$A$92,"<="&$A48)-SUMIFS('09_CF_원금'!$E$6:$E$92,'09_CF_원금'!$C$6:$C$92,"미장",'09_CF_원금'!$A$6:$A$92,"<="&$A48) | Z48: =SUMIFS('09_CF_원금'!$E$6:$E$92,'09_CF_원금'!$D$6:$D$92,"ISA",'09_CF_원금'!$A$6:$A$92,"<="&$A48)-SUMIFS('09_CF_원금'!$E$6:$E$92,'09_CF_원금'!$C$6:$C$92,"ISA",'09_CF_원금'!$A$6:$A$92,"<="&$A48) | AA48: =IF($A48="","",X48+Y48+Z48+SUMIFS('09_CF_원금'!$E$6:$E$92,'09_CF_원금'!$D$6:$D$92,"중국",'09_CF_원금'!$A$6:$A$92,"<="&$A48)-SUMIFS('09_CF_원금'!$E$6:$E$92,'09_CF_원금'!$C$6:$C$92,"중국",'09_CF_원금'!$A$6:$A$92,"<="&$A48)+SUMIFS('09_CF_원금'!$E$6:$E$92,'09_CF_원금'!$D$6:$D$92,"업비트",'09_CF_원금'!$A$6:$A$92,"<="&$A48)-SUMIFS('09_CF_원금'!$E$6:$E$92,'09_CF_원금'!$C$6:$C$92,"업비트",'09_CF_원금'!$A$6:$A$92,"<="&$A48)) | AB48: =IF(OR(U48="",V48=""),"",U48-(V48-IF(S48="",0,S48))) | AC48: =IF(AB48="","",T48+AB48) | AD48: =IF(B48="","",MAX($B$5:B48)) | AJ48: =IF($A48="","",YEAR($A48)*100+MONTH($A48)) | AK48: =IF($A48="","",IF($N48="",0,1))
A49: 46070 | B49: =IF(V49<>"",V49-T49,IF(AF49<>"",AA49+AF49,"")) | C49: =IF(OR(B49="",B48=""),"",B49-B48) | D49: =IF(OR(B49="",AA49=""),"",B49-AA49) | E49: =IF(OR(B49="",AD49=0),"",MIN(0,B49/AD49-1)) | F49: =IF(OR(U49="",T49=0,T49=""),"",(P49-T49*1.4)/U49) | G49: =IF(OR(AC49="",'09_CF_원금'!$B$108=0),"",AC49/'09_CF_원금'!$B$108) | H49: =IF(OR(U49="",U49=0,AC49=""),"",AC49/U49) | I49: =IF(OR(S49="",U49=""),"",S49/(U49+S49)) | J49: =IF(W49<>"",W49-X49,IF(AG49<>"",AG49,"")) | K49: =IF(Q49<>"",Q49-Y49,IF(AH49<>"",AH49,"")) | L49: =IF(R49<>"",R49-Z49,IF(AI49<>"",AI49,"")) | Q49: =IF($A49="","",IF(Q48="","",Q48)) | R49: =IF($A49="","",IF(R48="","",R48)) | S49: =IF($A49="","",IF(S48="","",S48)) | T49: =IF(OR(P49="",W49=""),"",P49-W49) | U49: =IF($A49="","",IF(U48="","",U48)) | V49: =IF(P49="","",P49+IF(Q49="",0,Q49)+IF(R49="",0,R49)) | X49: =SUMIFS('09_CF_원금'!$E$6:$E$92,'09_CF_원금'!$D$6:$D$92,"국장",'09_CF_원금'!$A$6:$A$92,"<="&$A49)-SUMIFS('09_CF_원금'!$E$6:$E$92,'09_CF_원금'!$C$6:$C$92,"국장",'09_CF_원금'!$A$6:$A$92,"<="&$A49) | Y49: =SUMIFS('09_CF_원금'!$E$6:$E$92,'09_CF_원금'!$D$6:$D$92,"미장",'09_CF_원금'!$A$6:$A$92,"<="&$A49)-SUMIFS('09_CF_원금'!$E$6:$E$92,'09_CF_원금'!$C$6:$C$92,"미장",'09_CF_원금'!$A$6:$A$92,"<="&$A49) | Z49: =SUMIFS('09_CF_원금'!$E$6:$E$92,'09_CF_원금'!$D$6:$D$92,"ISA",'09_CF_원금'!$A$6:$A$92,"<="&$A49)-SUMIFS('09_CF_원금'!$E$6:$E$92,'09_CF_원금'!$C$6:$C$92,"ISA",'09_CF_원금'!$A$6:$A$92,"<="&$A49) | AA49: =IF($A49="","",X49+Y49+Z49+SUMIFS('09_CF_원금'!$E$6:$E$92,'09_CF_원금'!$D$6:$D$92,"중국",'09_CF_원금'!$A$6:$A$92,"<="&$A49)-SUMIFS('09_CF_원금'!$E$6:$E$92,'09_CF_원금'!$C$6:$C$92,"중국",'09_CF_원금'!$A$6:$A$92,"<="&$A49)+SUMIFS('09_CF_원금'!$E$6:$E$92,'09_CF_원금'!$D$6:$D$92,"업비트",'09_CF_원금'!$A$6:$A$92,"<="&$A49)-SUMIFS('09_CF_원금'!$E$6:$E$92,'09_CF_원금'!$C$6:$C$92,"업비트",'09_CF_원금'!$A$6:$A$92,"<="&$A49)) | AB49: =IF(OR(U49="",V49=""),"",U49-(V49-IF(S49="",0,S49))) | AC49: =IF(AB49="","",T49+AB49) | AD49: =IF(B49="","",MAX($B$5:B49)) | AJ49: =IF($A49="","",YEAR($A49)*100+MONTH($A49)) | AK49: =IF($A49="","",IF($N49="",0,1))
A50: 46071 | B50: =IF(V50<>"",V50-T50,IF(AF50<>"",AA50+AF50,"")) | C50: =IF(OR(B50="",B49=""),"",B50-B49) | D50: =IF(OR(B50="",AA50=""),"",B50-AA50) | E50: =IF(OR(B50="",AD50=0),"",MIN(0,B50/AD50-1)) | F50: =IF(OR(U50="",T50=0,T50=""),"",(P50-T50*1.4)/U50) | G50: =IF(OR(AC50="",'09_CF_원금'!$B$108=0),"",AC50/'09_CF_원금'!$B$108) | H50: =IF(OR(U50="",U50=0,AC50=""),"",AC50/U50) | I50: =IF(OR(S50="",U50=""),"",S50/(U50+S50)) | J50: =IF(W50<>"",W50-X50,IF(AG50<>"",AG50,"")) | K50: =IF(Q50<>"",Q50-Y50,IF(AH50<>"",AH50,"")) | L50: =IF(R50<>"",R50-Z50,IF(AI50<>"",AI50,"")) | Q50: =IF($A50="","",IF(Q49="","",Q49)) | R50: =IF($A50="","",IF(R49="","",R49)) | S50: =IF($A50="","",IF(S49="","",S49)) | T50: =IF(OR(P50="",W50=""),"",P50-W50) | U50: =IF($A50="","",IF(U49="","",U49)) | V50: =IF(P50="","",P50+IF(Q50="",0,Q50)+IF(R50="",0,R50)) | X50: =SUMIFS('09_CF_원금'!$E$6:$E$92,'09_CF_원금'!$D$6:$D$92,"국장",'09_CF_원금'!$A$6:$A$92,"<="&$A50)-SUMIFS('09_CF_원금'!$E$6:$E$92,'09_CF_원금'!$C$6:$C$92,"국장",'09_CF_원금'!$A$6:$A$92,"<="&$A50) | Y50: =SUMIFS('09_CF_원금'!$E$6:$E$92,'09_CF_원금'!$D$6:$D$92,"미장",'09_CF_원금'!$A$6:$A$92,"<="&$A50)-SUMIFS('09_CF_원금'!$E$6:$E$92,'09_CF_원금'!$C$6:$C$92,"미장",'09_CF_원금'!$A$6:$A$92,"<="&$A50) | Z50: =SUMIFS('09_CF_원금'!$E$6:$E$92,'09_CF_원금'!$D$6:$D$92,"ISA",'09_CF_원금'!$A$6:$A$92,"<="&$A50)-SUMIFS('09_CF_원금'!$E$6:$E$92,'09_CF_원금'!$C$6:$C$92,"ISA",'09_CF_원금'!$A$6:$A$92,"<="&$A50) | AA50: =IF($A50="","",X50+Y50+Z50+SUMIFS('09_CF_원금'!$E$6:$E$92,'09_CF_원금'!$D$6:$D$92,"중국",'09_CF_원금'!$A$6:$A$92,"<="&$A50)-SUMIFS('09_CF_원금'!$E$6:$E$92,'09_CF_원금'!$C$6:$C$92,"중국",'09_CF_원금'!$A$6:$A$92,"<="&$A50)+SUMIFS('09_CF_원금'!$E$6:$E$92,'09_CF_원금'!$D$6:$D$92,"업비트",'09_CF_원금'!$A$6:$A$92,"<="&$A50)-SUMIFS('09_CF_원금'!$E$6:$E$92,'09_CF_원금'!$C$6:$C$92,"업비트",'09_CF_원금'!$A$6:$A$92,"<="&$A50)) | AB50: =IF(OR(U50="",V50=""),"",U50-(V50-IF(S50="",0,S50))) | AC50: =IF(AB50="","",T50+AB50) | AD50: =IF(B50="","",MAX($B$5:B50)) | AJ50: =IF($A50="","",YEAR($A50)*100+MONTH($A50)) | AK50: =IF($A50="","",IF($N50="",0,1))
A51: 46072 | B51: =IF(V51<>"",V51-T51,IF(AF51<>"",AA51+AF51,"")) | C51: =IF(OR(B51="",B50=""),"",B51-B50) | D51: =IF(OR(B51="",AA51=""),"",B51-AA51) | E51: =IF(OR(B51="",AD51=0),"",MIN(0,B51/AD51-1)) | F51: =IF(OR(U51="",T51=0,T51=""),"",(P51-T51*1.4)/U51) | G51: =IF(OR(AC51="",'09_CF_원금'!$B$108=0),"",AC51/'09_CF_원금'!$B$108) | H51: =IF(OR(U51="",U51=0,AC51=""),"",AC51/U51) | I51: =IF(OR(S51="",U51=""),"",S51/(U51+S51)) | J51: =IF(W51<>"",W51-X51,IF(AG51<>"",AG51,"")) | K51: =IF(Q51<>"",Q51-Y51,IF(AH51<>"",AH51,"")) | L51: =IF(R51<>"",R51-Z51,IF(AI51<>"",AI51,"")) | Q51: =IF($A51="","",IF(Q50="","",Q50)) | R51: =IF($A51="","",IF(R50="","",R50)) | S51: =IF($A51="","",IF(S50="","",S50)) | T51: =IF(OR(P51="",W51=""),"",P51-W51) | U51: =IF($A51="","",IF(U50="","",U50)) | V51: =IF(P51="","",P51+IF(Q51="",0,Q51)+IF(R51="",0,R51)) | X51: =SUMIFS('09_CF_원금'!$E$6:$E$92,'09_CF_원금'!$D$6:$D$92,"국장",'09_CF_원금'!$A$6:$A$92,"<="&$A51)-SUMIFS('09_CF_원금'!$E$6:$E$92,'09_CF_원금'!$C$6:$C$92,"국장",'09_CF_원금'!$A$6:$A$92,"<="&$A51) | Y51: =SUMIFS('09_CF_원금'!$E$6:$E$92,'09_CF_원금'!$D$6:$D$92,"미장",'09_CF_원금'!$A$6:$A$92,"<="&$A51)-SUMIFS('09_CF_원금'!$E$6:$E$92,'09_CF_원금'!$C$6:$C$92,"미장",'09_CF_원금'!$A$6:$A$92,"<="&$A51) | Z51: =SUMIFS('09_CF_원금'!$E$6:$E$92,'09_CF_원금'!$D$6:$D$92,"ISA",'09_CF_원금'!$A$6:$A$92,"<="&$A51)-SUMIFS('09_CF_원금'!$E$6:$E$92,'09_CF_원금'!$C$6:$C$92,"ISA",'09_CF_원금'!$A$6:$A$92,"<="&$A51) | AA51: =IF($A51="","",X51+Y51+Z51+SUMIFS('09_CF_원금'!$E$6:$E$92,'09_CF_원금'!$D$6:$D$92,"중국",'09_CF_원금'!$A$6:$A$92,"<="&$A51)-SUMIFS('09_CF_원금'!$E$6:$E$92,'09_CF_원금'!$C$6:$C$92,"중국",'09_CF_원금'!$A$6:$A$92,"<="&$A51)+SUMIFS('09_CF_원금'!$E$6:$E$92,'09_CF_원금'!$D$6:$D$92,"업비트",'09_CF_원금'!$A$6:$A$92,"<="&$A51)-SUMIFS('09_CF_원금'!$E$6:$E$92,'09_CF_원금'!$C$6:$C$92,"업비트",'09_CF_원금'!$A$6:$A$92,"<="&$A51)) | AB51: =IF(OR(U51="",V51=""),"",U51-(V51-IF(S51="",0,S51))) | AC51: =IF(AB51="","",T51+AB51) | AD51: =IF(B51="","",MAX($B$5:B51)) | AJ51: =IF($A51="","",YEAR($A51)*100+MONTH($A51)) | AK51: =IF($A51="","",IF($N51="",0,1))
A52: 46073 | B52: =IF(V52<>"",V52-T52,IF(AF52<>"",AA52+AF52,"")) | C52: =IF(OR(B52="",B51=""),"",B52-B51) | D52: =IF(OR(B52="",AA52=""),"",B52-AA52) | E52: =IF(OR(B52="",AD52=0),"",MIN(0,B52/AD52-1)) | F52: =IF(OR(U52="",T52=0,T52=""),"",(P52-T52*1.4)/U52) | G52: =IF(OR(AC52="",'09_CF_원금'!$B$108=0),"",AC52/'09_CF_원금'!$B$108) | H52: =IF(OR(U52="",U52=0,AC52=""),"",AC52/U52) | I52: =IF(OR(S52="",U52=""),"",S52/(U52+S52)) | J52: =IF(W52<>"",W52-X52,IF(AG52<>"",AG52,"")) | K52: =IF(Q52<>"",Q52-Y52,IF(AH52<>"",AH52,"")) | L52: =IF(R52<>"",R52-Z52,IF(AI52<>"",AI52,"")) | Q52: =IF($A52="","",IF(Q51="","",Q51)) | R52: =IF($A52="","",IF(R51="","",R51)) | S52: =IF($A52="","",IF(S51="","",S51)) | T52: =IF(OR(P52="",W52=""),"",P52-W52) | U52: =IF($A52="","",IF(U51="","",U51)) | V52: =IF(P52="","",P52+IF(Q52="",0,Q52)+IF(R52="",0,R52)) | X52: =SUMIFS('09_CF_원금'!$E$6:$E$92,'09_CF_원금'!$D$6:$D$92,"국장",'09_CF_원금'!$A$6:$A$92,"<="&$A52)-SUMIFS('09_CF_원금'!$E$6:$E$92,'09_CF_원금'!$C$6:$C$92,"국장",'09_CF_원금'!$A$6:$A$92,"<="&$A52) | Y52: =SUMIFS('09_CF_원금'!$E$6:$E$92,'09_CF_원금'!$D$6:$D$92,"미장",'09_CF_원금'!$A$6:$A$92,"<="&$A52)-SUMIFS('09_CF_원금'!$E$6:$E$92,'09_CF_원금'!$C$6:$C$92,"미장",'09_CF_원금'!$A$6:$A$92,"<="&$A52) | Z52: =SUMIFS('09_CF_원금'!$E$6:$E$92,'09_CF_원금'!$D$6:$D$92,"ISA",'09_CF_원금'!$A$6:$A$92,"<="&$A52)-SUMIFS('09_CF_원금'!$E$6:$E$92,'09_CF_원금'!$C$6:$C$92,"ISA",'09_CF_원금'!$A$6:$A$92,"<="&$A52) | AA52: =IF($A52="","",X52+Y52+Z52+SUMIFS('09_CF_원금'!$E$6:$E$92,'09_CF_원금'!$D$6:$D$92,"중국",'09_CF_원금'!$A$6:$A$92,"<="&$A52)-SUMIFS('09_CF_원금'!$E$6:$E$92,'09_CF_원금'!$C$6:$C$92,"중국",'09_CF_원금'!$A$6:$A$92,"<="&$A52)+SUMIFS('09_CF_원금'!$E$6:$E$92,'09_CF_원금'!$D$6:$D$92,"업비트",'09_CF_원금'!$A$6:$A$92,"<="&$A52)-SUMIFS('09_CF_원금'!$E$6:$E$92,'09_CF_원금'!$C$6:$C$92,"업비트",'09_CF_원금'!$A$6:$A$92,"<="&$A52)) | AB52: =IF(OR(U52="",V52=""),"",U52-(V52-IF(S52="",0,S52))) | AC52: =IF(AB52="","",T52+AB52) | AD52: =IF(B52="","",MAX($B$5:B52)) | AE52: 25067.5 | AF52: 235766797 | AG52: 192834168 | AH52: 33037662 | AI52: 9894967 | AJ52: =IF($A52="","",YEAR($A52)*100+MONTH($A52)) | AK52: =IF($A52="","",IF($N52="",0,1))
A53: 46076 | B53: =IF(V53<>"",V53-T53,IF(AF53<>"",AA53+AF53,"")) | C53: =IF(OR(B53="",B52=""),"",B53-B52) | D53: =IF(OR(B53="",AA53=""),"",B53-AA53) | E53: =IF(OR(B53="",AD53=0),"",MIN(0,B53/AD53-1)) | F53: =IF(OR(U53="",T53=0,T53=""),"",(P53-T53*1.4)/U53) | G53: =IF(OR(AC53="",'09_CF_원금'!$B$108=0),"",AC53/'09_CF_원금'!$B$108) | H53: =IF(OR(U53="",U53=0,AC53=""),"",AC53/U53) | I53: =IF(OR(S53="",U53=""),"",S53/(U53+S53)) | J53: =IF(W53<>"",W53-X53,IF(AG53<>"",AG53,"")) | K53: =IF(Q53<>"",Q53-Y53,IF(AH53<>"",AH53,"")) | L53: =IF(R53<>"",R53-Z53,IF(AI53<>"",AI53,"")) | Q53: =IF($A53="","",IF(Q52="","",Q52)) | R53: =IF($A53="","",IF(R52="","",R52)) | S53: =IF($A53="","",IF(S52="","",S52)) | T53: =IF(OR(P53="",W53=""),"",P53-W53) | U53: =IF($A53="","",IF(U52="","",U52)) | V53: =IF(P53="","",P53+IF(Q53="",0,Q53)+IF(R53="",0,R53)) | X53: =SUMIFS('09_CF_원금'!$E$6:$E$92,'09_CF_원금'!$D$6:$D$92,"국장",'09_CF_원금'!$A$6:$A$92,"<="&$A53)-SUMIFS('09_CF_원금'!$E$6:$E$92,'09_CF_원금'!$C$6:$C$92,"국장",'09_CF_원금'!$A$6:$A$92,"<="&$A53) | Y53: =SUMIFS('09_CF_원금'!$E$6:$E$92,'09_CF_원금'!$D$6:$D$92,"미장",'09_CF_원금'!$A$6:$A$92,"<="&$A53)-SUMIFS('09_CF_원금'!$E$6:$E$92,'09_CF_원금'!$C$6:$C$92,"미장",'09_CF_원금'!$A$6:$A$92,"<="&$A53) | Z53: =SUMIFS('09_CF_원금'!$E$6:$E$92,'09_CF_원금'!$D$6:$D$92,"ISA",'09_CF_원금'!$A$6:$A$92,"<="&$A53)-SUMIFS('09_CF_원금'!$E$6:$E$92,'09_CF_원금'!$C$6:$C$92,"ISA",'09_CF_원금'!$A$6:$A$92,"<="&$A53) | AA53: =IF($A53="","",X53+Y53+Z53+SUMIFS('09_CF_원금'!$E$6:$E$92,'09_CF_원금'!$D$6:$D$92,"중국",'09_CF_원금'!$A$6:$A$92,"<="&$A53)-SUMIFS('09_CF_원금'!$E$6:$E$92,'09_CF_원금'!$C$6:$C$92,"중국",'09_CF_원금'!$A$6:$A$92,"<="&$A53)+SUMIFS('09_CF_원금'!$E$6:$E$92,'09_CF_원금'!$D$6:$D$92,"업비트",'09_CF_원금'!$A$6:$A$92,"<="&$A53)-SUMIFS('09_CF_원금'!$E$6:$E$92,'09_CF_원금'!$C$6:$C$92,"업비트",'09_CF_원금'!$A$6:$A$92,"<="&$A53)) | AB53: =IF(OR(U53="",V53=""),"",U53-(V53-IF(S53="",0,S53))) | AC53: =IF(AB53="","",T53+AB53) | AD53: =IF(B53="","",MAX($B$5:B53)) | AJ53: =IF($A53="","",YEAR($A53)*100+MONTH($A53)) | AK53: =IF($A53="","",IF($N53="",0,1))
A54: 46077 | B54: =IF(V54<>"",V54-T54,IF(AF54<>"",AA54+AF54,"")) | C54: =IF(OR(B54="",B53=""),"",B54-B53) | D54: =IF(OR(B54="",AA54=""),"",B54-AA54) | E54: =IF(OR(B54="",AD54=0),"",MIN(0,B54/AD54-1)) | F54: =IF(OR(U54="",T54=0,T54=""),"",(P54-T54*1.4)/U54) | G54: =IF(OR(AC54="",'09_CF_원금'!$B$108=0),"",AC54/'09_CF_원금'!$B$108) | H54: =IF(OR(U54="",U54=0,AC54=""),"",AC54/U54) | I54: =IF(OR(S54="",U54=""),"",S54/(U54+S54)) | J54: =IF(W54<>"",W54-X54,IF(AG54<>"",AG54,"")) | K54: =IF(Q54<>"",Q54-Y54,IF(AH54<>"",AH54,"")) | L54: =IF(R54<>"",R54-Z54,IF(AI54<>"",AI54,"")) | Q54: =IF($A54="","",IF(Q53="","",Q53)) | R54: =IF($A54="","",IF(R53="","",R53)) | S54: =IF($A54="","",IF(S53="","",S53)) | T54: =IF(OR(P54="",W54=""),"",P54-W54) | U54: =IF($A54="","",IF(U53="","",U53)) | V54: =IF(P54="","",P54+IF(Q54="",0,Q54)+IF(R54="",0,R54)) | X54: =SUMIFS('09_CF_원금'!$E$6:$E$92,'09_CF_원금'!$D$6:$D$92,"국장",'09_CF_원금'!$A$6:$A$92,"<="&$A54)-SUMIFS('09_CF_원금'!$E$6:$E$92,'09_CF_원금'!$C$6:$C$92,"국장",'09_CF_원금'!$A$6:$A$92,"<="&$A54) | Y54: =SUMIFS('09_CF_원금'!$E$6:$E$92,'09_CF_원금'!$D$6:$D$92,"미장",'09_CF_원금'!$A$6:$A$92,"<="&$A54)-SUMIFS('09_CF_원금'!$E$6:$E$92,'09_CF_원금'!$C$6:$C$92,"미장",'09_CF_원금'!$A$6:$A$92,"<="&$A54) | Z54: =SUMIFS('09_CF_원금'!$E$6:$E$92,'09_CF_원금'!$D$6:$D$92,"ISA",'09_CF_원금'!$A$6:$A$92,"<="&$A54)-SUMIFS('09_CF_원금'!$E$6:$E$92,'09_CF_원금'!$C$6:$C$92,"ISA",'09_CF_원금'!$A$6:$A$92,"<="&$A54) | AA54: =IF($A54="","",X54+Y54+Z54+SUMIFS('09_CF_원금'!$E$6:$E$92,'09_CF_원금'!$D$6:$D$92,"중국",'09_CF_원금'!$A$6:$A$92,"<="&$A54)-SUMIFS('09_CF_원금'!$E$6:$E$92,'09_CF_원금'!$C$6:$C$92,"중국",'09_CF_원금'!$A$6:$A$92,"<="&$A54)+SUMIFS('09_CF_원금'!$E$6:$E$92,'09_CF_원금'!$D$6:$D$92,"업비트",'09_CF_원금'!$A$6:$A$92,"<="&$A54)-SUMIFS('09_CF_원금'!$E$6:$E$92,'09_CF_원금'!$C$6:$C$92,"업비트",'09_CF_원금'!$A$6:$A$92,"<="&$A54)) | AB54: =IF(OR(U54="",V54=""),"",U54-(V54-IF(S54="",0,S54))) | AC54: =IF(AB54="","",T54+AB54) | AD54: =IF(B54="","",MAX($B$5:B54)) | AJ54: =IF($A54="","",YEAR($A54)*100+MONTH($A54)) | AK54: =IF($A54="","",IF($N54="",0,1))
A55: 46078 | B55: =IF(V55<>"",V55-T55,IF(AF55<>"",AA55+AF55,"")) | C55: =IF(OR(B55="",B54=""),"",B55-B54) | D55: =IF(OR(B55="",AA55=""),"",B55-AA55) | E55: =IF(OR(B55="",AD55=0),"",MIN(0,B55/AD55-1)) | F55: =IF(OR(U55="",T55=0,T55=""),"",(P55-T55*1.4)/U55) | G55: =IF(OR(AC55="",'09_CF_원금'!$B$108=0),"",AC55/'09_CF_원금'!$B$108) | H55: =IF(OR(U55="",U55=0,AC55=""),"",AC55/U55) | I55: =IF(OR(S55="",U55=""),"",S55/(U55+S55)) | J55: =IF(W55<>"",W55-X55,IF(AG55<>"",AG55,"")) | K55: =IF(Q55<>"",Q55-Y55,IF(AH55<>"",AH55,"")) | L55: =IF(R55<>"",R55-Z55,IF(AI55<>"",AI55,"")) | Q55: =IF($A55="","",IF(Q54="","",Q54)) | R55: =IF($A55="","",IF(R54="","",R54)) | S55: =IF($A55="","",IF(S54="","",S54)) | T55: =IF(OR(P55="",W55=""),"",P55-W55) | U55: =IF($A55="","",IF(U54="","",U54)) | V55: =IF(P55="","",P55+IF(Q55="",0,Q55)+IF(R55="",0,R55)) | X55: =SUMIFS('09_CF_원금'!$E$6:$E$92,'09_CF_원금'!$D$6:$D$92,"국장",'09_CF_원금'!$A$6:$A$92,"<="&$A55)-SUMIFS('09_CF_원금'!$E$6:$E$92,'09_CF_원금'!$C$6:$C$92,"국장",'09_CF_원금'!$A$6:$A$92,"<="&$A55) | Y55: =SUMIFS('09_CF_원금'!$E$6:$E$92,'09_CF_원금'!$D$6:$D$92,"미장",'09_CF_원금'!$A$6:$A$92,"<="&$A55)-SUMIFS('09_CF_원금'!$E$6:$E$92,'09_CF_원금'!$C$6:$C$92,"미장",'09_CF_원금'!$A$6:$A$92,"<="&$A55) | Z55: =SUMIFS('09_CF_원금'!$E$6:$E$92,'09_CF_원금'!$D$6:$D$92,"ISA",'09_CF_원금'!$A$6:$A$92,"<="&$A55)-SUMIFS('09_CF_원금'!$E$6:$E$92,'09_CF_원금'!$C$6:$C$92,"ISA",'09_CF_원금'!$A$6:$A$92,"<="&$A55) | AA55: =IF($A55="","",X55+Y55+Z55+SUMIFS('09_CF_원금'!$E$6:$E$92,'09_CF_원금'!$D$6:$D$92,"중국",'09_CF_원금'!$A$6:$A$92,"<="&$A55)-SUMIFS('09_CF_원금'!$E$6:$E$92,'09_CF_원금'!$C$6:$C$92,"중국",'09_CF_원금'!$A$6:$A$92,"<="&$A55)+SUMIFS('09_CF_원금'!$E$6:$E$92,'09_CF_원금'!$D$6:$D$92,"업비트",'09_CF_원금'!$A$6:$A$92,"<="&$A55)-SUMIFS('09_CF_원금'!$E$6:$E$92,'09_CF_원금'!$C$6:$C$92,"업비트",'09_CF_원금'!$A$6:$A$92,"<="&$A55)) | AB55: =IF(OR(U55="",V55=""),"",U55-(V55-IF(S55="",0,S55))) | AC55: =IF(AB55="","",T55+AB55) | AD55: =IF(B55="","",MAX($B$5:B55)) | AJ55: =IF($A55="","",YEAR($A55)*100+MONTH($A55)) | AK55: =IF($A55="","",IF($N55="",0,1))
A56: 46079 | B56: =IF(V56<>"",V56-T56,IF(AF56<>"",AA56+AF56,"")) | C56: =IF(OR(B56="",B55=""),"",B56-B55) | D56: =IF(OR(B56="",AA56=""),"",B56-AA56) | E56: =IF(OR(B56="",AD56=0),"",MIN(0,B56/AD56-1)) | F56: =IF(OR(U56="",T56=0,T56=""),"",(P56-T56*1.4)/U56) | G56: =IF(OR(AC56="",'09_CF_원금'!$B$108=0),"",AC56/'09_CF_원금'!$B$108) | H56: =IF(OR(U56="",U56=0,AC56=""),"",AC56/U56) | I56: =IF(OR(S56="",U56=""),"",S56/(U56+S56)) | J56: =IF(W56<>"",W56-X56,IF(AG56<>"",AG56,"")) | K56: =IF(Q56<>"",Q56-Y56,IF(AH56<>"",AH56,"")) | L56: =IF(R56<>"",R56-Z56,IF(AI56<>"",AI56,"")) | Q56: =IF($A56="","",IF(Q55="","",Q55)) | R56: =IF($A56="","",IF(R55="","",R55)) | S56: =IF($A56="","",IF(S55="","",S55)) | T56: =IF(OR(P56="",W56=""),"",P56-W56) | U56: =IF($A56="","",IF(U55="","",U55)) | V56: =IF(P56="","",P56+IF(Q56="",0,Q56)+IF(R56="",0,R56)) | X56: =SUMIFS('09_CF_원금'!$E$6:$E$92,'09_CF_원금'!$D$6:$D$92,"국장",'09_CF_원금'!$A$6:$A$92,"<="&$A56)-SUMIFS('09_CF_원금'!$E$6:$E$92,'09_CF_원금'!$C$6:$C$92,"국장",'09_CF_원금'!$A$6:$A$92,"<="&$A56) | Y56: =SUMIFS('09_CF_원금'!$E$6:$E$92,'09_CF_원금'!$D$6:$D$92,"미장",'09_CF_원금'!$A$6:$A$92,"<="&$A56)-SUMIFS('09_CF_원금'!$E$6:$E$92,'09_CF_원금'!$C$6:$C$92,"미장",'09_CF_원금'!$A$6:$A$92,"<="&$A56) | Z56: =SUMIFS('09_CF_원금'!$E$6:$E$92,'09_CF_원금'!$D$6:$D$92,"ISA",'09_CF_원금'!$A$6:$A$92,"<="&$A56)-SUMIFS('09_CF_원금'!$E$6:$E$92,'09_CF_원금'!$C$6:$C$92,"ISA",'09_CF_원금'!$A$6:$A$92,"<="&$A56) | AA56: =IF($A56="","",X56+Y56+Z56+SUMIFS('09_CF_원금'!$E$6:$E$92,'09_CF_원금'!$D$6:$D$92,"중국",'09_CF_원금'!$A$6:$A$92,"<="&$A56)-SUMIFS('09_CF_원금'!$E$6:$E$92,'09_CF_원금'!$C$6:$C$92,"중국",'09_CF_원금'!$A$6:$A$92,"<="&$A56)+SUMIFS('09_CF_원금'!$E$6:$E$92,'09_CF_원금'!$D$6:$D$92,"업비트",'09_CF_원금'!$A$6:$A$92,"<="&$A56)-SUMIFS('09_CF_원금'!$E$6:$E$92,'09_CF_원금'!$C$6:$C$92,"업비트",'09_CF_원금'!$A$6:$A$92,"<="&$A56)) | AB56: =IF(OR(U56="",V56=""),"",U56-(V56-IF(S56="",0,S56))) | AC56: =IF(AB56="","",T56+AB56) | AD56: =IF(B56="","",MAX($B$5:B56)) | AJ56: =IF($A56="","",YEAR($A56)*100+MONTH($A56)) | AK56: =IF($A56="","",IF($N56="",0,1))
A57: 46080 | B57: =IF(V57<>"",V57-T57,IF(AF57<>"",AA57+AF57,"")) | C57: =IF(OR(B57="",B56=""),"",B57-B56) | D57: =IF(OR(B57="",AA57=""),"",B57-AA57) | E57: =IF(OR(B57="",AD57=0),"",MIN(0,B57/AD57-1)) | F57: =IF(OR(U57="",T57=0,T57=""),"",(P57-T57*1.4)/U57) | G57: =IF(OR(AC57="",'09_CF_원금'!$B$108=0),"",AC57/'09_CF_원금'!$B$108) | H57: =IF(OR(U57="",U57=0,AC57=""),"",AC57/U57) | I57: =IF(OR(S57="",U57=""),"",S57/(U57+S57)) | J57: =IF(W57<>"",W57-X57,IF(AG57<>"",AG57,"")) | K57: =IF(Q57<>"",Q57-Y57,IF(AH57<>"",AH57,"")) | L57: =IF(R57<>"",R57-Z57,IF(AI57<>"",AI57,"")) | O57: '26 고점권 | Q57: =IF($A57="","",IF(Q56="","",Q56)) | R57: =IF($A57="","",IF(R56="","",R56)) | S57: =IF($A57="","",IF(S56="","",S56)) | T57: =IF(OR(P57="",W57=""),"",P57-W57) | U57: =IF($A57="","",IF(U56="","",U56)) | V57: =IF(P57="","",P57+IF(Q57="",0,Q57)+IF(R57="",0,R57)) | X57: =SUMIFS('09_CF_원금'!$E$6:$E$92,'09_CF_원금'!$D$6:$D$92,"국장",'09_CF_원금'!$A$6:$A$92,"<="&$A57)-SUMIFS('09_CF_원금'!$E$6:$E$92,'09_CF_원금'!$C$6:$C$92,"국장",'09_CF_원금'!$A$6:$A$92,"<="&$A57) | Y57: =SUMIFS('09_CF_원금'!$E$6:$E$92,'09_CF_원금'!$D$6:$D$92,"미장",'09_CF_원금'!$A$6:$A$92,"<="&$A57)-SUMIFS('09_CF_원금'!$E$6:$E$92,'09_CF_원금'!$C$6:$C$92,"미장",'09_CF_원금'!$A$6:$A$92,"<="&$A57) | Z57: =SUMIFS('09_CF_원금'!$E$6:$E$92,'09_CF_원금'!$D$6:$D$92,"ISA",'09_CF_원금'!$A$6:$A$92,"<="&$A57)-SUMIFS('09_CF_원금'!$E$6:$E$92,'09_CF_원금'!$C$6:$C$92,"ISA",'09_CF_원금'!$A$6:$A$92,"<="&$A57) | AA57: =IF($A57="","",X57+Y57+Z57+SUMIFS('09_CF_원금'!$E$6:$E$92,'09_CF_원금'!$D$6:$D$92,"중국",'09_CF_원금'!$A$6:$A$92,"<="&$A57)-SUMIFS('09_CF_원금'!$E$6:$E$92,'09_CF_원금'!$C$6:$C$92,"중국",'09_CF_원금'!$A$6:$A$92,"<="&$A57)+SUMIFS('09_CF_원금'!$E$6:$E$92,'09_CF_원금'!$D$6:$D$92,"업비트",'09_CF_원금'!$A$6:$A$92,"<="&$A57)-SUMIFS('09_CF_원금'!$E$6:$E$92,'09_CF_원금'!$C$6:$C$92,"업비트",'09_CF_원금'!$A$6:$A$92,"<="&$A57)) | AB57: =IF(OR(U57="",V57=""),"",U57-(V57-IF(S57="",0,S57))) | AC57: =IF(AB57="","",T57+AB57) | AD57: =IF(B57="","",MAX($B$5:B57)) | AE57: 24977.25 | AF57: 306753322 | AG57: 271306879 | AH57: 24580175 | AI57: 10866268 | AJ57: =IF($A57="","",YEAR($A57)*100+MONTH($A57)) | AK57: =IF($A57="","",IF($N57="",0,1))
A58: 46083 | B58: =IF(V58<>"",V58-T58,IF(AF58<>"",AA58+AF58,"")) | C58: =IF(OR(B58="",B57=""),"",B58-B57) | D58: =IF(OR(B58="",AA58=""),"",B58-AA58) | E58: =IF(OR(B58="",AD58=0),"",MIN(0,B58/AD58-1)) | F58: =IF(OR(U58="",T58=0,T58=""),"",(P58-T58*1.4)/U58) | G58: =IF(OR(AC58="",'09_CF_원금'!$B$108=0),"",AC58/'09_CF_원금'!$B$108) | H58: =IF(OR(U58="",U58=0,AC58=""),"",AC58/U58) | I58: =IF(OR(S58="",U58=""),"",S58/(U58+S58)) | J58: =IF(W58<>"",W58-X58,IF(AG58<>"",AG58,"")) | K58: =IF(Q58<>"",Q58-Y58,IF(AH58<>"",AH58,"")) | L58: =IF(R58<>"",R58-Z58,IF(AI58<>"",AI58,"")) | Q58: =IF($A58="","",IF(Q57="","",Q57)) | R58: =IF($A58="","",IF(R57="","",R57)) | S58: =IF($A58="","",IF(S57="","",S57)) | T58: =IF(OR(P58="",W58=""),"",P58-W58) | U58: =IF($A58="","",IF(U57="","",U57)) | V58: =IF(P58="","",P58+IF(Q58="",0,Q58)+IF(R58="",0,R58)) | X58: =SUMIFS('09_CF_원금'!$E$6:$E$92,'09_CF_원금'!$D$6:$D$92,"국장",'09_CF_원금'!$A$6:$A$92,"<="&$A58)-SUMIFS('09_CF_원금'!$E$6:$E$92,'09_CF_원금'!$C$6:$C$92,"국장",'09_CF_원금'!$A$6:$A$92,"<="&$A58) | Y58: =SUMIFS('09_CF_원금'!$E$6:$E$92,'09_CF_원금'!$D$6:$D$92,"미장",'09_CF_원금'!$A$6:$A$92,"<="&$A58)-SUMIFS('09_CF_원금'!$E$6:$E$92,'09_CF_원금'!$C$6:$C$92,"미장",'09_CF_원금'!$A$6:$A$92,"<="&$A58) | Z58: =SUMIFS('09_CF_원금'!$E$6:$E$92,'09_CF_원금'!$D$6:$D$92,"ISA",'09_CF_원금'!$A$6:$A$92,"<="&$A58)-SUMIFS('09_CF_원금'!$E$6:$E$92,'09_CF_원금'!$C$6:$C$92,"ISA",'09_CF_원금'!$A$6:$A$92,"<="&$A58) | AA58: =IF($A58="","",X58+Y58+Z58+SUMIFS('09_CF_원금'!$E$6:$E$92,'09_CF_원금'!$D$6:$D$92,"중국",'09_CF_원금'!$A$6:$A$92,"<="&$A58)-SUMIFS('09_CF_원금'!$E$6:$E$92,'09_CF_원금'!$C$6:$C$92,"중국",'09_CF_원금'!$A$6:$A$92,"<="&$A58)+SUMIFS('09_CF_원금'!$E$6:$E$92,'09_CF_원금'!$D$6:$D$92,"업비트",'09_CF_원금'!$A$6:$A$92,"<="&$A58)-SUMIFS('09_CF_원금'!$E$6:$E$92,'09_CF_원금'!$C$6:$C$92,"업비트",'09_CF_원금'!$A$6:$A$92,"<="&$A58)) | AB58: =IF(OR(U58="",V58=""),"",U58-(V58-IF(S58="",0,S58))) | AC58: =IF(AB58="","",T58+AB58) | AD58: =IF(B58="","",MAX($B$5:B58)) | AJ58: =IF($A58="","",YEAR($A58)*100+MONTH($A58)) | AK58: =IF($A58="","",IF($N58="",0,1))
A59: 46084 | B59: =IF(V59<>"",V59-T59,IF(AF59<>"",AA59+AF59,"")) | C59: =IF(OR(B59="",B58=""),"",B59-B58) | D59: =IF(OR(B59="",AA59=""),"",B59-AA59) | E59: =IF(OR(B59="",AD59=0),"",MIN(0,B59/AD59-1)) | F59: =IF(OR(U59="",T59=0,T59=""),"",(P59-T59*1.4)/U59) | G59: =IF(OR(AC59="",'09_CF_원금'!$B$108=0),"",AC59/'09_CF_원금'!$B$108) | H59: =IF(OR(U59="",U59=0,AC59=""),"",AC59/U59) | I59: =IF(OR(S59="",U59=""),"",S59/(U59+S59)) | J59: =IF(W59<>"",W59-X59,IF(AG59<>"",AG59,"")) | K59: =IF(Q59<>"",Q59-Y59,IF(AH59<>"",AH59,"")) | L59: =IF(R59<>"",R59-Z59,IF(AI59<>"",AI59,"")) | Q59: =IF($A59="","",IF(Q58="","",Q58)) | R59: =IF($A59="","",IF(R58="","",R58)) | S59: =IF($A59="","",IF(S58="","",S58)) | T59: =IF(OR(P59="",W59=""),"",P59-W59) | U59: =IF($A59="","",IF(U58="","",U58)) | V59: =IF(P59="","",P59+IF(Q59="",0,Q59)+IF(R59="",0,R59)) | X59: =SUMIFS('09_CF_원금'!$E$6:$E$92,'09_CF_원금'!$D$6:$D$92,"국장",'09_CF_원금'!$A$6:$A$92,"<="&$A59)-SUMIFS('09_CF_원금'!$E$6:$E$92,'09_CF_원금'!$C$6:$C$92,"국장",'09_CF_원금'!$A$6:$A$92,"<="&$A59) | Y59: =SUMIFS('09_CF_원금'!$E$6:$E$92,'09_CF_원금'!$D$6:$D$92,"미장",'09_CF_원금'!$A$6:$A$92,"<="&$A59)-SUMIFS('09_CF_원금'!$E$6:$E$92,'09_CF_원금'!$C$6:$C$92,"미장",'09_CF_원금'!$A$6:$A$92,"<="&$A59) | Z59: =SUMIFS('09_CF_원금'!$E$6:$E$92,'09_CF_원금'!$D$6:$D$92,"ISA",'09_CF_원금'!$A$6:$A$92,"<="&$A59)-SUMIFS('09_CF_원금'!$E$6:$E$92,'09_CF_원금'!$C$6:$C$92,"ISA",'09_CF_원금'!$A$6:$A$92,"<="&$A59) | AA59: =IF($A59="","",X59+Y59+Z59+SUMIFS('09_CF_원금'!$E$6:$E$92,'09_CF_원금'!$D$6:$D$92,"중국",'09_CF_원금'!$A$6:$A$92,"<="&$A59)-SUMIFS('09_CF_원금'!$E$6:$E$92,'09_CF_원금'!$C$6:$C$92,"중국",'09_CF_원금'!$A$6:$A$92,"<="&$A59)+SUMIFS('09_CF_원금'!$E$6:$E$92,'09_CF_원금'!$D$6:$D$92,"업비트",'09_CF_원금'!$A$6:$A$92,"<="&$A59)-SUMIFS('09_CF_원금'!$E$6:$E$92,'09_CF_원금'!$C$6:$C$92,"업비트",'09_CF_원금'!$A$6:$A$92,"<="&$A59)) | AB59: =IF(OR(U59="",V59=""),"",U59-(V59-IF(S59="",0,S59))) | AC59: =IF(AB59="","",T59+AB59) | AD59: =IF(B59="","",MAX($B$5:B59)) | AJ59: =IF($A59="","",YEAR($A59)*100+MONTH($A59)) | AK59: =IF($A59="","",IF($N59="",0,1))
A60: 46085 | B60: =IF(V60<>"",V60-T60,IF(AF60<>"",AA60+AF60,"")) | C60: =IF(OR(B60="",B59=""),"",B60-B59) | D60: =IF(OR(B60="",AA60=""),"",B60-AA60) | E60: =IF(OR(B60="",AD60=0),"",MIN(0,B60/AD60-1)) | F60: =IF(OR(U60="",T60=0,T60=""),"",(P60-T60*1.4)/U60) | G60: =IF(OR(AC60="",'09_CF_원금'!$B$108=0),"",AC60/'09_CF_원금'!$B$108) | H60: =IF(OR(U60="",U60=0,AC60=""),"",AC60/U60) | I60: =IF(OR(S60="",U60=""),"",S60/(U60+S60)) | J60: =IF(W60<>"",W60-X60,IF(AG60<>"",AG60,"")) | K60: =IF(Q60<>"",Q60-Y60,IF(AH60<>"",AH60,"")) | L60: =IF(R60<>"",R60-Z60,IF(AI60<>"",AI60,"")) | Q60: =IF($A60="","",IF(Q59="","",Q59)) | R60: =IF($A60="","",IF(R59="","",R59)) | S60: =IF($A60="","",IF(S59="","",S59)) | T60: =IF(OR(P60="",W60=""),"",P60-W60) | U60: =IF($A60="","",IF(U59="","",U59)) | V60: =IF(P60="","",P60+IF(Q60="",0,Q60)+IF(R60="",0,R60)) | X60: =SUMIFS('09_CF_원금'!$E$6:$E$92,'09_CF_원금'!$D$6:$D$92,"국장",'09_CF_원금'!$A$6:$A$92,"<="&$A60)-SUMIFS('09_CF_원금'!$E$6:$E$92,'09_CF_원금'!$C$6:$C$92,"국장",'09_CF_원금'!$A$6:$A$92,"<="&$A60) | Y60: =SUMIFS('09_CF_원금'!$E$6:$E$92,'09_CF_원금'!$D$6:$D$92,"미장",'09_CF_원금'!$A$6:$A$92,"<="&$A60)-SUMIFS('09_CF_원금'!$E$6:$E$92,'09_CF_원금'!$C$6:$C$92,"미장",'09_CF_원금'!$A$6:$A$92,"<="&$A60) | Z60: =SUMIFS('09_CF_원금'!$E$6:$E$92,'09_CF_원금'!$D$6:$D$92,"ISA",'09_CF_원금'!$A$6:$A$92,"<="&$A60)-SUMIFS('09_CF_원금'!$E$6:$E$92,'09_CF_원금'!$C$6:$C$92,"ISA",'09_CF_원금'!$A$6:$A$92,"<="&$A60) | AA60: =IF($A60="","",X60+Y60+Z60+SUMIFS('09_CF_원금'!$E$6:$E$92,'09_CF_원금'!$D$6:$D$92,"중국",'09_CF_원금'!$A$6:$A$92,"<="&$A60)-SUMIFS('09_CF_원금'!$E$6:$E$92,'09_CF_원금'!$C$6:$C$92,"중국",'09_CF_원금'!$A$6:$A$92,"<="&$A60)+SUMIFS('09_CF_원금'!$E$6:$E$92,'09_CF_원금'!$D$6:$D$92,"업비트",'09_CF_원금'!$A$6:$A$92,"<="&$A60)-SUMIFS('09_CF_원금'!$E$6:$E$92,'09_CF_원금'!$C$6:$C$92,"업비트",'09_CF_원금'!$A$6:$A$92,"<="&$A60)) | AB60: =IF(OR(U60="",V60=""),"",U60-(V60-IF(S60="",0,S60))) | AC60: =IF(AB60="","",T60+AB60) | AD60: =IF(B60="","",MAX($B$5:B60)) | AJ60: =IF($A60="","",YEAR($A60)*100+MONTH($A60)) | AK60: =IF($A60="","",IF($N60="",0,1))
A61: 46086 | B61: =IF(V61<>"",V61-T61,IF(AF61<>"",AA61+AF61,"")) | C61: =IF(OR(B61="",B60=""),"",B61-B60) | D61: =IF(OR(B61="",AA61=""),"",B61-AA61) | E61: =IF(OR(B61="",AD61=0),"",MIN(0,B61/AD61-1)) | F61: =IF(OR(U61="",T61=0,T61=""),"",(P61-T61*1.4)/U61) | G61: =IF(OR(AC61="",'09_CF_원금'!$B$108=0),"",AC61/'09_CF_원금'!$B$108) | H61: =IF(OR(U61="",U61=0,AC61=""),"",AC61/U61) | I61: =IF(OR(S61="",U61=""),"",S61/(U61+S61)) | J61: =IF(W61<>"",W61-X61,IF(AG61<>"",AG61,"")) | K61: =IF(Q61<>"",Q61-Y61,IF(AH61<>"",AH61,"")) | L61: =IF(R61<>"",R61-Z61,IF(AI61<>"",AI61,"")) | Q61: =IF($A61="","",IF(Q60="","",Q60)) | R61: =IF($A61="","",IF(R60="","",R60)) | S61: =IF($A61="","",IF(S60="","",S60)) | T61: =IF(OR(P61="",W61=""),"",P61-W61) | U61: =IF($A61="","",IF(U60="","",U60)) | V61: =IF(P61="","",P61+IF(Q61="",0,Q61)+IF(R61="",0,R61)) | X61: =SUMIFS('09_CF_원금'!$E$6:$E$92,'09_CF_원금'!$D$6:$D$92,"국장",'09_CF_원금'!$A$6:$A$92,"<="&$A61)-SUMIFS('09_CF_원금'!$E$6:$E$92,'09_CF_원금'!$C$6:$C$92,"국장",'09_CF_원금'!$A$6:$A$92,"<="&$A61) | Y61: =SUMIFS('09_CF_원금'!$E$6:$E$92,'09_CF_원금'!$D$6:$D$92,"미장",'09_CF_원금'!$A$6:$A$92,"<="&$A61)-SUMIFS('09_CF_원금'!$E$6:$E$92,'09_CF_원금'!$C$6:$C$92,"미장",'09_CF_원금'!$A$6:$A$92,"<="&$A61) | Z61: =SUMIFS('09_CF_원금'!$E$6:$E$92,'09_CF_원금'!$D$6:$D$92,"ISA",'09_CF_원금'!$A$6:$A$92,"<="&$A61)-SUMIFS('09_CF_원금'!$E$6:$E$92,'09_CF_원금'!$C$6:$C$92,"ISA",'09_CF_원금'!$A$6:$A$92,"<="&$A61) | AA61: =IF($A61="","",X61+Y61+Z61+SUMIFS('09_CF_원금'!$E$6:$E$92,'09_CF_원금'!$D$6:$D$92,"중국",'09_CF_원금'!$A$6:$A$92,"<="&$A61)-SUMIFS('09_CF_원금'!$E$6:$E$92,'09_CF_원금'!$C$6:$C$92,"중국",'09_CF_원금'!$A$6:$A$92,"<="&$A61)+SUMIFS('09_CF_원금'!$E$6:$E$92,'09_CF_원금'!$D$6:$D$92,"업비트",'09_CF_원금'!$A$6:$A$92,"<="&$A61)-SUMIFS('09_CF_원금'!$E$6:$E$92,'09_CF_원금'!$C$6:$C$92,"업비트",'09_CF_원금'!$A$6:$A$92,"<="&$A61)) | AB61: =IF(OR(U61="",V61=""),"",U61-(V61-IF(S61="",0,S61))) | AC61: =IF(AB61="","",T61+AB61) | AD61: =IF(B61="","",MAX($B$5:B61)) | AJ61: =IF($A61="","",YEAR($A61)*100+MONTH($A61)) | AK61: =IF($A61="","",IF($N61="",0,1))
A62: 46087 | B62: =IF(V62<>"",V62-T62,IF(AF62<>"",AA62+AF62,"")) | C62: =IF(OR(B62="",B61=""),"",B62-B61) | D62: =IF(OR(B62="",AA62=""),"",B62-AA62) | E62: =IF(OR(B62="",AD62=0),"",MIN(0,B62/AD62-1)) | F62: =IF(OR(U62="",T62=0,T62=""),"",(P62-T62*1.4)/U62) | G62: =IF(OR(AC62="",'09_CF_원금'!$B$108=0),"",AC62/'09_CF_원금'!$B$108) | H62: =IF(OR(U62="",U62=0,AC62=""),"",AC62/U62) | I62: =IF(OR(S62="",U62=""),"",S62/(U62+S62)) | J62: =IF(W62<>"",W62-X62,IF(AG62<>"",AG62,"")) | K62: =IF(Q62<>"",Q62-Y62,IF(AH62<>"",AH62,"")) | L62: =IF(R62<>"",R62-Z62,IF(AI62<>"",AI62,"")) | O62: 3/3 일 손실 1억 경험 | Q62: =IF($A62="","",IF(Q61="","",Q61)) | R62: =IF($A62="","",IF(R61="","",R61)) | S62: =IF($A62="","",IF(S61="","",S61)) | T62: =IF(OR(P62="",W62=""),"",P62-W62) | U62: =IF($A62="","",IF(U61="","",U61)) | V62: =IF(P62="","",P62+IF(Q62="",0,Q62)+IF(R62="",0,R62)) | X62: =SUMIFS('09_CF_원금'!$E$6:$E$92,'09_CF_원금'!$D$6:$D$92,"국장",'09_CF_원금'!$A$6:$A$92,"<="&$A62)-SUMIFS('09_CF_원금'!$E$6:$E$92,'09_CF_원금'!$C$6:$C$92,"국장",'09_CF_원금'!$A$6:$A$92,"<="&$A62) | Y62: =SUMIFS('09_CF_원금'!$E$6:$E$92,'09_CF_원금'!$D$6:$D$92,"미장",'09_CF_원금'!$A$6:$A$92,"<="&$A62)-SUMIFS('09_CF_원금'!$E$6:$E$92,'09_CF_원금'!$C$6:$C$92,"미장",'09_CF_원금'!$A$6:$A$92,"<="&$A62) | Z62: =SUMIFS('09_CF_원금'!$E$6:$E$92,'09_CF_원금'!$D$6:$D$92,"ISA",'09_CF_원금'!$A$6:$A$92,"<="&$A62)-SUMIFS('09_CF_원금'!$E$6:$E$92,'09_CF_원금'!$C$6:$C$92,"ISA",'09_CF_원금'!$A$6:$A$92,"<="&$A62) | AA62: =IF($A62="","",X62+Y62+Z62+SUMIFS('09_CF_원금'!$E$6:$E$92,'09_CF_원금'!$D$6:$D$92,"중국",'09_CF_원금'!$A$6:$A$92,"<="&$A62)-SUMIFS('09_CF_원금'!$E$6:$E$92,'09_CF_원금'!$C$6:$C$92,"중국",'09_CF_원금'!$A$6:$A$92,"<="&$A62)+SUMIFS('09_CF_원금'!$E$6:$E$92,'09_CF_원금'!$D$6:$D$92,"업비트",'09_CF_원금'!$A$6:$A$92,"<="&$A62)-SUMIFS('09_CF_원금'!$E$6:$E$92,'09_CF_원금'!$C$6:$C$92,"업비트",'09_CF_원금'!$A$6:$A$92,"<="&$A62)) | AB62: =IF(OR(U62="",V62=""),"",U62-(V62-IF(S62="",0,S62))) | AC62: =IF(AB62="","",T62+AB62) | AD62: =IF(B62="","",MAX($B$5:B62)) | AE62: 24670 | AF62: 190550122 | AG62: 180778664 | AH62: 3787603 | AI62: 5983855 | AJ62: =IF($A62="","",YEAR($A62)*100+MONTH($A62)) | AK62: =IF($A62="","",IF($N62="",0,1))
A63: 46090 | B63: =IF(V63<>"",V63-T63,IF(AF63<>"",AA63+AF63,"")) | C63: =IF(OR(B63="",B62=""),"",B63-B62) | D63: =IF(OR(B63="",AA63=""),"",B63-AA63) | E63: =IF(OR(B63="",AD63=0),"",MIN(0,B63/AD63-1)) | F63: =IF(OR(U63="",T63=0,T63=""),"",(P63-T63*1.4)/U63) | G63: =IF(OR(AC63="",'09_CF_원금'!$B$108=0),"",AC63/'09_CF_원금'!$B$108) | H63: =IF(OR(U63="",U63=0,AC63=""),"",AC63/U63) | I63: =IF(OR(S63="",U63=""),"",S63/(U63+S63)) | J63: =IF(W63<>"",W63-X63,IF(AG63<>"",AG63,"")) | K63: =IF(Q63<>"",Q63-Y63,IF(AH63<>"",AH63,"")) | L63: =IF(R63<>"",R63-Z63,IF(AI63<>"",AI63,"")) | Q63: =IF($A63="","",IF(Q62="","",Q62)) | R63: =IF($A63="","",IF(R62="","",R62)) | S63: =IF($A63="","",IF(S62="","",S62)) | T63: =IF(OR(P63="",W63=""),"",P63-W63) | U63: =IF($A63="","",IF(U62="","",U62)) | V63: =IF(P63="","",P63+IF(Q63="",0,Q63)+IF(R63="",0,R63)) | X63: =SUMIFS('09_CF_원금'!$E$6:$E$92,'09_CF_원금'!$D$6:$D$92,"국장",'09_CF_원금'!$A$6:$A$92,"<="&$A63)-SUMIFS('09_CF_원금'!$E$6:$E$92,'09_CF_원금'!$C$6:$C$92,"국장",'09_CF_원금'!$A$6:$A$92,"<="&$A63) | Y63: =SUMIFS('09_CF_원금'!$E$6:$E$92,'09_CF_원금'!$D$6:$D$92,"미장",'09_CF_원금'!$A$6:$A$92,"<="&$A63)-SUMIFS('09_CF_원금'!$E$6:$E$92,'09_CF_원금'!$C$6:$C$92,"미장",'09_CF_원금'!$A$6:$A$92,"<="&$A63) | Z63: =SUMIFS('09_CF_원금'!$E$6:$E$92,'09_CF_원금'!$D$6:$D$92,"ISA",'09_CF_원금'!$A$6:$A$92,"<="&$A63)-SUMIFS('09_CF_원금'!$E$6:$E$92,'09_CF_원금'!$C$6:$C$92,"ISA",'09_CF_원금'!$A$6:$A$92,"<="&$A63) | AA63: =IF($A63="","",X63+Y63+Z63+SUMIFS('09_CF_원금'!$E$6:$E$92,'09_CF_원금'!$D$6:$D$92,"중국",'09_CF_원금'!$A$6:$A$92,"<="&$A63)-SUMIFS('09_CF_원금'!$E$6:$E$92,'09_CF_원금'!$C$6:$C$92,"중국",'09_CF_원금'!$A$6:$A$92,"<="&$A63)+SUMIFS('09_CF_원금'!$E$6:$E$92,'09_CF_원금'!$D$6:$D$92,"업비트",'09_CF_원금'!$A$6:$A$92,"<="&$A63)-SUMIFS('09_CF_원금'!$E$6:$E$92,'09_CF_원금'!$C$6:$C$92,"업비트",'09_CF_원금'!$A$6:$A$92,"<="&$A63)) | AB63: =IF(OR(U63="",V63=""),"",U63-(V63-IF(S63="",0,S63))) | AC63: =IF(AB63="","",T63+AB63) | AD63: =IF(B63="","",MAX($B$5:B63)) | AJ63: =IF($A63="","",YEAR($A63)*100+MONTH($A63)) | AK63: =IF($A63="","",IF($N63="",0,1))
A64: 46091 | B64: =IF(V64<>"",V64-T64,IF(AF64<>"",AA64+AF64,"")) | C64: =IF(OR(B64="",B63=""),"",B64-B63) | D64: =IF(OR(B64="",AA64=""),"",B64-AA64) | E64: =IF(OR(B64="",AD64=0),"",MIN(0,B64/AD64-1)) | F64: =IF(OR(U64="",T64=0,T64=""),"",(P64-T64*1.4)/U64) | G64: =IF(OR(AC64="",'09_CF_원금'!$B$108=0),"",AC64/'09_CF_원금'!$B$108) | H64: =IF(OR(U64="",U64=0,AC64=""),"",AC64/U64) | I64: =IF(OR(S64="",U64=""),"",S64/(U64+S64)) | J64: =IF(W64<>"",W64-X64,IF(AG64<>"",AG64,"")) | K64: =IF(Q64<>"",Q64-Y64,IF(AH64<>"",AH64,"")) | L64: =IF(R64<>"",R64-Z64,IF(AI64<>"",AI64,"")) | Q64: =IF($A64="","",IF(Q63="","",Q63)) | R64: =IF($A64="","",IF(R63="","",R63)) | S64: =IF($A64="","",IF(S63="","",S63)) | T64: =IF(OR(P64="",W64=""),"",P64-W64) | U64: =IF($A64="","",IF(U63="","",U63)) | V64: =IF(P64="","",P64+IF(Q64="",0,Q64)+IF(R64="",0,R64)) | X64: =SUMIFS('09_CF_원금'!$E$6:$E$92,'09_CF_원금'!$D$6:$D$92,"국장",'09_CF_원금'!$A$6:$A$92,"<="&$A64)-SUMIFS('09_CF_원금'!$E$6:$E$92,'09_CF_원금'!$C$6:$C$92,"국장",'09_CF_원금'!$A$6:$A$92,"<="&$A64) | Y64: =SUMIFS('09_CF_원금'!$E$6:$E$92,'09_CF_원금'!$D$6:$D$92,"미장",'09_CF_원금'!$A$6:$A$92,"<="&$A64)-SUMIFS('09_CF_원금'!$E$6:$E$92,'09_CF_원금'!$C$6:$C$92,"미장",'09_CF_원금'!$A$6:$A$92,"<="&$A64) | Z64: =SUMIFS('09_CF_원금'!$E$6:$E$92,'09_CF_원금'!$D$6:$D$92,"ISA",'09_CF_원금'!$A$6:$A$92,"<="&$A64)-SUMIFS('09_CF_원금'!$E$6:$E$92,'09_CF_원금'!$C$6:$C$92,"ISA",'09_CF_원금'!$A$6:$A$92,"<="&$A64) | AA64: =IF($A64="","",X64+Y64+Z64+SUMIFS('09_CF_원금'!$E$6:$E$92,'09_CF_원금'!$D$6:$D$92,"중국",'09_CF_원금'!$A$6:$A$92,"<="&$A64)-SUMIFS('09_CF_원금'!$E$6:$E$92,'09_CF_원금'!$C$6:$C$92,"중국",'09_CF_원금'!$A$6:$A$92,"<="&$A64)+SUMIFS('09_CF_원금'!$E$6:$E$92,'09_CF_원금'!$D$6:$D$92,"업비트",'09_CF_원금'!$A$6:$A$92,"<="&$A64)-SUMIFS('09_CF_원금'!$E$6:$E$92,'09_CF_원금'!$C$6:$C$92,"업비트",'09_CF_원금'!$A$6:$A$92,"<="&$A64)) | AB64: =IF(OR(U64="",V64=""),"",U64-(V64-IF(S64="",0,S64))) | AC64: =IF(AB64="","",T64+AB64) | AD64: =IF(B64="","",MAX($B$5:B64)) | AJ64: =IF($A64="","",YEAR($A64)*100+MONTH($A64)) | AK64: =IF($A64="","",IF($N64="",0,1))
A65: 46092 | B65: =IF(V65<>"",V65-T65,IF(AF65<>"",AA65+AF65,"")) | C65: =IF(OR(B65="",B64=""),"",B65-B64) | D65: =IF(OR(B65="",AA65=""),"",B65-AA65) | E65: =IF(OR(B65="",AD65=0),"",MIN(0,B65/AD65-1)) | F65: =IF(OR(U65="",T65=0,T65=""),"",(P65-T65*1.4)/U65) | G65: =IF(OR(AC65="",'09_CF_원금'!$B$108=0),"",AC65/'09_CF_원금'!$B$108) | H65: =IF(OR(U65="",U65=0,AC65=""),"",AC65/U65) | I65: =IF(OR(S65="",U65=""),"",S65/(U65+S65)) | J65: =IF(W65<>"",W65-X65,IF(AG65<>"",AG65,"")) | K65: =IF(Q65<>"",Q65-Y65,IF(AH65<>"",AH65,"")) | L65: =IF(R65<>"",R65-Z65,IF(AI65<>"",AI65,"")) | Q65: =IF($A65="","",IF(Q64="","",Q64)) | R65: =IF($A65="","",IF(R64="","",R64)) | S65: =IF($A65="","",IF(S64="","",S64)) | T65: =IF(OR(P65="",W65=""),"",P65-W65) | U65: =IF($A65="","",IF(U64="","",U64)) | V65: =IF(P65="","",P65+IF(Q65="",0,Q65)+IF(R65="",0,R65)) | X65: =SUMIFS('09_CF_원금'!$E$6:$E$92,'09_CF_원금'!$D$6:$D$92,"국장",'09_CF_원금'!$A$6:$A$92,"<="&$A65)-SUMIFS('09_CF_원금'!$E$6:$E$92,'09_CF_원금'!$C$6:$C$92,"국장",'09_CF_원금'!$A$6:$A$92,"<="&$A65) | Y65: =SUMIFS('09_CF_원금'!$E$6:$E$92,'09_CF_원금'!$D$6:$D$92,"미장",'09_CF_원금'!$A$6:$A$92,"<="&$A65)-SUMIFS('09_CF_원금'!$E$6:$E$92,'09_CF_원금'!$C$6:$C$92,"미장",'09_CF_원금'!$A$6:$A$92,"<="&$A65) | Z65: =SUMIFS('09_CF_원금'!$E$6:$E$92,'09_CF_원금'!$D$6:$D$92,"ISA",'09_CF_원금'!$A$6:$A$92,"<="&$A65)-SUMIFS('09_CF_원금'!$E$6:$E$92,'09_CF_원금'!$C$6:$C$92,"ISA",'09_CF_원금'!$A$6:$A$92,"<="&$A65) | AA65: =IF($A65="","",X65+Y65+Z65+SUMIFS('09_CF_원금'!$E$6:$E$92,'09_CF_원금'!$D$6:$D$92,"중국",'09_CF_원금'!$A$6:$A$92,"<="&$A65)-SUMIFS('09_CF_원금'!$E$6:$E$92,'09_CF_원금'!$C$6:$C$92,"중국",'09_CF_원금'!$A$6:$A$92,"<="&$A65)+SUMIFS('09_CF_원금'!$E$6:$E$92,'09_CF_원금'!$D$6:$D$92,"업비트",'09_CF_원금'!$A$6:$A$92,"<="&$A65)-SUMIFS('09_CF_원금'!$E$6:$E$92,'09_CF_원금'!$C$6:$C$92,"업비트",'09_CF_원금'!$A$6:$A$92,"<="&$A65)) | AB65: =IF(OR(U65="",V65=""),"",U65-(V65-IF(S65="",0,S65))) | AC65: =IF(AB65="","",T65+AB65) | AD65: =IF(B65="","",MAX($B$5:B65)) | AJ65: =IF($A65="","",YEAR($A65)*100+MONTH($A65)) | AK65: =IF($A65="","",IF($N65="",0,1))
A66: 46093 | B66: =IF(V66<>"",V66-T66,IF(AF66<>"",AA66+AF66,"")) | C66: =IF(OR(B66="",B65=""),"",B66-B65) | D66: =IF(OR(B66="",AA66=""),"",B66-AA66) | E66: =IF(OR(B66="",AD66=0),"",MIN(0,B66/AD66-1)) | F66: =IF(OR(U66="",T66=0,T66=""),"",(P66-T66*1.4)/U66) | G66: =IF(OR(AC66="",'09_CF_원금'!$B$108=0),"",AC66/'09_CF_원금'!$B$108) | H66: =IF(OR(U66="",U66=0,AC66=""),"",AC66/U66) | I66: =IF(OR(S66="",U66=""),"",S66/(U66+S66)) | J66: =IF(W66<>"",W66-X66,IF(AG66<>"",AG66,"")) | K66: =IF(Q66<>"",Q66-Y66,IF(AH66<>"",AH66,"")) | L66: =IF(R66<>"",R66-Z66,IF(AI66<>"",AI66,"")) | Q66: =IF($A66="","",IF(Q65="","",Q65)) | R66: =IF($A66="","",IF(R65="","",R65)) | S66: =IF($A66="","",IF(S65="","",S65)) | T66: =IF(OR(P66="",W66=""),"",P66-W66) | U66: =IF($A66="","",IF(U65="","",U65)) | V66: =IF(P66="","",P66+IF(Q66="",0,Q66)+IF(R66="",0,R66)) | X66: =SUMIFS('09_CF_원금'!$E$6:$E$92,'09_CF_원금'!$D$6:$D$92,"국장",'09_CF_원금'!$A$6:$A$92,"<="&$A66)-SUMIFS('09_CF_원금'!$E$6:$E$92,'09_CF_원금'!$C$6:$C$92,"국장",'09_CF_원금'!$A$6:$A$92,"<="&$A66) | Y66: =SUMIFS('09_CF_원금'!$E$6:$E$92,'09_CF_원금'!$D$6:$D$92,"미장",'09_CF_원금'!$A$6:$A$92,"<="&$A66)-SUMIFS('09_CF_원금'!$E$6:$E$92,'09_CF_원금'!$C$6:$C$92,"미장",'09_CF_원금'!$A$6:$A$92,"<="&$A66) | Z66: =SUMIFS('09_CF_원금'!$E$6:$E$92,'09_CF_원금'!$D$6:$D$92,"ISA",'09_CF_원금'!$A$6:$A$92,"<="&$A66)-SUMIFS('09_CF_원금'!$E$6:$E$92,'09_CF_원금'!$C$6:$C$92,"ISA",'09_CF_원금'!$A$6:$A$92,"<="&$A66) | AA66: =IF($A66="","",X66+Y66+Z66+SUMIFS('09_CF_원금'!$E$6:$E$92,'09_CF_원금'!$D$6:$D$92,"중국",'09_CF_원금'!$A$6:$A$92,"<="&$A66)-SUMIFS('09_CF_원금'!$E$6:$E$92,'09_CF_원금'!$C$6:$C$92,"중국",'09_CF_원금'!$A$6:$A$92,"<="&$A66)+SUMIFS('09_CF_원금'!$E$6:$E$92,'09_CF_원금'!$D$6:$D$92,"업비트",'09_CF_원금'!$A$6:$A$92,"<="&$A66)-SUMIFS('09_CF_원금'!$E$6:$E$92,'09_CF_원금'!$C$6:$C$92,"업비트",'09_CF_원금'!$A$6:$A$92,"<="&$A66)) | AB66: =IF(OR(U66="",V66=""),"",U66-(V66-IF(S66="",0,S66))) | AC66: =IF(AB66="","",T66+AB66) | AD66: =IF(B66="","",MAX($B$5:B66)) | AJ66: =IF($A66="","",YEAR($A66)*100+MONTH($A66)) | AK66: =IF($A66="","",IF($N66="",0,1))
A67: 46094 | B67: =IF(V67<>"",V67-T67,IF(AF67<>"",AA67+AF67,"")) | C67: =IF(OR(B67="",B66=""),"",B67-B66) | D67: =IF(OR(B67="",AA67=""),"",B67-AA67) | E67: =IF(OR(B67="",AD67=0),"",MIN(0,B67/AD67-1)) | F67: =IF(OR(U67="",T67=0,T67=""),"",(P67-T67*1.4)/U67) | G67: =IF(OR(AC67="",'09_CF_원금'!$B$108=0),"",AC67/'09_CF_원금'!$B$108) | H67: =IF(OR(U67="",U67=0,AC67=""),"",AC67/U67) | I67: =IF(OR(S67="",U67=""),"",S67/(U67+S67)) | J67: =IF(W67<>"",W67-X67,IF(AG67<>"",AG67,"")) | K67: =IF(Q67<>"",Q67-Y67,IF(AH67<>"",AH67,"")) | L67: =IF(R67<>"",R67-Z67,IF(AI67<>"",AI67,"")) | Q67: =IF($A67="","",IF(Q66="","",Q66)) | R67: =IF($A67="","",IF(R66="","",R66)) | S67: =IF($A67="","",IF(S66="","",S66)) | T67: =IF(OR(P67="",W67=""),"",P67-W67) | U67: =IF($A67="","",IF(U66="","",U66)) | V67: =IF(P67="","",P67+IF(Q67="",0,Q67)+IF(R67="",0,R67)) | X67: =SUMIFS('09_CF_원금'!$E$6:$E$92,'09_CF_원금'!$D$6:$D$92,"국장",'09_CF_원금'!$A$6:$A$92,"<="&$A67)-SUMIFS('09_CF_원금'!$E$6:$E$92,'09_CF_원금'!$C$6:$C$92,"국장",'09_CF_원금'!$A$6:$A$92,"<="&$A67) | Y67: =SUMIFS('09_CF_원금'!$E$6:$E$92,'09_CF_원금'!$D$6:$D$92,"미장",'09_CF_원금'!$A$6:$A$92,"<="&$A67)-SUMIFS('09_CF_원금'!$E$6:$E$92,'09_CF_원금'!$C$6:$C$92,"미장",'09_CF_원금'!$A$6:$A$92,"<="&$A67) | Z67: =SUMIFS('09_CF_원금'!$E$6:$E$92,'09_CF_원금'!$D$6:$D$92,"ISA",'09_CF_원금'!$A$6:$A$92,"<="&$A67)-SUMIFS('09_CF_원금'!$E$6:$E$92,'09_CF_원금'!$C$6:$C$92,"ISA",'09_CF_원금'!$A$6:$A$92,"<="&$A67) | AA67: =IF($A67="","",X67+Y67+Z67+SUMIFS('09_CF_원금'!$E$6:$E$92,'09_CF_원금'!$D$6:$D$92,"중국",'09_CF_원금'!$A$6:$A$92,"<="&$A67)-SUMIFS('09_CF_원금'!$E$6:$E$92,'09_CF_원금'!$C$6:$C$92,"중국",'09_CF_원금'!$A$6:$A$92,"<="&$A67)+SUMIFS('09_CF_원금'!$E$6:$E$92,'09_CF_원금'!$D$6:$D$92,"업비트",'09_CF_원금'!$A$6:$A$92,"<="&$A67)-SUMIFS('09_CF_원금'!$E$6:$E$92,'09_CF_원금'!$C$6:$C$92,"업비트",'09_CF_원금'!$A$6:$A$92,"<="&$A67)) | AB67: =IF(OR(U67="",V67=""),"",U67-(V67-IF(S67="",0,S67))) | AC67: =IF(AB67="","",T67+AB67) | AD67: =IF(B67="","",MAX($B$5:B67)) | AE67: 24560 | AF67: 201303827 | AG67: 166704451 | AH67: 28266315 | AI67: 6333061 | AJ67: =IF($A67="","",YEAR($A67)*100+MONTH($A67)) | AK67: =IF($A67="","",IF($N67="",0,1))
A68: 46097 | B68: =IF(V68<>"",V68-T68,IF(AF68<>"",AA68+AF68,"")) | C68: =IF(OR(B68="",B67=""),"",B68-B67) | D68: =IF(OR(B68="",AA68=""),"",B68-AA68) | E68: =IF(OR(B68="",AD68=0),"",MIN(0,B68/AD68-1)) | F68: =IF(OR(U68="",T68=0,T68=""),"",(P68-T68*1.4)/U68) | G68: =IF(OR(AC68="",'09_CF_원금'!$B$108=0),"",AC68/'09_CF_원금'!$B$108) | H68: =IF(OR(U68="",U68=0,AC68=""),"",AC68/U68) | I68: =IF(OR(S68="",U68=""),"",S68/(U68+S68)) | J68: =IF(W68<>"",W68-X68,IF(AG68<>"",AG68,"")) | K68: =IF(Q68<>"",Q68-Y68,IF(AH68<>"",AH68,"")) | L68: =IF(R68<>"",R68-Z68,IF(AI68<>"",AI68,"")) | Q68: =IF($A68="","",IF(Q67="","",Q67)) | R68: =IF($A68="","",IF(R67="","",R67)) | S68: =IF($A68="","",IF(S67="","",S67)) | T68: =IF(OR(P68="",W68=""),"",P68-W68) | U68: =IF($A68="","",IF(U67="","",U67)) | V68: =IF(P68="","",P68+IF(Q68="",0,Q68)+IF(R68="",0,R68)) | X68: =SUMIFS('09_CF_원금'!$E$6:$E$92,'09_CF_원금'!$D$6:$D$92,"국장",'09_CF_원금'!$A$6:$A$92,"<="&$A68)-SUMIFS('09_CF_원금'!$E$6:$E$92,'09_CF_원금'!$C$6:$C$92,"국장",'09_CF_원금'!$A$6:$A$92,"<="&$A68) | Y68: =SUMIFS('09_CF_원금'!$E$6:$E$92,'09_CF_원금'!$D$6:$D$92,"미장",'09_CF_원금'!$A$6:$A$92,"<="&$A68)-SUMIFS('09_CF_원금'!$E$6:$E$92,'09_CF_원금'!$C$6:$C$92,"미장",'09_CF_원금'!$A$6:$A$92,"<="&$A68) | Z68: =SUMIFS('09_CF_원금'!$E$6:$E$92,'09_CF_원금'!$D$6:$D$92,"ISA",'09_CF_원금'!$A$6:$A$92,"<="&$A68)-SUMIFS('09_CF_원금'!$E$6:$E$92,'09_CF_원금'!$C$6:$C$92,"ISA",'09_CF_원금'!$A$6:$A$92,"<="&$A68) | AA68: =IF($A68="","",X68+Y68+Z68+SUMIFS('09_CF_원금'!$E$6:$E$92,'09_CF_원금'!$D$6:$D$92,"중국",'09_CF_원금'!$A$6:$A$92,"<="&$A68)-SUMIFS('09_CF_원금'!$E$6:$E$92,'09_CF_원금'!$C$6:$C$92,"중국",'09_CF_원금'!$A$6:$A$92,"<="&$A68)+SUMIFS('09_CF_원금'!$E$6:$E$92,'09_CF_원금'!$D$6:$D$92,"업비트",'09_CF_원금'!$A$6:$A$92,"<="&$A68)-SUMIFS('09_CF_원금'!$E$6:$E$92,'09_CF_원금'!$C$6:$C$92,"업비트",'09_CF_원금'!$A$6:$A$92,"<="&$A68)) | AB68: =IF(OR(U68="",V68=""),"",U68-(V68-IF(S68="",0,S68))) | AC68: =IF(AB68="","",T68+AB68) | AD68: =IF(B68="","",MAX($B$5:B68)) | AJ68: =IF($A68="","",YEAR($A68)*100+MONTH($A68)) | AK68: =IF($A68="","",IF($N68="",0,1))
A69: 46098 | B69: =IF(V69<>"",V69-T69,IF(AF69<>"",AA69+AF69,"")) | C69: =IF(OR(B69="",B68=""),"",B69-B68) | D69: =IF(OR(B69="",AA69=""),"",B69-AA69) | E69: =IF(OR(B69="",AD69=0),"",MIN(0,B69/AD69-1)) | F69: =IF(OR(U69="",T69=0,T69=""),"",(P69-T69*1.4)/U69) | G69: =IF(OR(AC69="",'09_CF_원금'!$B$108=0),"",AC69/'09_CF_원금'!$B$108) | H69: =IF(OR(U69="",U69=0,AC69=""),"",AC69/U69) | I69: =IF(OR(S69="",U69=""),"",S69/(U69+S69)) | J69: =IF(W69<>"",W69-X69,IF(AG69<>"",AG69,"")) | K69: =IF(Q69<>"",Q69-Y69,IF(AH69<>"",AH69,"")) | L69: =IF(R69<>"",R69-Z69,IF(AI69<>"",AI69,"")) | Q69: =IF($A69="","",IF(Q68="","",Q68)) | R69: =IF($A69="","",IF(R68="","",R68)) | S69: =IF($A69="","",IF(S68="","",S68)) | T69: =IF(OR(P69="",W69=""),"",P69-W69) | U69: =IF($A69="","",IF(U68="","",U68)) | V69: =IF(P69="","",P69+IF(Q69="",0,Q69)+IF(R69="",0,R69)) | X69: =SUMIFS('09_CF_원금'!$E$6:$E$92,'09_CF_원금'!$D$6:$D$92,"국장",'09_CF_원금'!$A$6:$A$92,"<="&$A69)-SUMIFS('09_CF_원금'!$E$6:$E$92,'09_CF_원금'!$C$6:$C$92,"국장",'09_CF_원금'!$A$6:$A$92,"<="&$A69) | Y69: =SUMIFS('09_CF_원금'!$E$6:$E$92,'09_CF_원금'!$D$6:$D$92,"미장",'09_CF_원금'!$A$6:$A$92,"<="&$A69)-SUMIFS('09_CF_원금'!$E$6:$E$92,'09_CF_원금'!$C$6:$C$92,"미장",'09_CF_원금'!$A$6:$A$92,"<="&$A69) | Z69: =SUMIFS('09_CF_원금'!$E$6:$E$92,'09_CF_원금'!$D$6:$D$92,"ISA",'09_CF_원금'!$A$6:$A$92,"<="&$A69)-SUMIFS('09_CF_원금'!$E$6:$E$92,'09_CF_원금'!$C$6:$C$92,"ISA",'09_CF_원금'!$A$6:$A$92,"<="&$A69) | AA69: =IF($A69="","",X69+Y69+Z69+SUMIFS('09_CF_원금'!$E$6:$E$92,'09_CF_원금'!$D$6:$D$92,"중국",'09_CF_원금'!$A$6:$A$92,"<="&$A69)-SUMIFS('09_CF_원금'!$E$6:$E$92,'09_CF_원금'!$C$6:$C$92,"중국",'09_CF_원금'!$A$6:$A$92,"<="&$A69)+SUMIFS('09_CF_원금'!$E$6:$E$92,'09_CF_원금'!$D$6:$D$92,"업비트",'09_CF_원금'!$A$6:$A$92,"<="&$A69)-SUMIFS('09_CF_원금'!$E$6:$E$92,'09_CF_원금'!$C$6:$C$92,"업비트",'09_CF_원금'!$A$6:$A$92,"<="&$A69)) | AB69: =IF(OR(U69="",V69=""),"",U69-(V69-IF(S69="",0,S69))) | AC69: =IF(AB69="","",T69+AB69) | AD69: =IF(B69="","",MAX($B$5:B69)) | AJ69: =IF($A69="","",YEAR($A69)*100+MONTH($A69)) | AK69: =IF($A69="","",IF($N69="",0,1))
A70: 46099 | B70: =IF(V70<>"",V70-T70,IF(AF70<>"",AA70+AF70,"")) | C70: =IF(OR(B70="",B69=""),"",B70-B69) | D70: =IF(OR(B70="",AA70=""),"",B70-AA70) | E70: =IF(OR(B70="",AD70=0),"",MIN(0,B70/AD70-1)) | F70: =IF(OR(U70="",T70=0,T70=""),"",(P70-T70*1.4)/U70) | G70: =IF(OR(AC70="",'09_CF_원금'!$B$108=0),"",AC70/'09_CF_원금'!$B$108) | H70: =IF(OR(U70="",U70=0,AC70=""),"",AC70/U70) | I70: =IF(OR(S70="",U70=""),"",S70/(U70+S70)) | J70: =IF(W70<>"",W70-X70,IF(AG70<>"",AG70,"")) | K70: =IF(Q70<>"",Q70-Y70,IF(AH70<>"",AH70,"")) | L70: =IF(R70<>"",R70-Z70,IF(AI70<>"",AI70,"")) | Q70: =IF($A70="","",IF(Q69="","",Q69)) | R70: =IF($A70="","",IF(R69="","",R69)) | S70: =IF($A70="","",IF(S69="","",S69)) | T70: =IF(OR(P70="",W70=""),"",P70-W70) | U70: =IF($A70="","",IF(U69="","",U69)) | V70: =IF(P70="","",P70+IF(Q70="",0,Q70)+IF(R70="",0,R70)) | X70: =SUMIFS('09_CF_원금'!$E$6:$E$92,'09_CF_원금'!$D$6:$D$92,"국장",'09_CF_원금'!$A$6:$A$92,"<="&$A70)-SUMIFS('09_CF_원금'!$E$6:$E$92,'09_CF_원금'!$C$6:$C$92,"국장",'09_CF_원금'!$A$6:$A$92,"<="&$A70) | Y70: =SUMIFS('09_CF_원금'!$E$6:$E$92,'09_CF_원금'!$D$6:$D$92,"미장",'09_CF_원금'!$A$6:$A$92,"<="&$A70)-SUMIFS('09_CF_원금'!$E$6:$E$92,'09_CF_원금'!$C$6:$C$92,"미장",'09_CF_원금'!$A$6:$A$92,"<="&$A70) | Z70: =SUMIFS('09_CF_원금'!$E$6:$E$92,'09_CF_원금'!$D$6:$D$92,"ISA",'09_CF_원금'!$A$6:$A$92,"<="&$A70)-SUMIFS('09_CF_원금'!$E$6:$E$92,'09_CF_원금'!$C$6:$C$92,"ISA",'09_CF_원금'!$A$6:$A$92,"<="&$A70) | AA70: =IF($A70="","",X70+Y70+Z70+SUMIFS('09_CF_원금'!$E$6:$E$92,'09_CF_원금'!$D$6:$D$92,"중국",'09_CF_원금'!$A$6:$A$92,"<="&$A70)-SUMIFS('09_CF_원금'!$E$6:$E$92,'09_CF_원금'!$C$6:$C$92,"중국",'09_CF_원금'!$A$6:$A$92,"<="&$A70)+SUMIFS('09_CF_원금'!$E$6:$E$92,'09_CF_원금'!$D$6:$D$92,"업비트",'09_CF_원금'!$A$6:$A$92,"<="&$A70)-SUMIFS('09_CF_원금'!$E$6:$E$92,'09_CF_원금'!$C$6:$C$92,"업비트",'09_CF_원금'!$A$6:$A$92,"<="&$A70)) | AB70: =IF(OR(U70="",V70=""),"",U70-(V70-IF(S70="",0,S70))) | AC70: =IF(AB70="","",T70+AB70) | AD70: =IF(B70="","",MAX($B$5:B70)) | AJ70: =IF($A70="","",YEAR($A70)*100+MONTH($A70)) | AK70: =IF($A70="","",IF($N70="",0,1))
A71: 46100 | B71: =IF(V71<>"",V71-T71,IF(AF71<>"",AA71+AF71,"")) | C71: =IF(OR(B71="",B70=""),"",B71-B70) | D71: =IF(OR(B71="",AA71=""),"",B71-AA71) | E71: =IF(OR(B71="",AD71=0),"",MIN(0,B71/AD71-1)) | F71: =IF(OR(U71="",T71=0,T71=""),"",(P71-T71*1.4)/U71) | G71: =IF(OR(AC71="",'09_CF_원금'!$B$108=0),"",AC71/'09_CF_원금'!$B$108) | H71: =IF(OR(U71="",U71=0,AC71=""),"",AC71/U71) | I71: =IF(OR(S71="",U71=""),"",S71/(U71+S71)) | J71: =IF(W71<>"",W71-X71,IF(AG71<>"",AG71,"")) | K71: =IF(Q71<>"",Q71-Y71,IF(AH71<>"",AH71,"")) | L71: =IF(R71<>"",R71-Z71,IF(AI71<>"",AI71,"")) | Q71: =IF($A71="","",IF(Q70="","",Q70)) | R71: =IF($A71="","",IF(R70="","",R70)) | S71: =IF($A71="","",IF(S70="","",S70)) | T71: =IF(OR(P71="",W71=""),"",P71-W71) | U71: =IF($A71="","",IF(U70="","",U70)) | V71: =IF(P71="","",P71+IF(Q71="",0,Q71)+IF(R71="",0,R71)) | X71: =SUMIFS('09_CF_원금'!$E$6:$E$92,'09_CF_원금'!$D$6:$D$92,"국장",'09_CF_원금'!$A$6:$A$92,"<="&$A71)-SUMIFS('09_CF_원금'!$E$6:$E$92,'09_CF_원금'!$C$6:$C$92,"국장",'09_CF_원금'!$A$6:$A$92,"<="&$A71) | Y71: =SUMIFS('09_CF_원금'!$E$6:$E$92,'09_CF_원금'!$D$6:$D$92,"미장",'09_CF_원금'!$A$6:$A$92,"<="&$A71)-SUMIFS('09_CF_원금'!$E$6:$E$92,'09_CF_원금'!$C$6:$C$92,"미장",'09_CF_원금'!$A$6:$A$92,"<="&$A71) | Z71: =SUMIFS('09_CF_원금'!$E$6:$E$92,'09_CF_원금'!$D$6:$D$92,"ISA",'09_CF_원금'!$A$6:$A$92,"<="&$A71)-SUMIFS('09_CF_원금'!$E$6:$E$92,'09_CF_원금'!$C$6:$C$92,"ISA",'09_CF_원금'!$A$6:$A$92,"<="&$A71) | AA71: =IF($A71="","",X71+Y71+Z71+SUMIFS('09_CF_원금'!$E$6:$E$92,'09_CF_원금'!$D$6:$D$92,"중국",'09_CF_원금'!$A$6:$A$92,"<="&$A71)-SUMIFS('09_CF_원금'!$E$6:$E$92,'09_CF_원금'!$C$6:$C$92,"중국",'09_CF_원금'!$A$6:$A$92,"<="&$A71)+SUMIFS('09_CF_원금'!$E$6:$E$92,'09_CF_원금'!$D$6:$D$92,"업비트",'09_CF_원금'!$A$6:$A$92,"<="&$A71)-SUMIFS('09_CF_원금'!$E$6:$E$92,'09_CF_원금'!$C$6:$C$92,"업비트",'09_CF_원금'!$A$6:$A$92,"<="&$A71)) | AB71: =IF(OR(U71="",V71=""),"",U71-(V71-IF(S71="",0,S71))) | AC71: =IF(AB71="","",T71+AB71) | AD71: =IF(B71="","",MAX($B$5:B71)) | AJ71: =IF($A71="","",YEAR($A71)*100+MONTH($A71)) | AK71: =IF($A71="","",IF($N71="",0,1))
A72: 46101 | B72: =IF(V72<>"",V72-T72,IF(AF72<>"",AA72+AF72,"")) | C72: =IF(OR(B72="",B71=""),"",B72-B71) | D72: =IF(OR(B72="",AA72=""),"",B72-AA72) | E72: =IF(OR(B72="",AD72=0),"",MIN(0,B72/AD72-1)) | F72: =IF(OR(U72="",T72=0,T72=""),"",(P72-T72*1.4)/U72) | G72: =IF(OR(AC72="",'09_CF_원금'!$B$108=0),"",AC72/'09_CF_원금'!$B$108) | H72: =IF(OR(U72="",U72=0,AC72=""),"",AC72/U72) | I72: =IF(OR(S72="",U72=""),"",S72/(U72+S72)) | J72: =IF(W72<>"",W72-X72,IF(AG72<>"",AG72,"")) | K72: =IF(Q72<>"",Q72-Y72,IF(AH72<>"",AH72,"")) | L72: =IF(R72<>"",R72-Z72,IF(AI72<>"",AI72,"")) | Q72: =IF($A72="","",IF(Q71="","",Q71)) | R72: =IF($A72="","",IF(R71="","",R71)) | S72: =IF($A72="","",IF(S71="","",S71)) | T72: =IF(OR(P72="",W72=""),"",P72-W72) | U72: =IF($A72="","",IF(U71="","",U71)) | V72: =IF(P72="","",P72+IF(Q72="",0,Q72)+IF(R72="",0,R72)) | X72: =SUMIFS('09_CF_원금'!$E$6:$E$92,'09_CF_원금'!$D$6:$D$92,"국장",'09_CF_원금'!$A$6:$A$92,"<="&$A72)-SUMIFS('09_CF_원금'!$E$6:$E$92,'09_CF_원금'!$C$6:$C$92,"국장",'09_CF_원금'!$A$6:$A$92,"<="&$A72) | Y72: =SUMIFS('09_CF_원금'!$E$6:$E$92,'09_CF_원금'!$D$6:$D$92,"미장",'09_CF_원금'!$A$6:$A$92,"<="&$A72)-SUMIFS('09_CF_원금'!$E$6:$E$92,'09_CF_원금'!$C$6:$C$92,"미장",'09_CF_원금'!$A$6:$A$92,"<="&$A72) | Z72: =SUMIFS('09_CF_원금'!$E$6:$E$92,'09_CF_원금'!$D$6:$D$92,"ISA",'09_CF_원금'!$A$6:$A$92,"<="&$A72)-SUMIFS('09_CF_원금'!$E$6:$E$92,'09_CF_원금'!$C$6:$C$92,"ISA",'09_CF_원금'!$A$6:$A$92,"<="&$A72) | AA72: =IF($A72="","",X72+Y72+Z72+SUMIFS('09_CF_원금'!$E$6:$E$92,'09_CF_원금'!$D$6:$D$92,"중국",'09_CF_원금'!$A$6:$A$92,"<="&$A72)-SUMIFS('09_CF_원금'!$E$6:$E$92,'09_CF_원금'!$C$6:$C$92,"중국",'09_CF_원금'!$A$6:$A$92,"<="&$A72)+SUMIFS('09_CF_원금'!$E$6:$E$92,'09_CF_원금'!$D$6:$D$92,"업비트",'09_CF_원금'!$A$6:$A$92,"<="&$A72)-SUMIFS('09_CF_원금'!$E$6:$E$92,'09_CF_원금'!$C$6:$C$92,"업비트",'09_CF_원금'!$A$6:$A$92,"<="&$A72)) | AB72: =IF(OR(U72="",V72=""),"",U72-(V72-IF(S72="",0,S72))) | AC72: =IF(AB72="","",T72+AB72) | AD72: =IF(B72="","",MAX($B$5:B72)) | AE72: 24101 | AF72: 255103384 | AG72: 214759356 | AH72: 31983128 | AI72: 8360900 | AJ72: =IF($A72="","",YEAR($A72)*100+MONTH($A72)) | AK72: =IF($A72="","",IF($N72="",0,1))
A73: 46104 | B73: =IF(V73<>"",V73-T73,IF(AF73<>"",AA73+AF73,"")) | C73: =IF(OR(B73="",B72=""),"",B73-B72) | D73: =IF(OR(B73="",AA73=""),"",B73-AA73) | E73: =IF(OR(B73="",AD73=0),"",MIN(0,B73/AD73-1)) | F73: =IF(OR(U73="",T73=0,T73=""),"",(P73-T73*1.4)/U73) | G73: =IF(OR(AC73="",'09_CF_원금'!$B$108=0),"",AC73/'09_CF_원금'!$B$108) | H73: =IF(OR(U73="",U73=0,AC73=""),"",AC73/U73) | I73: =IF(OR(S73="",U73=""),"",S73/(U73+S73)) | J73: =IF(W73<>"",W73-X73,IF(AG73<>"",AG73,"")) | K73: =IF(Q73<>"",Q73-Y73,IF(AH73<>"",AH73,"")) | L73: =IF(R73<>"",R73-Z73,IF(AI73<>"",AI73,"")) | Q73: =IF($A73="","",IF(Q72="","",Q72)) | R73: =IF($A73="","",IF(R72="","",R72)) | S73: =IF($A73="","",IF(S72="","",S72)) | T73: =IF(OR(P73="",W73=""),"",P73-W73) | U73: =IF($A73="","",IF(U72="","",U72)) | V73: =IF(P73="","",P73+IF(Q73="",0,Q73)+IF(R73="",0,R73)) | X73: =SUMIFS('09_CF_원금'!$E$6:$E$92,'09_CF_원금'!$D$6:$D$92,"국장",'09_CF_원금'!$A$6:$A$92,"<="&$A73)-SUMIFS('09_CF_원금'!$E$6:$E$92,'09_CF_원금'!$C$6:$C$92,"국장",'09_CF_원금'!$A$6:$A$92,"<="&$A73) | Y73: =SUMIFS('09_CF_원금'!$E$6:$E$92,'09_CF_원금'!$D$6:$D$92,"미장",'09_CF_원금'!$A$6:$A$92,"<="&$A73)-SUMIFS('09_CF_원금'!$E$6:$E$92,'09_CF_원금'!$C$6:$C$92,"미장",'09_CF_원금'!$A$6:$A$92,"<="&$A73) | Z73: =SUMIFS('09_CF_원금'!$E$6:$E$92,'09_CF_원금'!$D$6:$D$92,"ISA",'09_CF_원금'!$A$6:$A$92,"<="&$A73)-SUMIFS('09_CF_원금'!$E$6:$E$92,'09_CF_원금'!$C$6:$C$92,"ISA",'09_CF_원금'!$A$6:$A$92,"<="&$A73) | AA73: =IF($A73="","",X73+Y73+Z73+SUMIFS('09_CF_원금'!$E$6:$E$92,'09_CF_원금'!$D$6:$D$92,"중국",'09_CF_원금'!$A$6:$A$92,"<="&$A73)-SUMIFS('09_CF_원금'!$E$6:$E$92,'09_CF_원금'!$C$6:$C$92,"중국",'09_CF_원금'!$A$6:$A$92,"<="&$A73)+SUMIFS('09_CF_원금'!$E$6:$E$92,'09_CF_원금'!$D$6:$D$92,"업비트",'09_CF_원금'!$A$6:$A$92,"<="&$A73)-SUMIFS('09_CF_원금'!$E$6:$E$92,'09_CF_원금'!$C$6:$C$92,"업비트",'09_CF_원금'!$A$6:$A$92,"<="&$A73)) | AB73: =IF(OR(U73="",V73=""),"",U73-(V73-IF(S73="",0,S73))) | AC73: =IF(AB73="","",T73+AB73) | AD73: =IF(B73="","",MAX($B$5:B73)) | AJ73: =IF($A73="","",YEAR($A73)*100+MONTH($A73)) | AK73: =IF($A73="","",IF($N73="",0,1))
A74: 46105 | B74: =IF(V74<>"",V74-T74,IF(AF74<>"",AA74+AF74,"")) | C74: =IF(OR(B74="",B73=""),"",B74-B73) | D74: =IF(OR(B74="",AA74=""),"",B74-AA74) | E74: =IF(OR(B74="",AD74=0),"",MIN(0,B74/AD74-1)) | F74: =IF(OR(U74="",T74=0,T74=""),"",(P74-T74*1.4)/U74) | G74: =IF(OR(AC74="",'09_CF_원금'!$B$108=0),"",AC74/'09_CF_원금'!$B$108) | H74: =IF(OR(U74="",U74=0,AC74=""),"",AC74/U74) | I74: =IF(OR(S74="",U74=""),"",S74/(U74+S74)) | J74: =IF(W74<>"",W74-X74,IF(AG74<>"",AG74,"")) | K74: =IF(Q74<>"",Q74-Y74,IF(AH74<>"",AH74,"")) | L74: =IF(R74<>"",R74-Z74,IF(AI74<>"",AI74,"")) | Q74: =IF($A74="","",IF(Q73="","",Q73)) | R74: =IF($A74="","",IF(R73="","",R73)) | S74: =IF($A74="","",IF(S73="","",S73)) | T74: =IF(OR(P74="",W74=""),"",P74-W74) | U74: =IF($A74="","",IF(U73="","",U73)) | V74: =IF(P74="","",P74+IF(Q74="",0,Q74)+IF(R74="",0,R74)) | X74: =SUMIFS('09_CF_원금'!$E$6:$E$92,'09_CF_원금'!$D$6:$D$92,"국장",'09_CF_원금'!$A$6:$A$92,"<="&$A74)-SUMIFS('09_CF_원금'!$E$6:$E$92,'09_CF_원금'!$C$6:$C$92,"국장",'09_CF_원금'!$A$6:$A$92,"<="&$A74) | Y74: =SUMIFS('09_CF_원금'!$E$6:$E$92,'09_CF_원금'!$D$6:$D$92,"미장",'09_CF_원금'!$A$6:$A$92,"<="&$A74)-SUMIFS('09_CF_원금'!$E$6:$E$92,'09_CF_원금'!$C$6:$C$92,"미장",'09_CF_원금'!$A$6:$A$92,"<="&$A74) | Z74: =SUMIFS('09_CF_원금'!$E$6:$E$92,'09_CF_원금'!$D$6:$D$92,"ISA",'09_CF_원금'!$A$6:$A$92,"<="&$A74)-SUMIFS('09_CF_원금'!$E$6:$E$92,'09_CF_원금'!$C$6:$C$92,"ISA",'09_CF_원금'!$A$6:$A$92,"<="&$A74) | AA74: =IF($A74="","",X74+Y74+Z74+SUMIFS('09_CF_원금'!$E$6:$E$92,'09_CF_원금'!$D$6:$D$92,"중국",'09_CF_원금'!$A$6:$A$92,"<="&$A74)-SUMIFS('09_CF_원금'!$E$6:$E$92,'09_CF_원금'!$C$6:$C$92,"중국",'09_CF_원금'!$A$6:$A$92,"<="&$A74)+SUMIFS('09_CF_원금'!$E$6:$E$92,'09_CF_원금'!$D$6:$D$92,"업비트",'09_CF_원금'!$A$6:$A$92,"<="&$A74)-SUMIFS('09_CF_원금'!$E$6:$E$92,'09_CF_원금'!$C$6:$C$92,"업비트",'09_CF_원금'!$A$6:$A$92,"<="&$A74)) | AB74: =IF(OR(U74="",V74=""),"",U74-(V74-IF(S74="",0,S74))) | AC74: =IF(AB74="","",T74+AB74) | AD74: =IF(B74="","",MAX($B$5:B74)) | AJ74: =IF($A74="","",YEAR($A74)*100+MONTH($A74)) | AK74: =IF($A74="","",IF($N74="",0,1))
A75: 46106 | B75: =IF(V75<>"",V75-T75,IF(AF75<>"",AA75+AF75,"")) | C75: =IF(OR(B75="",B74=""),"",B75-B74) | D75: =IF(OR(B75="",AA75=""),"",B75-AA75) | E75: =IF(OR(B75="",AD75=0),"",MIN(0,B75/AD75-1)) | F75: =IF(OR(U75="",T75=0,T75=""),"",(P75-T75*1.4)/U75) | G75: =IF(OR(AC75="",'09_CF_원금'!$B$108=0),"",AC75/'09_CF_원금'!$B$108) | H75: =IF(OR(U75="",U75=0,AC75=""),"",AC75/U75) | I75: =IF(OR(S75="",U75=""),"",S75/(U75+S75)) | J75: =IF(W75<>"",W75-X75,IF(AG75<>"",AG75,"")) | K75: =IF(Q75<>"",Q75-Y75,IF(AH75<>"",AH75,"")) | L75: =IF(R75<>"",R75-Z75,IF(AI75<>"",AI75,"")) | Q75: =IF($A75="","",IF(Q74="","",Q74)) | R75: =IF($A75="","",IF(R74="","",R74)) | S75: =IF($A75="","",IF(S74="","",S74)) | T75: =IF(OR(P75="",W75=""),"",P75-W75) | U75: =IF($A75="","",IF(U74="","",U74)) | V75: =IF(P75="","",P75+IF(Q75="",0,Q75)+IF(R75="",0,R75)) | X75: =SUMIFS('09_CF_원금'!$E$6:$E$92,'09_CF_원금'!$D$6:$D$92,"국장",'09_CF_원금'!$A$6:$A$92,"<="&$A75)-SUMIFS('09_CF_원금'!$E$6:$E$92,'09_CF_원금'!$C$6:$C$92,"국장",'09_CF_원금'!$A$6:$A$92,"<="&$A75) | Y75: =SUMIFS('09_CF_원금'!$E$6:$E$92,'09_CF_원금'!$D$6:$D$92,"미장",'09_CF_원금'!$A$6:$A$92,"<="&$A75)-SUMIFS('09_CF_원금'!$E$6:$E$92,'09_CF_원금'!$C$6:$C$92,"미장",'09_CF_원금'!$A$6:$A$92,"<="&$A75) | Z75: =SUMIFS('09_CF_원금'!$E$6:$E$92,'09_CF_원금'!$D$6:$D$92,"ISA",'09_CF_원금'!$A$6:$A$92,"<="&$A75)-SUMIFS('09_CF_원금'!$E$6:$E$92,'09_CF_원금'!$C$6:$C$92,"ISA",'09_CF_원금'!$A$6:$A$92,"<="&$A75) | AA75: =IF($A75="","",X75+Y75+Z75+SUMIFS('09_CF_원금'!$E$6:$E$92,'09_CF_원금'!$D$6:$D$92,"중국",'09_CF_원금'!$A$6:$A$92,"<="&$A75)-SUMIFS('09_CF_원금'!$E$6:$E$92,'09_CF_원금'!$C$6:$C$92,"중국",'09_CF_원금'!$A$6:$A$92,"<="&$A75)+SUMIFS('09_CF_원금'!$E$6:$E$92,'09_CF_원금'!$D$6:$D$92,"업비트",'09_CF_원금'!$A$6:$A$92,"<="&$A75)-SUMIFS('09_CF_원금'!$E$6:$E$92,'09_CF_원금'!$C$6:$C$92,"업비트",'09_CF_원금'!$A$6:$A$92,"<="&$A75)) | AB75: =IF(OR(U75="",V75=""),"",U75-(V75-IF(S75="",0,S75))) | AC75: =IF(AB75="","",T75+AB75) | AD75: =IF(B75="","",MAX($B$5:B75)) | AJ75: =IF($A75="","",YEAR($A75)*100+MONTH($A75)) | AK75: =IF($A75="","",IF($N75="",0,1))
A76: 46107 | B76: =IF(V76<>"",V76-T76,IF(AF76<>"",AA76+AF76,"")) | C76: =IF(OR(B76="",B75=""),"",B76-B75) | D76: =IF(OR(B76="",AA76=""),"",B76-AA76) | E76: =IF(OR(B76="",AD76=0),"",MIN(0,B76/AD76-1)) | F76: =IF(OR(U76="",T76=0,T76=""),"",(P76-T76*1.4)/U76) | G76: =IF(OR(AC76="",'09_CF_원금'!$B$108=0),"",AC76/'09_CF_원금'!$B$108) | H76: =IF(OR(U76="",U76=0,AC76=""),"",AC76/U76) | I76: =IF(OR(S76="",U76=""),"",S76/(U76+S76)) | J76: =IF(W76<>"",W76-X76,IF(AG76<>"",AG76,"")) | K76: =IF(Q76<>"",Q76-Y76,IF(AH76<>"",AH76,"")) | L76: =IF(R76<>"",R76-Z76,IF(AI76<>"",AI76,"")) | Q76: =IF($A76="","",IF(Q75="","",Q75)) | R76: =IF($A76="","",IF(R75="","",R75)) | S76: =IF($A76="","",IF(S75="","",S75)) | T76: =IF(OR(P76="",W76=""),"",P76-W76) | U76: =IF($A76="","",IF(U75="","",U75)) | V76: =IF(P76="","",P76+IF(Q76="",0,Q76)+IF(R76="",0,R76)) | X76: =SUMIFS('09_CF_원금'!$E$6:$E$92,'09_CF_원금'!$D$6:$D$92,"국장",'09_CF_원금'!$A$6:$A$92,"<="&$A76)-SUMIFS('09_CF_원금'!$E$6:$E$92,'09_CF_원금'!$C$6:$C$92,"국장",'09_CF_원금'!$A$6:$A$92,"<="&$A76) | Y76: =SUMIFS('09_CF_원금'!$E$6:$E$92,'09_CF_원금'!$D$6:$D$92,"미장",'09_CF_원금'!$A$6:$A$92,"<="&$A76)-SUMIFS('09_CF_원금'!$E$6:$E$92,'09_CF_원금'!$C$6:$C$92,"미장",'09_CF_원금'!$A$6:$A$92,"<="&$A76) | Z76: =SUMIFS('09_CF_원금'!$E$6:$E$92,'09_CF_원금'!$D$6:$D$92,"ISA",'09_CF_원금'!$A$6:$A$92,"<="&$A76)-SUMIFS('09_CF_원금'!$E$6:$E$92,'09_CF_원금'!$C$6:$C$92,"ISA",'09_CF_원금'!$A$6:$A$92,"<="&$A76) | AA76: =IF($A76="","",X76+Y76+Z76+SUMIFS('09_CF_원금'!$E$6:$E$92,'09_CF_원금'!$D$6:$D$92,"중국",'09_CF_원금'!$A$6:$A$92,"<="&$A76)-SUMIFS('09_CF_원금'!$E$6:$E$92,'09_CF_원금'!$C$6:$C$92,"중국",'09_CF_원금'!$A$6:$A$92,"<="&$A76)+SUMIFS('09_CF_원금'!$E$6:$E$92,'09_CF_원금'!$D$6:$D$92,"업비트",'09_CF_원금'!$A$6:$A$92,"<="&$A76)-SUMIFS('09_CF_원금'!$E$6:$E$92,'09_CF_원금'!$C$6:$C$92,"업비트",'09_CF_원금'!$A$6:$A$92,"<="&$A76)) | AB76: =IF(OR(U76="",V76=""),"",U76-(V76-IF(S76="",0,S76))) | AC76: =IF(AB76="","",T76+AB76) | AD76: =IF(B76="","",MAX($B$5:B76)) | AJ76: =IF($A76="","",YEAR($A76)*100+MONTH($A76)) | AK76: =IF($A76="","",IF($N76="",0,1))
A77: 46108 | B77: =IF(V77<>"",V77-T77,IF(AF77<>"",AA77+AF77,"")) | C77: =IF(OR(B77="",B76=""),"",B77-B76) | D77: =IF(OR(B77="",AA77=""),"",B77-AA77) | E77: =IF(OR(B77="",AD77=0),"",MIN(0,B77/AD77-1)) | F77: =IF(OR(U77="",T77=0,T77=""),"",(P77-T77*1.4)/U77) | G77: =IF(OR(AC77="",'09_CF_원금'!$B$108=0),"",AC77/'09_CF_원금'!$B$108) | H77: =IF(OR(U77="",U77=0,AC77=""),"",AC77/U77) | I77: =IF(OR(S77="",U77=""),"",S77/(U77+S77)) | J77: =IF(W77<>"",W77-X77,IF(AG77<>"",AG77,"")) | K77: =IF(Q77<>"",Q77-Y77,IF(AH77<>"",AH77,"")) | L77: =IF(R77<>"",R77-Z77,IF(AI77<>"",AI77,"")) | Q77: =IF($A77="","",IF(Q76="","",Q76)) | R77: =IF($A77="","",IF(R76="","",R76)) | S77: =IF($A77="","",IF(S76="","",S76)) | T77: =IF(OR(P77="",W77=""),"",P77-W77) | U77: =IF($A77="","",IF(U76="","",U76)) | V77: =IF(P77="","",P77+IF(Q77="",0,Q77)+IF(R77="",0,R77)) | X77: =SUMIFS('09_CF_원금'!$E$6:$E$92,'09_CF_원금'!$D$6:$D$92,"국장",'09_CF_원금'!$A$6:$A$92,"<="&$A77)-SUMIFS('09_CF_원금'!$E$6:$E$92,'09_CF_원금'!$C$6:$C$92,"국장",'09_CF_원금'!$A$6:$A$92,"<="&$A77) | Y77: =SUMIFS('09_CF_원금'!$E$6:$E$92,'09_CF_원금'!$D$6:$D$92,"미장",'09_CF_원금'!$A$6:$A$92,"<="&$A77)-SUMIFS('09_CF_원금'!$E$6:$E$92,'09_CF_원금'!$C$6:$C$92,"미장",'09_CF_원금'!$A$6:$A$92,"<="&$A77) | Z77: =SUMIFS('09_CF_원금'!$E$6:$E$92,'09_CF_원금'!$D$6:$D$92,"ISA",'09_CF_원금'!$A$6:$A$92,"<="&$A77)-SUMIFS('09_CF_원금'!$E$6:$E$92,'09_CF_원금'!$C$6:$C$92,"ISA",'09_CF_원금'!$A$6:$A$92,"<="&$A77) | AA77: =IF($A77="","",X77+Y77+Z77+SUMIFS('09_CF_원금'!$E$6:$E$92,'09_CF_원금'!$D$6:$D$92,"중국",'09_CF_원금'!$A$6:$A$92,"<="&$A77)-SUMIFS('09_CF_원금'!$E$6:$E$92,'09_CF_원금'!$C$6:$C$92,"중국",'09_CF_원금'!$A$6:$A$92,"<="&$A77)+SUMIFS('09_CF_원금'!$E$6:$E$92,'09_CF_원금'!$D$6:$D$92,"업비트",'09_CF_원금'!$A$6:$A$92,"<="&$A77)-SUMIFS('09_CF_원금'!$E$6:$E$92,'09_CF_원금'!$C$6:$C$92,"업비트",'09_CF_원금'!$A$6:$A$92,"<="&$A77)) | AB77: =IF(OR(U77="",V77=""),"",U77-(V77-IF(S77="",0,S77))) | AC77: =IF(AB77="","",T77+AB77) | AD77: =IF(B77="","",MAX($B$5:B77)) | AF77: 241472013 | AG77: 202015046 | AH77: 31963050 | AI77: 7493917 | AJ77: =IF($A77="","",YEAR($A77)*100+MONTH($A77)) | AK77: =IF($A77="","",IF($N77="",0,1))
A78: 46111 | B78: =IF(V78<>"",V78-T78,IF(AF78<>"",AA78+AF78,"")) | C78: =IF(OR(B78="",B77=""),"",B78-B77) | D78: =IF(OR(B78="",AA78=""),"",B78-AA78) | E78: =IF(OR(B78="",AD78=0),"",MIN(0,B78/AD78-1)) | F78: =IF(OR(U78="",T78=0,T78=""),"",(P78-T78*1.4)/U78) | G78: =IF(OR(AC78="",'09_CF_원금'!$B$108=0),"",AC78/'09_CF_원금'!$B$108) | H78: =IF(OR(U78="",U78=0,AC78=""),"",AC78/U78) | I78: =IF(OR(S78="",U78=""),"",S78/(U78+S78)) | J78: =IF(W78<>"",W78-X78,IF(AG78<>"",AG78,"")) | K78: =IF(Q78<>"",Q78-Y78,IF(AH78<>"",AH78,"")) | L78: =IF(R78<>"",R78-Z78,IF(AI78<>"",AI78,"")) | Q78: =IF($A78="","",IF(Q77="","",Q77)) | R78: =IF($A78="","",IF(R77="","",R77)) | S78: =IF($A78="","",IF(S77="","",S77)) | T78: =IF(OR(P78="",W78=""),"",P78-W78) | U78: =IF($A78="","",IF(U77="","",U77)) | V78: =IF(P78="","",P78+IF(Q78="",0,Q78)+IF(R78="",0,R78)) | X78: =SUMIFS('09_CF_원금'!$E$6:$E$92,'09_CF_원금'!$D$6:$D$92,"국장",'09_CF_원금'!$A$6:$A$92,"<="&$A78)-SUMIFS('09_CF_원금'!$E$6:$E$92,'09_CF_원금'!$C$6:$C$92,"국장",'09_CF_원금'!$A$6:$A$92,"<="&$A78) | Y78: =SUMIFS('09_CF_원금'!$E$6:$E$92,'09_CF_원금'!$D$6:$D$92,"미장",'09_CF_원금'!$A$6:$A$92,"<="&$A78)-SUMIFS('09_CF_원금'!$E$6:$E$92,'09_CF_원금'!$C$6:$C$92,"미장",'09_CF_원금'!$A$6:$A$92,"<="&$A78) | Z78: =SUMIFS('09_CF_원금'!$E$6:$E$92,'09_CF_원금'!$D$6:$D$92,"ISA",'09_CF_원금'!$A$6:$A$92,"<="&$A78)-SUMIFS('09_CF_원금'!$E$6:$E$92,'09_CF_원금'!$C$6:$C$92,"ISA",'09_CF_원금'!$A$6:$A$92,"<="&$A78) | AA78: =IF($A78="","",X78+Y78+Z78+SUMIFS('09_CF_원금'!$E$6:$E$92,'09_CF_원금'!$D$6:$D$92,"중국",'09_CF_원금'!$A$6:$A$92,"<="&$A78)-SUMIFS('09_CF_원금'!$E$6:$E$92,'09_CF_원금'!$C$6:$C$92,"중국",'09_CF_원금'!$A$6:$A$92,"<="&$A78)+SUMIFS('09_CF_원금'!$E$6:$E$92,'09_CF_원금'!$D$6:$D$92,"업비트",'09_CF_원금'!$A$6:$A$92,"<="&$A78)-SUMIFS('09_CF_원금'!$E$6:$E$92,'09_CF_원금'!$C$6:$C$92,"업비트",'09_CF_원금'!$A$6:$A$92,"<="&$A78)) | AB78: =IF(OR(U78="",V78=""),"",U78-(V78-IF(S78="",0,S78))) | AC78: =IF(AB78="","",T78+AB78) | AD78: =IF(B78="","",MAX($B$5:B78)) | AJ78: =IF($A78="","",YEAR($A78)*100+MONTH($A78)) | AK78: =IF($A78="","",IF($N78="",0,1))
A79: 46112 | B79: =IF(V79<>"",V79-T79,IF(AF79<>"",AA79+AF79,"")) | C79: =IF(OR(B79="",B78=""),"",B79-B78) | D79: =IF(OR(B79="",AA79=""),"",B79-AA79) | E79: =IF(OR(B79="",AD79=0),"",MIN(0,B79/AD79-1)) | F79: =IF(OR(U79="",T79=0,T79=""),"",(P79-T79*1.4)/U79) | G79: =IF(OR(AC79="",'09_CF_원금'!$B$108=0),"",AC79/'09_CF_원금'!$B$108) | H79: =IF(OR(U79="",U79=0,AC79=""),"",AC79/U79) | I79: =IF(OR(S79="",U79=""),"",S79/(U79+S79)) | J79: =IF(W79<>"",W79-X79,IF(AG79<>"",AG79,"")) | K79: =IF(Q79<>"",Q79-Y79,IF(AH79<>"",AH79,"")) | L79: =IF(R79<>"",R79-Z79,IF(AI79<>"",AI79,"")) | Q79: =IF($A79="","",IF(Q78="","",Q78)) | R79: =IF($A79="","",IF(R78="","",R78)) | S79: =IF($A79="","",IF(S78="","",S78)) | T79: =IF(OR(P79="",W79=""),"",P79-W79) | U79: =IF($A79="","",IF(U78="","",U78)) | V79: =IF(P79="","",P79+IF(Q79="",0,Q79)+IF(R79="",0,R79)) | X79: =SUMIFS('09_CF_원금'!$E$6:$E$92,'09_CF_원금'!$D$6:$D$92,"국장",'09_CF_원금'!$A$6:$A$92,"<="&$A79)-SUMIFS('09_CF_원금'!$E$6:$E$92,'09_CF_원금'!$C$6:$C$92,"국장",'09_CF_원금'!$A$6:$A$92,"<="&$A79) | Y79: =SUMIFS('09_CF_원금'!$E$6:$E$92,'09_CF_원금'!$D$6:$D$92,"미장",'09_CF_원금'!$A$6:$A$92,"<="&$A79)-SUMIFS('09_CF_원금'!$E$6:$E$92,'09_CF_원금'!$C$6:$C$92,"미장",'09_CF_원금'!$A$6:$A$92,"<="&$A79) | Z79: =SUMIFS('09_CF_원금'!$E$6:$E$92,'09_CF_원금'!$D$6:$D$92,"ISA",'09_CF_원금'!$A$6:$A$92,"<="&$A79)-SUMIFS('09_CF_원금'!$E$6:$E$92,'09_CF_원금'!$C$6:$C$92,"ISA",'09_CF_원금'!$A$6:$A$92,"<="&$A79) | AA79: =IF($A79="","",X79+Y79+Z79+SUMIFS('09_CF_원금'!$E$6:$E$92,'09_CF_원금'!$D$6:$D$92,"중국",'09_CF_원금'!$A$6:$A$92,"<="&$A79)-SUMIFS('09_CF_원금'!$E$6:$E$92,'09_CF_원금'!$C$6:$C$92,"중국",'09_CF_원금'!$A$6:$A$92,"<="&$A79)+SUMIFS('09_CF_원금'!$E$6:$E$92,'09_CF_원금'!$D$6:$D$92,"업비트",'09_CF_원금'!$A$6:$A$92,"<="&$A79)-SUMIFS('09_CF_원금'!$E$6:$E$92,'09_CF_원금'!$C$6:$C$92,"업비트",'09_CF_원금'!$A$6:$A$92,"<="&$A79)) | AB79: =IF(OR(U79="",V79=""),"",U79-(V79-IF(S79="",0,S79))) | AC79: =IF(AB79="","",T79+AB79) | AD79: =IF(B79="","",MAX($B$5:B79)) | AJ79: =IF($A79="","",YEAR($A79)*100+MONTH($A79)) | AK79: =IF($A79="","",IF($N79="",0,1))
A80: 46113 | B80: =IF(V80<>"",V80-T80,IF(AF80<>"",AA80+AF80,"")) | C80: =IF(OR(B80="",B79=""),"",B80-B79) | D80: =IF(OR(B80="",AA80=""),"",B80-AA80) | E80: =IF(OR(B80="",AD80=0),"",MIN(0,B80/AD80-1)) | F80: =IF(OR(U80="",T80=0,T80=""),"",(P80-T80*1.4)/U80) | G80: =IF(OR(AC80="",'09_CF_원금'!$B$108=0),"",AC80/'09_CF_원금'!$B$108) | H80: =IF(OR(U80="",U80=0,AC80=""),"",AC80/U80) | I80: =IF(OR(S80="",U80=""),"",S80/(U80+S80)) | J80: =IF(W80<>"",W80-X80,IF(AG80<>"",AG80,"")) | K80: =IF(Q80<>"",Q80-Y80,IF(AH80<>"",AH80,"")) | L80: =IF(R80<>"",R80-Z80,IF(AI80<>"",AI80,"")) | Q80: =IF($A80="","",IF(Q79="","",Q79)) | R80: =IF($A80="","",IF(R79="","",R79)) | S80: =IF($A80="","",IF(S79="","",S79)) | T80: =IF(OR(P80="",W80=""),"",P80-W80) | U80: =IF($A80="","",IF(U79="","",U79)) | V80: =IF(P80="","",P80+IF(Q80="",0,Q80)+IF(R80="",0,R80)) | X80: =SUMIFS('09_CF_원금'!$E$6:$E$92,'09_CF_원금'!$D$6:$D$92,"국장",'09_CF_원금'!$A$6:$A$92,"<="&$A80)-SUMIFS('09_CF_원금'!$E$6:$E$92,'09_CF_원금'!$C$6:$C$92,"국장",'09_CF_원금'!$A$6:$A$92,"<="&$A80) | Y80: =SUMIFS('09_CF_원금'!$E$6:$E$92,'09_CF_원금'!$D$6:$D$92,"미장",'09_CF_원금'!$A$6:$A$92,"<="&$A80)-SUMIFS('09_CF_원금'!$E$6:$E$92,'09_CF_원금'!$C$6:$C$92,"미장",'09_CF_원금'!$A$6:$A$92,"<="&$A80) | Z80: =SUMIFS('09_CF_원금'!$E$6:$E$92,'09_CF_원금'!$D$6:$D$92,"ISA",'09_CF_원금'!$A$6:$A$92,"<="&$A80)-SUMIFS('09_CF_원금'!$E$6:$E$92,'09_CF_원금'!$C$6:$C$92,"ISA",'09_CF_원금'!$A$6:$A$92,"<="&$A80) | AA80: =IF($A80="","",X80+Y80+Z80+SUMIFS('09_CF_원금'!$E$6:$E$92,'09_CF_원금'!$D$6:$D$92,"중국",'09_CF_원금'!$A$6:$A$92,"<="&$A80)-SUMIFS('09_CF_원금'!$E$6:$E$92,'09_CF_원금'!$C$6:$C$92,"중국",'09_CF_원금'!$A$6:$A$92,"<="&$A80)+SUMIFS('09_CF_원금'!$E$6:$E$92,'09_CF_원금'!$D$6:$D$92,"업비트",'09_CF_원금'!$A$6:$A$92,"<="&$A80)-SUMIFS('09_CF_원금'!$E$6:$E$92,'09_CF_원금'!$C$6:$C$92,"업비트",'09_CF_원금'!$A$6:$A$92,"<="&$A80)) | AB80: =IF(OR(U80="",V80=""),"",U80-(V80-IF(S80="",0,S80))) | AC80: =IF(AB80="","",T80+AB80) | AD80: =IF(B80="","",MAX($B$5:B80)) | AJ80: =IF($A80="","",YEAR($A80)*100+MONTH($A80)) | AK80: =IF($A80="","",IF($N80="",0,1))
A81: 46114 | B81: =IF(V81<>"",V81-T81,IF(AF81<>"",AA81+AF81,"")) | C81: =IF(OR(B81="",B80=""),"",B81-B80) | D81: =IF(OR(B81="",AA81=""),"",B81-AA81) | E81: =IF(OR(B81="",AD81=0),"",MIN(0,B81/AD81-1)) | F81: =IF(OR(U81="",T81=0,T81=""),"",(P81-T81*1.4)/U81) | G81: =IF(OR(AC81="",'09_CF_원금'!$B$108=0),"",AC81/'09_CF_원금'!$B$108) | H81: =IF(OR(U81="",U81=0,AC81=""),"",AC81/U81) | I81: =IF(OR(S81="",U81=""),"",S81/(U81+S81)) | J81: =IF(W81<>"",W81-X81,IF(AG81<>"",AG81,"")) | K81: =IF(Q81<>"",Q81-Y81,IF(AH81<>"",AH81,"")) | L81: =IF(R81<>"",R81-Z81,IF(AI81<>"",AI81,"")) | Q81: =IF($A81="","",IF(Q80="","",Q80)) | R81: =IF($A81="","",IF(R80="","",R80)) | S81: =IF($A81="","",IF(S80="","",S80)) | T81: =IF(OR(P81="",W81=""),"",P81-W81) | U81: =IF($A81="","",IF(U80="","",U80)) | V81: =IF(P81="","",P81+IF(Q81="",0,Q81)+IF(R81="",0,R81)) | X81: =SUMIFS('09_CF_원금'!$E$6:$E$92,'09_CF_원금'!$D$6:$D$92,"국장",'09_CF_원금'!$A$6:$A$92,"<="&$A81)-SUMIFS('09_CF_원금'!$E$6:$E$92,'09_CF_원금'!$C$6:$C$92,"국장",'09_CF_원금'!$A$6:$A$92,"<="&$A81) | Y81: =SUMIFS('09_CF_원금'!$E$6:$E$92,'09_CF_원금'!$D$6:$D$92,"미장",'09_CF_원금'!$A$6:$A$92,"<="&$A81)-SUMIFS('09_CF_원금'!$E$6:$E$92,'09_CF_원금'!$C$6:$C$92,"미장",'09_CF_원금'!$A$6:$A$92,"<="&$A81) | Z81: =SUMIFS('09_CF_원금'!$E$6:$E$92,'09_CF_원금'!$D$6:$D$92,"ISA",'09_CF_원금'!$A$6:$A$92,"<="&$A81)-SUMIFS('09_CF_원금'!$E$6:$E$92,'09_CF_원금'!$C$6:$C$92,"ISA",'09_CF_원금'!$A$6:$A$92,"<="&$A81) | AA81: =IF($A81="","",X81+Y81+Z81+SUMIFS('09_CF_원금'!$E$6:$E$92,'09_CF_원금'!$D$6:$D$92,"중국",'09_CF_원금'!$A$6:$A$92,"<="&$A81)-SUMIFS('09_CF_원금'!$E$6:$E$92,'09_CF_원금'!$C$6:$C$92,"중국",'09_CF_원금'!$A$6:$A$92,"<="&$A81)+SUMIFS('09_CF_원금'!$E$6:$E$92,'09_CF_원금'!$D$6:$D$92,"업비트",'09_CF_원금'!$A$6:$A$92,"<="&$A81)-SUMIFS('09_CF_원금'!$E$6:$E$92,'09_CF_원금'!$C$6:$C$92,"업비트",'09_CF_원금'!$A$6:$A$92,"<="&$A81)) | AB81: =IF(OR(U81="",V81=""),"",U81-(V81-IF(S81="",0,S81))) | AC81: =IF(AB81="","",T81+AB81) | AD81: =IF(B81="","",MAX($B$5:B81)) | AJ81: =IF($A81="","",YEAR($A81)*100+MONTH($A81)) | AK81: =IF($A81="","",IF($N81="",0,1))
A82: 46115 | B82: =IF(V82<>"",V82-T82,IF(AF82<>"",AA82+AF82,"")) | C82: =IF(OR(B82="",B81=""),"",B82-B81) | D82: =IF(OR(B82="",AA82=""),"",B82-AA82) | E82: =IF(OR(B82="",AD82=0),"",MIN(0,B82/AD82-1)) | F82: =IF(OR(U82="",T82=0,T82=""),"",(P82-T82*1.4)/U82) | G82: =IF(OR(AC82="",'09_CF_원금'!$B$108=0),"",AC82/'09_CF_원금'!$B$108) | H82: =IF(OR(U82="",U82=0,AC82=""),"",AC82/U82) | I82: =IF(OR(S82="",U82=""),"",S82/(U82+S82)) | J82: =IF(W82<>"",W82-X82,IF(AG82<>"",AG82,"")) | K82: =IF(Q82<>"",Q82-Y82,IF(AH82<>"",AH82,"")) | L82: =IF(R82<>"",R82-Z82,IF(AI82<>"",AI82,"")) | Q82: =IF($A82="","",IF(Q81="","",Q81)) | R82: =IF($A82="","",IF(R81="","",R81)) | S82: =IF($A82="","",IF(S81="","",S81)) | T82: =IF(OR(P82="",W82=""),"",P82-W82) | U82: =IF($A82="","",IF(U81="","",U81)) | V82: =IF(P82="","",P82+IF(Q82="",0,Q82)+IF(R82="",0,R82)) | X82: =SUMIFS('09_CF_원금'!$E$6:$E$92,'09_CF_원금'!$D$6:$D$92,"국장",'09_CF_원금'!$A$6:$A$92,"<="&$A82)-SUMIFS('09_CF_원금'!$E$6:$E$92,'09_CF_원금'!$C$6:$C$92,"국장",'09_CF_원금'!$A$6:$A$92,"<="&$A82) | Y82: =SUMIFS('09_CF_원금'!$E$6:$E$92,'09_CF_원금'!$D$6:$D$92,"미장",'09_CF_원금'!$A$6:$A$92,"<="&$A82)-SUMIFS('09_CF_원금'!$E$6:$E$92,'09_CF_원금'!$C$6:$C$92,"미장",'09_CF_원금'!$A$6:$A$92,"<="&$A82) | Z82: =SUMIFS('09_CF_원금'!$E$6:$E$92,'09_CF_원금'!$D$6:$D$92,"ISA",'09_CF_원금'!$A$6:$A$92,"<="&$A82)-SUMIFS('09_CF_원금'!$E$6:$E$92,'09_CF_원금'!$C$6:$C$92,"ISA",'09_CF_원금'!$A$6:$A$92,"<="&$A82) | AA82: =IF($A82="","",X82+Y82+Z82+SUMIFS('09_CF_원금'!$E$6:$E$92,'09_CF_원금'!$D$6:$D$92,"중국",'09_CF_원금'!$A$6:$A$92,"<="&$A82)-SUMIFS('09_CF_원금'!$E$6:$E$92,'09_CF_원금'!$C$6:$C$92,"중국",'09_CF_원금'!$A$6:$A$92,"<="&$A82)+SUMIFS('09_CF_원금'!$E$6:$E$92,'09_CF_원금'!$D$6:$D$92,"업비트",'09_CF_원금'!$A$6:$A$92,"<="&$A82)-SUMIFS('09_CF_원금'!$E$6:$E$92,'09_CF_원금'!$C$6:$C$92,"업비트",'09_CF_원금'!$A$6:$A$92,"<="&$A82)) | AB82: =IF(OR(U82="",V82=""),"",U82-(V82-IF(S82="",0,S82))) | AC82: =IF(AB82="","",T82+AB82) | AD82: =IF(B82="","",MAX($B$5:B82)) | AJ82: =IF($A82="","",YEAR($A82)*100+MONTH($A82)) | AK82: =IF($A82="","",IF($N82="",0,1))
A83: 46118 | B83: =IF(V83<>"",V83-T83,IF(AF83<>"",AA83+AF83,"")) | C83: =IF(OR(B83="",B82=""),"",B83-B82) | D83: =IF(OR(B83="",AA83=""),"",B83-AA83) | E83: =IF(OR(B83="",AD83=0),"",MIN(0,B83/AD83-1)) | F83: =IF(OR(U83="",T83=0,T83=""),"",(P83-T83*1.4)/U83) | G83: =IF(OR(AC83="",'09_CF_원금'!$B$108=0),"",AC83/'09_CF_원금'!$B$108) | H83: =IF(OR(U83="",U83=0,AC83=""),"",AC83/U83) | I83: =IF(OR(S83="",U83=""),"",S83/(U83+S83)) | J83: =IF(W83<>"",W83-X83,IF(AG83<>"",AG83,"")) | K83: =IF(Q83<>"",Q83-Y83,IF(AH83<>"",AH83,"")) | L83: =IF(R83<>"",R83-Z83,IF(AI83<>"",AI83,"")) | Q83: =IF($A83="","",IF(Q82="","",Q82)) | R83: =IF($A83="","",IF(R82="","",R82)) | S83: =IF($A83="","",IF(S82="","",S82)) | T83: =IF(OR(P83="",W83=""),"",P83-W83) | U83: =IF($A83="","",IF(U82="","",U82)) | V83: =IF(P83="","",P83+IF(Q83="",0,Q83)+IF(R83="",0,R83)) | X83: =SUMIFS('09_CF_원금'!$E$6:$E$92,'09_CF_원금'!$D$6:$D$92,"국장",'09_CF_원금'!$A$6:$A$92,"<="&$A83)-SUMIFS('09_CF_원금'!$E$6:$E$92,'09_CF_원금'!$C$6:$C$92,"국장",'09_CF_원금'!$A$6:$A$92,"<="&$A83) | Y83: =SUMIFS('09_CF_원금'!$E$6:$E$92,'09_CF_원금'!$D$6:$D$92,"미장",'09_CF_원금'!$A$6:$A$92,"<="&$A83)-SUMIFS('09_CF_원금'!$E$6:$E$92,'09_CF_원금'!$C$6:$C$92,"미장",'09_CF_원금'!$A$6:$A$92,"<="&$A83) | Z83: =SUMIFS('09_CF_원금'!$E$6:$E$92,'09_CF_원금'!$D$6:$D$92,"ISA",'09_CF_원금'!$A$6:$A$92,"<="&$A83)-SUMIFS('09_CF_원금'!$E$6:$E$92,'09_CF_원금'!$C$6:$C$92,"ISA",'09_CF_원금'!$A$6:$A$92,"<="&$A83) | AA83: =IF($A83="","",X83+Y83+Z83+SUMIFS('09_CF_원금'!$E$6:$E$92,'09_CF_원금'!$D$6:$D$92,"중국",'09_CF_원금'!$A$6:$A$92,"<="&$A83)-SUMIFS('09_CF_원금'!$E$6:$E$92,'09_CF_원금'!$C$6:$C$92,"중국",'09_CF_원금'!$A$6:$A$92,"<="&$A83)+SUMIFS('09_CF_원금'!$E$6:$E$92,'09_CF_원금'!$D$6:$D$92,"업비트",'09_CF_원금'!$A$6:$A$92,"<="&$A83)-SUMIFS('09_CF_원금'!$E$6:$E$92,'09_CF_원금'!$C$6:$C$92,"업비트",'09_CF_원금'!$A$6:$A$92,"<="&$A83)) | AB83: =IF(OR(U83="",V83=""),"",U83-(V83-IF(S83="",0,S83))) | AC83: =IF(AB83="","",T83+AB83) | AD83: =IF(B83="","",MAX($B$5:B83)) | AJ83: =IF($A83="","",YEAR($A83)*100+MONTH($A83)) | AK83: =IF($A83="","",IF($N83="",0,1))
A84: 46119 | B84: =IF(V84<>"",V84-T84,IF(AF84<>"",AA84+AF84,"")) | C84: =IF(OR(B84="",B83=""),"",B84-B83) | D84: =IF(OR(B84="",AA84=""),"",B84-AA84) | E84: =IF(OR(B84="",AD84=0),"",MIN(0,B84/AD84-1)) | F84: =IF(OR(U84="",T84=0,T84=""),"",(P84-T84*1.4)/U84) | G84: =IF(OR(AC84="",'09_CF_원금'!$B$108=0),"",AC84/'09_CF_원금'!$B$108) | H84: =IF(OR(U84="",U84=0,AC84=""),"",AC84/U84) | I84: =IF(OR(S84="",U84=""),"",S84/(U84+S84)) | J84: =IF(W84<>"",W84-X84,IF(AG84<>"",AG84,"")) | K84: =IF(Q84<>"",Q84-Y84,IF(AH84<>"",AH84,"")) | L84: =IF(R84<>"",R84-Z84,IF(AI84<>"",AI84,"")) | Q84: =IF($A84="","",IF(Q83="","",Q83)) | R84: =IF($A84="","",IF(R83="","",R83)) | S84: =IF($A84="","",IF(S83="","",S83)) | T84: =IF(OR(P84="",W84=""),"",P84-W84) | U84: =IF($A84="","",IF(U83="","",U83)) | V84: =IF(P84="","",P84+IF(Q84="",0,Q84)+IF(R84="",0,R84)) | X84: =SUMIFS('09_CF_원금'!$E$6:$E$92,'09_CF_원금'!$D$6:$D$92,"국장",'09_CF_원금'!$A$6:$A$92,"<="&$A84)-SUMIFS('09_CF_원금'!$E$6:$E$92,'09_CF_원금'!$C$6:$C$92,"국장",'09_CF_원금'!$A$6:$A$92,"<="&$A84) | Y84: =SUMIFS('09_CF_원금'!$E$6:$E$92,'09_CF_원금'!$D$6:$D$92,"미장",'09_CF_원금'!$A$6:$A$92,"<="&$A84)-SUMIFS('09_CF_원금'!$E$6:$E$92,'09_CF_원금'!$C$6:$C$92,"미장",'09_CF_원금'!$A$6:$A$92,"<="&$A84) | Z84: =SUMIFS('09_CF_원금'!$E$6:$E$92,'09_CF_원금'!$D$6:$D$92,"ISA",'09_CF_원금'!$A$6:$A$92,"<="&$A84)-SUMIFS('09_CF_원금'!$E$6:$E$92,'09_CF_원금'!$C$6:$C$92,"ISA",'09_CF_원금'!$A$6:$A$92,"<="&$A84) | AA84: =IF($A84="","",X84+Y84+Z84+SUMIFS('09_CF_원금'!$E$6:$E$92,'09_CF_원금'!$D$6:$D$92,"중국",'09_CF_원금'!$A$6:$A$92,"<="&$A84)-SUMIFS('09_CF_원금'!$E$6:$E$92,'09_CF_원금'!$C$6:$C$92,"중국",'09_CF_원금'!$A$6:$A$92,"<="&$A84)+SUMIFS('09_CF_원금'!$E$6:$E$92,'09_CF_원금'!$D$6:$D$92,"업비트",'09_CF_원금'!$A$6:$A$92,"<="&$A84)-SUMIFS('09_CF_원금'!$E$6:$E$92,'09_CF_원금'!$C$6:$C$92,"업비트",'09_CF_원금'!$A$6:$A$92,"<="&$A84)) | AB84: =IF(OR(U84="",V84=""),"",U84-(V84-IF(S84="",0,S84))) | AC84: =IF(AB84="","",T84+AB84) | AD84: =IF(B84="","",MAX($B$5:B84)) | AJ84: =IF($A84="","",YEAR($A84)*100+MONTH($A84)) | AK84: =IF($A84="","",IF($N84="",0,1))
A85: 46120 | B85: =IF(V85<>"",V85-T85,IF(AF85<>"",AA85+AF85,"")) | C85: =IF(OR(B85="",B84=""),"",B85-B84) | D85: =IF(OR(B85="",AA85=""),"",B85-AA85) | E85: =IF(OR(B85="",AD85=0),"",MIN(0,B85/AD85-1)) | F85: =IF(OR(U85="",T85=0,T85=""),"",(P85-T85*1.4)/U85) | G85: =IF(OR(AC85="",'09_CF_원금'!$B$108=0),"",AC85/'09_CF_원금'!$B$108) | H85: =IF(OR(U85="",U85=0,AC85=""),"",AC85/U85) | I85: =IF(OR(S85="",U85=""),"",S85/(U85+S85)) | J85: =IF(W85<>"",W85-X85,IF(AG85<>"",AG85,"")) | K85: =IF(Q85<>"",Q85-Y85,IF(AH85<>"",AH85,"")) | L85: =IF(R85<>"",R85-Z85,IF(AI85<>"",AI85,"")) | Q85: =IF($A85="","",IF(Q84="","",Q84)) | R85: =IF($A85="","",IF(R84="","",R84)) | S85: =IF($A85="","",IF(S84="","",S84)) | T85: =IF(OR(P85="",W85=""),"",P85-W85) | U85: =IF($A85="","",IF(U84="","",U84)) | V85: =IF(P85="","",P85+IF(Q85="",0,Q85)+IF(R85="",0,R85)) | X85: =SUMIFS('09_CF_원금'!$E$6:$E$92,'09_CF_원금'!$D$6:$D$92,"국장",'09_CF_원금'!$A$6:$A$92,"<="&$A85)-SUMIFS('09_CF_원금'!$E$6:$E$92,'09_CF_원금'!$C$6:$C$92,"국장",'09_CF_원금'!$A$6:$A$92,"<="&$A85) | Y85: =SUMIFS('09_CF_원금'!$E$6:$E$92,'09_CF_원금'!$D$6:$D$92,"미장",'09_CF_원금'!$A$6:$A$92,"<="&$A85)-SUMIFS('09_CF_원금'!$E$6:$E$92,'09_CF_원금'!$C$6:$C$92,"미장",'09_CF_원금'!$A$6:$A$92,"<="&$A85) | Z85: =SUMIFS('09_CF_원금'!$E$6:$E$92,'09_CF_원금'!$D$6:$D$92,"ISA",'09_CF_원금'!$A$6:$A$92,"<="&$A85)-SUMIFS('09_CF_원금'!$E$6:$E$92,'09_CF_원금'!$C$6:$C$92,"ISA",'09_CF_원금'!$A$6:$A$92,"<="&$A85) | AA85: =IF($A85="","",X85+Y85+Z85+SUMIFS('09_CF_원금'!$E$6:$E$92,'09_CF_원금'!$D$6:$D$92,"중국",'09_CF_원금'!$A$6:$A$92,"<="&$A85)-SUMIFS('09_CF_원금'!$E$6:$E$92,'09_CF_원금'!$C$6:$C$92,"중국",'09_CF_원금'!$A$6:$A$92,"<="&$A85)+SUMIFS('09_CF_원금'!$E$6:$E$92,'09_CF_원금'!$D$6:$D$92,"업비트",'09_CF_원금'!$A$6:$A$92,"<="&$A85)-SUMIFS('09_CF_원금'!$E$6:$E$92,'09_CF_원금'!$C$6:$C$92,"업비트",'09_CF_원금'!$A$6:$A$92,"<="&$A85)) | AB85: =IF(OR(U85="",V85=""),"",U85-(V85-IF(S85="",0,S85))) | AC85: =IF(AB85="","",T85+AB85) | AD85: =IF(B85="","",MAX($B$5:B85)) | AJ85: =IF($A85="","",YEAR($A85)*100+MONTH($A85)) | AK85: =IF($A85="","",IF($N85="",0,1))
A86: 46121 | B86: =IF(V86<>"",V86-T86,IF(AF86<>"",AA86+AF86,"")) | C86: =IF(OR(B86="",B85=""),"",B86-B85) | D86: =IF(OR(B86="",AA86=""),"",B86-AA86) | E86: =IF(OR(B86="",AD86=0),"",MIN(0,B86/AD86-1)) | F86: =IF(OR(U86="",T86=0,T86=""),"",(P86-T86*1.4)/U86) | G86: =IF(OR(AC86="",'09_CF_원금'!$B$108=0),"",AC86/'09_CF_원금'!$B$108) | H86: =IF(OR(U86="",U86=0,AC86=""),"",AC86/U86) | I86: =IF(OR(S86="",U86=""),"",S86/(U86+S86)) | J86: =IF(W86<>"",W86-X86,IF(AG86<>"",AG86,"")) | K86: =IF(Q86<>"",Q86-Y86,IF(AH86<>"",AH86,"")) | L86: =IF(R86<>"",R86-Z86,IF(AI86<>"",AI86,"")) | Q86: =IF($A86="","",IF(Q85="","",Q85)) | R86: =IF($A86="","",IF(R85="","",R85)) | S86: =IF($A86="","",IF(S85="","",S85)) | T86: =IF(OR(P86="",W86=""),"",P86-W86) | U86: =IF($A86="","",IF(U85="","",U85)) | V86: =IF(P86="","",P86+IF(Q86="",0,Q86)+IF(R86="",0,R86)) | X86: =SUMIFS('09_CF_원금'!$E$6:$E$92,'09_CF_원금'!$D$6:$D$92,"국장",'09_CF_원금'!$A$6:$A$92,"<="&$A86)-SUMIFS('09_CF_원금'!$E$6:$E$92,'09_CF_원금'!$C$6:$C$92,"국장",'09_CF_원금'!$A$6:$A$92,"<="&$A86) | Y86: =SUMIFS('09_CF_원금'!$E$6:$E$92,'09_CF_원금'!$D$6:$D$92,"미장",'09_CF_원금'!$A$6:$A$92,"<="&$A86)-SUMIFS('09_CF_원금'!$E$6:$E$92,'09_CF_원금'!$C$6:$C$92,"미장",'09_CF_원금'!$A$6:$A$92,"<="&$A86) | Z86: =SUMIFS('09_CF_원금'!$E$6:$E$92,'09_CF_원금'!$D$6:$D$92,"ISA",'09_CF_원금'!$A$6:$A$92,"<="&$A86)-SUMIFS('09_CF_원금'!$E$6:$E$92,'09_CF_원금'!$C$6:$C$92,"ISA",'09_CF_원금'!$A$6:$A$92,"<="&$A86) | AA86: =IF($A86="","",X86+Y86+Z86+SUMIFS('09_CF_원금'!$E$6:$E$92,'09_CF_원금'!$D$6:$D$92,"중국",'09_CF_원금'!$A$6:$A$92,"<="&$A86)-SUMIFS('09_CF_원금'!$E$6:$E$92,'09_CF_원금'!$C$6:$C$92,"중국",'09_CF_원금'!$A$6:$A$92,"<="&$A86)+SUMIFS('09_CF_원금'!$E$6:$E$92,'09_CF_원금'!$D$6:$D$92,"업비트",'09_CF_원금'!$A$6:$A$92,"<="&$A86)-SUMIFS('09_CF_원금'!$E$6:$E$92,'09_CF_원금'!$C$6:$C$92,"업비트",'09_CF_원금'!$A$6:$A$92,"<="&$A86)) | AB86: =IF(OR(U86="",V86=""),"",U86-(V86-IF(S86="",0,S86))) | AC86: =IF(AB86="","",T86+AB86) | AD86: =IF(B86="","",MAX($B$5:B86)) | AJ86: =IF($A86="","",YEAR($A86)*100+MONTH($A86)) | AK86: =IF($A86="","",IF($N86="",0,1))
A87: 46122 | B87: =IF(V87<>"",V87-T87,IF(AF87<>"",AA87+AF87,"")) | C87: =IF(OR(B87="",B86=""),"",B87-B86) | D87: =IF(OR(B87="",AA87=""),"",B87-AA87) | E87: =IF(OR(B87="",AD87=0),"",MIN(0,B87/AD87-1)) | F87: =IF(OR(U87="",T87=0,T87=""),"",(P87-T87*1.4)/U87) | G87: =IF(OR(AC87="",'09_CF_원금'!$B$108=0),"",AC87/'09_CF_원금'!$B$108) | H87: =IF(OR(U87="",U87=0,AC87=""),"",AC87/U87) | I87: =IF(OR(S87="",U87=""),"",S87/(U87+S87)) | J87: =IF(W87<>"",W87-X87,IF(AG87<>"",AG87,"")) | K87: =IF(Q87<>"",Q87-Y87,IF(AH87<>"",AH87,"")) | L87: =IF(R87<>"",R87-Z87,IF(AI87<>"",AI87,"")) | Q87: =IF($A87="","",IF(Q86="","",Q86)) | R87: =IF($A87="","",IF(R86="","",R86)) | S87: =IF($A87="","",IF(S86="","",S86)) | T87: =IF(OR(P87="",W87=""),"",P87-W87) | U87: =IF($A87="","",IF(U86="","",U86)) | V87: =IF(P87="","",P87+IF(Q87="",0,Q87)+IF(R87="",0,R87)) | X87: =SUMIFS('09_CF_원금'!$E$6:$E$92,'09_CF_원금'!$D$6:$D$92,"국장",'09_CF_원금'!$A$6:$A$92,"<="&$A87)-SUMIFS('09_CF_원금'!$E$6:$E$92,'09_CF_원금'!$C$6:$C$92,"국장",'09_CF_원금'!$A$6:$A$92,"<="&$A87) | Y87: =SUMIFS('09_CF_원금'!$E$6:$E$92,'09_CF_원금'!$D$6:$D$92,"미장",'09_CF_원금'!$A$6:$A$92,"<="&$A87)-SUMIFS('09_CF_원금'!$E$6:$E$92,'09_CF_원금'!$C$6:$C$92,"미장",'09_CF_원금'!$A$6:$A$92,"<="&$A87) | Z87: =SUMIFS('09_CF_원금'!$E$6:$E$92,'09_CF_원금'!$D$6:$D$92,"ISA",'09_CF_원금'!$A$6:$A$92,"<="&$A87)-SUMIFS('09_CF_원금'!$E$6:$E$92,'09_CF_원금'!$C$6:$C$92,"ISA",'09_CF_원금'!$A$6:$A$92,"<="&$A87) | AA87: =IF($A87="","",X87+Y87+Z87+SUMIFS('09_CF_원금'!$E$6:$E$92,'09_CF_원금'!$D$6:$D$92,"중국",'09_CF_원금'!$A$6:$A$92,"<="&$A87)-SUMIFS('09_CF_원금'!$E$6:$E$92,'09_CF_원금'!$C$6:$C$92,"중국",'09_CF_원금'!$A$6:$A$92,"<="&$A87)+SUMIFS('09_CF_원금'!$E$6:$E$92,'09_CF_원금'!$D$6:$D$92,"업비트",'09_CF_원금'!$A$6:$A$92,"<="&$A87)-SUMIFS('09_CF_원금'!$E$6:$E$92,'09_CF_원금'!$C$6:$C$92,"업비트",'09_CF_원금'!$A$6:$A$92,"<="&$A87)) | AB87: =IF(OR(U87="",V87=""),"",U87-(V87-IF(S87="",0,S87))) | AC87: =IF(AB87="","",T87+AB87) | AD87: =IF(B87="","",MAX($B$5:B87)) | AJ87: =IF($A87="","",YEAR($A87)*100+MONTH($A87)) | AK87: =IF($A87="","",IF($N87="",0,1))
A88: 46125 | B88: =IF(V88<>"",V88-T88,IF(AF88<>"",AA88+AF88,"")) | C88: =IF(OR(B88="",B87=""),"",B88-B87) | D88: =IF(OR(B88="",AA88=""),"",B88-AA88) | E88: =IF(OR(B88="",AD88=0),"",MIN(0,B88/AD88-1)) | F88: =IF(OR(U88="",T88=0,T88=""),"",(P88-T88*1.4)/U88) | G88: =IF(OR(AC88="",'09_CF_원금'!$B$108=0),"",AC88/'09_CF_원금'!$B$108) | H88: =IF(OR(U88="",U88=0,AC88=""),"",AC88/U88) | I88: =IF(OR(S88="",U88=""),"",S88/(U88+S88)) | J88: =IF(W88<>"",W88-X88,IF(AG88<>"",AG88,"")) | K88: =IF(Q88<>"",Q88-Y88,IF(AH88<>"",AH88,"")) | L88: =IF(R88<>"",R88-Z88,IF(AI88<>"",AI88,"")) | Q88: =IF($A88="","",IF(Q87="","",Q87)) | R88: =IF($A88="","",IF(R87="","",R87)) | S88: =IF($A88="","",IF(S87="","",S87)) | T88: =IF(OR(P88="",W88=""),"",P88-W88) | U88: =IF($A88="","",IF(U87="","",U87)) | V88: =IF(P88="","",P88+IF(Q88="",0,Q88)+IF(R88="",0,R88)) | X88: =SUMIFS('09_CF_원금'!$E$6:$E$92,'09_CF_원금'!$D$6:$D$92,"국장",'09_CF_원금'!$A$6:$A$92,"<="&$A88)-SUMIFS('09_CF_원금'!$E$6:$E$92,'09_CF_원금'!$C$6:$C$92,"국장",'09_CF_원금'!$A$6:$A$92,"<="&$A88) | Y88: =SUMIFS('09_CF_원금'!$E$6:$E$92,'09_CF_원금'!$D$6:$D$92,"미장",'09_CF_원금'!$A$6:$A$92,"<="&$A88)-SUMIFS('09_CF_원금'!$E$6:$E$92,'09_CF_원금'!$C$6:$C$92,"미장",'09_CF_원금'!$A$6:$A$92,"<="&$A88) | Z88: =SUMIFS('09_CF_원금'!$E$6:$E$92,'09_CF_원금'!$D$6:$D$92,"ISA",'09_CF_원금'!$A$6:$A$92,"<="&$A88)-SUMIFS('09_CF_원금'!$E$6:$E$92,'09_CF_원금'!$C$6:$C$92,"ISA",'09_CF_원금'!$A$6:$A$92,"<="&$A88) | AA88: =IF($A88="","",X88+Y88+Z88+SUMIFS('09_CF_원금'!$E$6:$E$92,'09_CF_원금'!$D$6:$D$92,"중국",'09_CF_원금'!$A$6:$A$92,"<="&$A88)-SUMIFS('09_CF_원금'!$E$6:$E$92,'09_CF_원금'!$C$6:$C$92,"중국",'09_CF_원금'!$A$6:$A$92,"<="&$A88)+SUMIFS('09_CF_원금'!$E$6:$E$92,'09_CF_원금'!$D$6:$D$92,"업비트",'09_CF_원금'!$A$6:$A$92,"<="&$A88)-SUMIFS('09_CF_원금'!$E$6:$E$92,'09_CF_원금'!$C$6:$C$92,"업비트",'09_CF_원금'!$A$6:$A$92,"<="&$A88)) | AB88: =IF(OR(U88="",V88=""),"",U88-(V88-IF(S88="",0,S88))) | AC88: =IF(AB88="","",T88+AB88) | AD88: =IF(B88="","",MAX($B$5:B88)) | AJ88: =IF($A88="","",YEAR($A88)*100+MONTH($A88)) | AK88: =IF($A88="","",IF($N88="",0,1))
A89: 46126 | B89: =IF(V89<>"",V89-T89,IF(AF89<>"",AA89+AF89,"")) | C89: =IF(OR(B89="",B88=""),"",B89-B88) | D89: =IF(OR(B89="",AA89=""),"",B89-AA89) | E89: =IF(OR(B89="",AD89=0),"",MIN(0,B89/AD89-1)) | F89: =IF(OR(U89="",T89=0,T89=""),"",(P89-T89*1.4)/U89) | G89: =IF(OR(AC89="",'09_CF_원금'!$B$108=0),"",AC89/'09_CF_원금'!$B$108) | H89: =IF(OR(U89="",U89=0,AC89=""),"",AC89/U89) | I89: =IF(OR(S89="",U89=""),"",S89/(U89+S89)) | J89: =IF(W89<>"",W89-X89,IF(AG89<>"",AG89,"")) | K89: =IF(Q89<>"",Q89-Y89,IF(AH89<>"",AH89,"")) | L89: =IF(R89<>"",R89-Z89,IF(AI89<>"",AI89,"")) | Q89: =IF($A89="","",IF(Q88="","",Q88)) | R89: =IF($A89="","",IF(R88="","",R88)) | S89: =IF($A89="","",IF(S88="","",S88)) | T89: =IF(OR(P89="",W89=""),"",P89-W89) | U89: =IF($A89="","",IF(U88="","",U88)) | V89: =IF(P89="","",P89+IF(Q89="",0,Q89)+IF(R89="",0,R89)) | X89: =SUMIFS('09_CF_원금'!$E$6:$E$92,'09_CF_원금'!$D$6:$D$92,"국장",'09_CF_원금'!$A$6:$A$92,"<="&$A89)-SUMIFS('09_CF_원금'!$E$6:$E$92,'09_CF_원금'!$C$6:$C$92,"국장",'09_CF_원금'!$A$6:$A$92,"<="&$A89) | Y89: =SUMIFS('09_CF_원금'!$E$6:$E$92,'09_CF_원금'!$D$6:$D$92,"미장",'09_CF_원금'!$A$6:$A$92,"<="&$A89)-SUMIFS('09_CF_원금'!$E$6:$E$92,'09_CF_원금'!$C$6:$C$92,"미장",'09_CF_원금'!$A$6:$A$92,"<="&$A89) | Z89: =SUMIFS('09_CF_원금'!$E$6:$E$92,'09_CF_원금'!$D$6:$D$92,"ISA",'09_CF_원금'!$A$6:$A$92,"<="&$A89)-SUMIFS('09_CF_원금'!$E$6:$E$92,'09_CF_원금'!$C$6:$C$92,"ISA",'09_CF_원금'!$A$6:$A$92,"<="&$A89) | AA89: =IF($A89="","",X89+Y89+Z89+SUMIFS('09_CF_원금'!$E$6:$E$92,'09_CF_원금'!$D$6:$D$92,"중국",'09_CF_원금'!$A$6:$A$92,"<="&$A89)-SUMIFS('09_CF_원금'!$E$6:$E$92,'09_CF_원금'!$C$6:$C$92,"중국",'09_CF_원금'!$A$6:$A$92,"<="&$A89)+SUMIFS('09_CF_원금'!$E$6:$E$92,'09_CF_원금'!$D$6:$D$92,"업비트",'09_CF_원금'!$A$6:$A$92,"<="&$A89)-SUMIFS('09_CF_원금'!$E$6:$E$92,'09_CF_원금'!$C$6:$C$92,"업비트",'09_CF_원금'!$A$6:$A$92,"<="&$A89)) | AB89: =IF(OR(U89="",V89=""),"",U89-(V89-IF(S89="",0,S89))) | AC89: =IF(AB89="","",T89+AB89) | AD89: =IF(B89="","",MAX($B$5:B89)) | AJ89: =IF($A89="","",YEAR($A89)*100+MONTH($A89)) | AK89: =IF($A89="","",IF($N89="",0,1))
... A101: 46142 | B101: =IF(V101<>"",V101-T101,IF(AF101<>"",AA101+AF101,"")) | C101: =IF(OR(B101="",B100=""),"",B101-B100) | D101: =IF(OR(B101="",AA101=""),"",B101-AA101) | E101: =IF(OR(B101="",AD101=0),"",MIN(0,B101/AD101-1)) | F101: =IF(OR(U101="",T101=0,T101=""),"",(P101-T101*1.4)/U101) | G101: =IF(OR(AC101="",'09_CF_원금'!$B$108=0),"",AC101/'09_CF_원금'!$B$108) | H101: =IF(OR(U101="",U101=0,AC101=""),"",AC101/U101) | I101: =IF(OR(S101="",U101=""),"",S101/(U101+S101)) | J101: =IF(W101<>"",W101-X101,IF(AG101<>"",AG101,"")) | K101: =IF(Q101<>"",Q101-Y101,IF(AH101<>"",AH101,"")) | L101: =IF(R101<>"",R101-Z101,IF(AI101<>"",AI101,"")) | Q101: =IF($A101="","",IF(Q100="","",Q100)) | R101: =IF($A101="","",IF(R100="","",R100)) | S101: =IF($A101="","",IF(S100="","",S100)) | T101: =IF(OR(P101="",W101=""),"",P101-W101) | U101: =IF($A101="","",IF(U100="","",U100)) | V101: =IF(P101="","",P101+IF(Q101="",0,Q101)+IF(R101="",0,R101)) | X101: =SUMIFS('09_CF_원금'!$E$6:$E$92,'09_CF_원금'!$D$6:$D$92,"국장",'09_CF_원금'!$A$6:$A$92,"<="&$A101)-SUMIFS('09_CF_원금'!$E$6:$E$92,'09_CF_원금'!$C$6:$C$92,"국장",'09_CF_원금'!$A$6:$A$92,"<="&$A101) | Y101: =SUMIFS('09_CF_원금'!$E$6:$E$92,'09_CF_원금'!$D$6:$D$92,"미장",'09_CF_원금'!$A$6:$A$92,"<="&$A101)-SUMIFS('09_CF_원금'!$E$6:$E$92,'09_CF_원금'!$C$6:$C$92,"미장",'09_CF_원금'!$A$6:$A$92,"<="&$A101) | Z101: =SUMIFS('09_CF_원금'!$E$6:$E$92,'09_CF_원금'!$D$6:$D$92,"ISA",'09_CF_원금'!$A$6:$A$92,"<="&$A101)-SUMIFS('09_CF_원금'!$E$6:$E$92,'09_CF_원금'!$C$6:$C$92,"ISA",'09_CF_원금'!$A$6:$A$92,"<="&$A101) | AA101: =IF($A101="","",X101+Y101+Z101+SUMIFS('09_CF_원금'!$E$6:$E$92,'09_CF_원금'!$D$6:$D$92,"중국",'09_CF_원금'!$A$6:$A$92,"<="&$A101)-SUMIFS('09_CF_원금'!$E$6:$E$92,'09_CF_원금'!$C$6:$C$92,"중국",'09_CF_원금'!$A$6:$A$92,"<="&$A101)+SUMIFS('09_CF_원금'!$E$6:$E$92,'09_CF_원금'!$D$6:$D$92,"업비트",'09_CF_원금'!$A$6:$A$92,"<="&$A101)-SUMIFS('09_CF_원금'!$E$6:$E$92,'09_CF_원금'!$C$6:$C$92,"업비트",'09_CF_원금'!$A$6:$A$92,"<="&$A101)) | AB101: =IF(OR(U101="",V101=""),"",U101-(V101-IF(S101="",0,S101))) | AC101: =IF(AB101="","",T101+AB101) | AD101: =IF(B101="","",MAX($B$5:B101)) | AJ101: =IF($A101="","",YEAR($A101)*100+MONTH($A101)) | AK101: =IF($A101="","",IF($N101="",0,1))
A102: 46143 | B102: =IF(V102<>"",V102-T102,IF(AF102<>"",AA102+AF102,"")) | C102: =IF(OR(B102="",B101=""),"",B102-B101) | D102: =IF(OR(B102="",AA102=""),"",B102-AA102) | E102: =IF(OR(B102="",AD102=0),"",MIN(0,B102/AD102-1)) | F102: =IF(OR(U102="",T102=0,T102=""),"",(P102-T102*1.4)/U102) | G102: =IF(OR(AC102="",'09_CF_원금'!$B$108=0),"",AC102/'09_CF_원금'!$B$108) | H102: =IF(OR(U102="",U102=0,AC102=""),"",AC102/U102) | I102: =IF(OR(S102="",U102=""),"",S102/(U102+S102)) | J102: =IF(W102<>"",W102-X102,IF(AG102<>"",AG102,"")) | K102: =IF(Q102<>"",Q102-Y102,IF(AH102<>"",AH102,"")) | L102: =IF(R102<>"",R102-Z102,IF(AI102<>"",AI102,"")) | Q102: =IF($A102="","",IF(Q101="","",Q101)) | R102: =IF($A102="","",IF(R101="","",R101)) | S102: =IF($A102="","",IF(S101="","",S101)) | T102: =IF(OR(P102="",W102=""),"",P102-W102) | U102: =IF($A102="","",IF(U101="","",U101)) | V102: =IF(P102="","",P102+IF(Q102="",0,Q102)+IF(R102="",0,R102)) | X102: =SUMIFS('09_CF_원금'!$E$6:$E$92,'09_CF_원금'!$D$6:$D$92,"국장",'09_CF_원금'!$A$6:$A$92,"<="&$A102)-SUMIFS('09_CF_원금'!$E$6:$E$92,'09_CF_원금'!$C$6:$C$92,"국장",'09_CF_원금'!$A$6:$A$92,"<="&$A102) | Y102: =SUMIFS('09_CF_원금'!$E$6:$E$92,'09_CF_원금'!$D$6:$D$92,"미장",'09_CF_원금'!$A$6:$A$92,"<="&$A102)-SUMIFS('09_CF_원금'!$E$6:$E$92,'09_CF_원금'!$C$6:$C$92,"미장",'09_CF_원금'!$A$6:$A$92,"<="&$A102) | Z102: =SUMIFS('09_CF_원금'!$E$6:$E$92,'09_CF_원금'!$D$6:$D$92,"ISA",'09_CF_원금'!$A$6:$A$92,"<="&$A102)-SUMIFS('09_CF_원금'!$E$6:$E$92,'09_CF_원금'!$C$6:$C$92,"ISA",'09_CF_원금'!$A$6:$A$92,"<="&$A102) | AA102: =IF($A102="","",X102+Y102+Z102+SUMIFS('09_CF_원금'!$E$6:$E$92,'09_CF_원금'!$D$6:$D$92,"중국",'09_CF_원금'!$A$6:$A$92,"<="&$A102)-SUMIFS('09_CF_원금'!$E$6:$E$92,'09_CF_원금'!$C$6:$C$92,"중국",'09_CF_원금'!$A$6:$A$92,"<="&$A102)+SUMIFS('09_CF_원금'!$E$6:$E$92,'09_CF_원금'!$D$6:$D$92,"업비트",'09_CF_원금'!$A$6:$A$92,"<="&$A102)-SUMIFS('09_CF_원금'!$E$6:$E$92,'09_CF_원금'!$C$6:$C$92,"업비트",'09_CF_원금'!$A$6:$A$92,"<="&$A102)) | AB102: =IF(OR(U102="",V102=""),"",U102-(V102-IF(S102="",0,S102))) | AC102: =IF(AB102="","",T102+AB102) | AD102: =IF(B102="","",MAX($B$5:B102)) | AF102: 403982171 | AG102: 282225408 | AH102: 108002249 | AI102: 13754514 | AJ102: =IF($A102="","",YEAR($A102)*100+MONTH($A102)) | AK102: =IF($A102="","",IF($N102="",0,1))
A103: 46146 | B103: =IF(V103<>"",V103-T103,IF(AF103<>"",AA103+AF103,"")) | C103: =IF(OR(B103="",B102=""),"",B103-B102) | D103: =IF(OR(B103="",AA103=""),"",B103-AA103) | E103: =IF(OR(B103="",AD103=0),"",MIN(0,B103/AD103-1)) | F103: =IF(OR(U103="",T103=0,T103=""),"",(P103-T103*1.4)/U103) | G103: =IF(OR(AC103="",'09_CF_원금'!$B$108=0),"",AC103/'09_CF_원금'!$B$108) | H103: =IF(OR(U103="",U103=0,AC103=""),"",AC103/U103) | I103: =IF(OR(S103="",U103=""),"",S103/(U103+S103)) | J103: =IF(W103<>"",W103-X103,IF(AG103<>"",AG103,"")) | K103: =IF(Q103<>"",Q103-Y103,IF(AH103<>"",AH103,"")) | L103: =IF(R103<>"",R103-Z103,IF(AI103<>"",AI103,"")) | Q103: =IF($A103="","",IF(Q102="","",Q102)) | R103: =IF($A103="","",IF(R102="","",R102)) | S103: =IF($A103="","",IF(S102="","",S102)) | T103: =IF(OR(P103="",W103=""),"",P103-W103) | U103: =IF($A103="","",IF(U102="","",U102)) | V103: =IF(P103="","",P103+IF(Q103="",0,Q103)+IF(R103="",0,R103)) | X103: =SUMIFS('09_CF_원금'!$E$6:$E$92,'09_CF_원금'!$D$6:$D$92,"국장",'09_CF_원금'!$A$6:$A$92,"<="&$A103)-SUMIFS('09_CF_원금'!$E$6:$E$92,'09_CF_원금'!$C$6:$C$92,"국장",'09_CF_원금'!$A$6:$A$92,"<="&$A103) | Y103: =SUMIFS('09_CF_원금'!$E$6:$E$92,'09_CF_원금'!$D$6:$D$92,"미장",'09_CF_원금'!$A$6:$A$92,"<="&$A103)-SUMIFS('09_CF_원금'!$E$6:$E$92,'09_CF_원금'!$C$6:$C$92,"미장",'09_CF_원금'!$A$6:$A$92,"<="&$A103) | Z103: =SUMIFS('09_CF_원금'!$E$6:$E$92,'09_CF_원금'!$D$6:$D$92,"ISA",'09_CF_원금'!$A$6:$A$92,"<="&$A103)-SUMIFS('09_CF_원금'!$E$6:$E$92,'09_CF_원금'!$C$6:$C$92,"ISA",'09_CF_원금'!$A$6:$A$92,"<="&$A103) | AA103: =IF($A103="","",X103+Y103+Z103+SUMIFS('09_CF_원금'!$E$6:$E$92,'09_CF_원금'!$D$6:$D$92,"중국",'09_CF_원금'!$A$6:$A$92,"<="&$A103)-SUMIFS('09_CF_원금'!$E$6:$E$92,'09_CF_원금'!$C$6:$C$92,"중국",'09_CF_원금'!$A$6:$A$92,"<="&$A103)+SUMIFS('09_CF_원금'!$E$6:$E$92,'09_CF_원금'!$D$6:$D$92,"업비트",'09_CF_원금'!$A$6:$A$92,"<="&$A103)-SUMIFS('09_CF_원금'!$E$6:$E$92,'09_CF_원금'!$C$6:$C$92,"업비트",'09_CF_원금'!$A$6:$A$92,"<="&$A103)) | AB103: =IF(OR(U103="",V103=""),"",U103-(V103-IF(S103="",0,S103))) | AC103: =IF(AB103="","",T103+AB103) | AD103: =IF(B103="","",MAX($B$5:B103)) | AJ103: =IF($A103="","",YEAR($A103)*100+MONTH($A103)) | AK103: =IF($A103="","",IF($N103="",0,1))
A104: 46147 | B104: =IF(V104<>"",V104-T104,IF(AF104<>"",AA104+AF104,"")) | C104: =IF(OR(B104="",B103=""),"",B104-B103) | D104: =IF(OR(B104="",AA104=""),"",B104-AA104) | E104: =IF(OR(B104="",AD104=0),"",MIN(0,B104/AD104-1)) | F104: =IF(OR(U104="",T104=0,T104=""),"",(P104-T104*1.4)/U104) | G104: =IF(OR(AC104="",'09_CF_원금'!$B$108=0),"",AC104/'09_CF_원금'!$B$108) | H104: =IF(OR(U104="",U104=0,AC104=""),"",AC104/U104) | I104: =IF(OR(S104="",U104=""),"",S104/(U104+S104)) | J104: =IF(W104<>"",W104-X104,IF(AG104<>"",AG104,"")) | K104: =IF(Q104<>"",Q104-Y104,IF(AH104<>"",AH104,"")) | L104: =IF(R104<>"",R104-Z104,IF(AI104<>"",AI104,"")) | Q104: =IF($A104="","",IF(Q103="","",Q103)) | R104: =IF($A104="","",IF(R103="","",R103)) | S104: =IF($A104="","",IF(S103="","",S103)) | T104: =IF(OR(P104="",W104=""),"",P104-W104) | U104: =IF($A104="","",IF(U103="","",U103)) | V104: =IF(P104="","",P104+IF(Q104="",0,Q104)+IF(R104="",0,R104)) | X104: =SUMIFS('09_CF_원금'!$E$6:$E$92,'09_CF_원금'!$D$6:$D$92,"국장",'09_CF_원금'!$A$6:$A$92,"<="&$A104)-SUMIFS('09_CF_원금'!$E$6:$E$92,'09_CF_원금'!$C$6:$C$92,"국장",'09_CF_원금'!$A$6:$A$92,"<="&$A104) | Y104: =SUMIFS('09_CF_원금'!$E$6:$E$92,'09_CF_원금'!$D$6:$D$92,"미장",'09_CF_원금'!$A$6:$A$92,"<="&$A104)-SUMIFS('09_CF_원금'!$E$6:$E$92,'09_CF_원금'!$C$6:$C$92,"미장",'09_CF_원금'!$A$6:$A$92,"<="&$A104) | Z104: =SUMIFS('09_CF_원금'!$E$6:$E$92,'09_CF_원금'!$D$6:$D$92,"ISA",'09_CF_원금'!$A$6:$A$92,"<="&$A104)-SUMIFS('09_CF_원금'!$E$6:$E$92,'09_CF_원금'!$C$6:$C$92,"ISA",'09_CF_원금'!$A$6:$A$92,"<="&$A104) | AA104: =IF($A104="","",X104+Y104+Z104+SUMIFS('09_CF_원금'!$E$6:$E$92,'09_CF_원금'!$D$6:$D$92,"중국",'09_CF_원금'!$A$6:$A$92,"<="&$A104)-SUMIFS('09_CF_원금'!$E$6:$E$92,'09_CF_원금'!$C$6:$C$92,"중국",'09_CF_원금'!$A$6:$A$92,"<="&$A104)+SUMIFS('09_CF_원금'!$E$6:$E$92,'09_CF_원금'!$D$6:$D$92,"업비트",'09_CF_원금'!$A$6:$A$92,"<="&$A104)-SUMIFS('09_CF_원금'!$E$6:$E$92,'09_CF_원금'!$C$6:$C$92,"업비트",'09_CF_원금'!$A$6:$A$92,"<="&$A104)) | AB104: =IF(OR(U104="",V104=""),"",U104-(V104-IF(S104="",0,S104))) | AC104: =IF(AB104="","",T104+AB104) | AD104: =IF(B104="","",MAX($B$5:B104)) | AJ104: =IF($A104="","",YEAR($A104)*100+MONTH($A104)) | AK104: =IF($A104="","",IF($N104="",0,1))
A105: 46148 | B105: =IF(V105<>"",V105-T105,IF(AF105<>"",AA105+AF105,"")) | C105: =IF(OR(B105="",B104=""),"",B105-B104) | D105: =IF(OR(B105="",AA105=""),"",B105-AA105) | E105: =IF(OR(B105="",AD105=0),"",MIN(0,B105/AD105-1)) | F105: =IF(OR(U105="",T105=0,T105=""),"",(P105-T105*1.4)/U105) | G105: =IF(OR(AC105="",'09_CF_원금'!$B$108=0),"",AC105/'09_CF_원금'!$B$108) | H105: =IF(OR(U105="",U105=0,AC105=""),"",AC105/U105) | I105: =IF(OR(S105="",U105=""),"",S105/(U105+S105)) | J105: =IF(W105<>"",W105-X105,IF(AG105<>"",AG105,"")) | K105: =IF(Q105<>"",Q105-Y105,IF(AH105<>"",AH105,"")) | L105: =IF(R105<>"",R105-Z105,IF(AI105<>"",AI105,"")) | Q105: =IF($A105="","",IF(Q104="","",Q104)) | R105: =IF($A105="","",IF(R104="","",R104)) | S105: =IF($A105="","",IF(S104="","",S104)) | T105: =IF(OR(P105="",W105=""),"",P105-W105) | U105: =IF($A105="","",IF(U104="","",U104)) | V105: =IF(P105="","",P105+IF(Q105="",0,Q105)+IF(R105="",0,R105)) | X105: =SUMIFS('09_CF_원금'!$E$6:$E$92,'09_CF_원금'!$D$6:$D$92,"국장",'09_CF_원금'!$A$6:$A$92,"<="&$A105)-SUMIFS('09_CF_원금'!$E$6:$E$92,'09_CF_원금'!$C$6:$C$92,"국장",'09_CF_원금'!$A$6:$A$92,"<="&$A105) | Y105: =SUMIFS('09_CF_원금'!$E$6:$E$92,'09_CF_원금'!$D$6:$D$92,"미장",'09_CF_원금'!$A$6:$A$92,"<="&$A105)-SUMIFS('09_CF_원금'!$E$6:$E$92,'09_CF_원금'!$C$6:$C$92,"미장",'09_CF_원금'!$A$6:$A$92,"<="&$A105) | Z105: =SUMIFS('09_CF_원금'!$E$6:$E$92,'09_CF_원금'!$D$6:$D$92,"ISA",'09_CF_원금'!$A$6:$A$92,"<="&$A105)-SUMIFS('09_CF_원금'!$E$6:$E$92,'09_CF_원금'!$C$6:$C$92,"ISA",'09_CF_원금'!$A$6:$A$92,"<="&$A105) | AA105: =IF($A105="","",X105+Y105+Z105+SUMIFS('09_CF_원금'!$E$6:$E$92,'09_CF_원금'!$D$6:$D$92,"중국",'09_CF_원금'!$A$6:$A$92,"<="&$A105)-SUMIFS('09_CF_원금'!$E$6:$E$92,'09_CF_원금'!$C$6:$C$92,"중국",'09_CF_원금'!$A$6:$A$92,"<="&$A105)+SUMIFS('09_CF_원금'!$E$6:$E$92,'09_CF_원금'!$D$6:$D$92,"업비트",'09_CF_원금'!$A$6:$A$92,"<="&$A105)-SUMIFS('09_CF_원금'!$E$6:$E$92,'09_CF_원금'!$C$6:$C$92,"업비트",'09_CF_원금'!$A$6:$A$92,"<="&$A105)) | AB105: =IF(OR(U105="",V105=""),"",U105-(V105-IF(S105="",0,S105))) | AC105: =IF(AB105="","",T105+AB105) | AD105: =IF(B105="","",MAX($B$5:B105)) | AJ105: =IF($A105="","",YEAR($A105)*100+MONTH($A105)) | AK105: =IF($A105="","",IF($N105="",0,1))
A106: 46149 | B106: =IF(V106<>"",V106-T106,IF(AF106<>"",AA106+AF106,"")) | C106: =IF(OR(B106="",B105=""),"",B106-B105) | D106: =IF(OR(B106="",AA106=""),"",B106-AA106) | E106: =IF(OR(B106="",AD106=0),"",MIN(0,B106/AD106-1)) | F106: =IF(OR(U106="",T106=0,T106=""),"",(P106-T106*1.4)/U106) | G106: =IF(OR(AC106="",'09_CF_원금'!$B$108=0),"",AC106/'09_CF_원금'!$B$108) | H106: =IF(OR(U106="",U106=0,AC106=""),"",AC106/U106) | I106: =IF(OR(S106="",U106=""),"",S106/(U106+S106)) | J106: =IF(W106<>"",W106-X106,IF(AG106<>"",AG106,"")) | K106: =IF(Q106<>"",Q106-Y106,IF(AH106<>"",AH106,"")) | L106: =IF(R106<>"",R106-Z106,IF(AI106<>"",AI106,"")) | Q106: =IF($A106="","",IF(Q105="","",Q105)) | R106: =IF($A106="","",IF(R105="","",R105)) | S106: =IF($A106="","",IF(S105="","",S105)) | T106: =IF(OR(P106="",W106=""),"",P106-W106) | U106: =IF($A106="","",IF(U105="","",U105)) | V106: =IF(P106="","",P106+IF(Q106="",0,Q106)+IF(R106="",0,R106)) | X106: =SUMIFS('09_CF_원금'!$E$6:$E$92,'09_CF_원금'!$D$6:$D$92,"국장",'09_CF_원금'!$A$6:$A$92,"<="&$A106)-SUMIFS('09_CF_원금'!$E$6:$E$92,'09_CF_원금'!$C$6:$C$92,"국장",'09_CF_원금'!$A$6:$A$92,"<="&$A106) | Y106: =SUMIFS('09_CF_원금'!$E$6:$E$92,'09_CF_원금'!$D$6:$D$92,"미장",'09_CF_원금'!$A$6:$A$92,"<="&$A106)-SUMIFS('09_CF_원금'!$E$6:$E$92,'09_CF_원금'!$C$6:$C$92,"미장",'09_CF_원금'!$A$6:$A$92,"<="&$A106) | Z106: =SUMIFS('09_CF_원금'!$E$6:$E$92,'09_CF_원금'!$D$6:$D$92,"ISA",'09_CF_원금'!$A$6:$A$92,"<="&$A106)-SUMIFS('09_CF_원금'!$E$6:$E$92,'09_CF_원금'!$C$6:$C$92,"ISA",'09_CF_원금'!$A$6:$A$92,"<="&$A106) | AA106: =IF($A106="","",X106+Y106+Z106+SUMIFS('09_CF_원금'!$E$6:$E$92,'09_CF_원금'!$D$6:$D$92,"중국",'09_CF_원금'!$A$6:$A$92,"<="&$A106)-SUMIFS('09_CF_원금'!$E$6:$E$92,'09_CF_원금'!$C$6:$C$92,"중국",'09_CF_원금'!$A$6:$A$92,"<="&$A106)+SUMIFS('09_CF_원금'!$E$6:$E$92,'09_CF_원금'!$D$6:$D$92,"업비트",'09_CF_원금'!$A$6:$A$92,"<="&$A106)-SUMIFS('09_CF_원금'!$E$6:$E$92,'09_CF_원금'!$C$6:$C$92,"업비트",'09_CF_원금'!$A$6:$A$92,"<="&$A106)) | AB106: =IF(OR(U106="",V106=""),"",U106-(V106-IF(S106="",0,S106))) | AC106: =IF(AB106="","",T106+AB106) | AD106: =IF(B106="","",MAX($B$5:B106)) | AJ106: =IF($A106="","",YEAR($A106)*100+MONTH($A106)) | AK106: =IF($A106="","",IF($N106="",0,1))
A107: 46150 | B107: =IF(V107<>"",V107-T107,IF(AF107<>"",AA107+AF107,"")) | C107: =IF(OR(B107="",B106=""),"",B107-B106) | D107: =IF(OR(B107="",AA107=""),"",B107-AA107) | E107: =IF(OR(B107="",AD107=0),"",MIN(0,B107/AD107-1)) | F107: =IF(OR(U107="",T107=0,T107=""),"",(P107-T107*1.4)/U107) | G107: =IF(OR(AC107="",'09_CF_원금'!$B$108=0),"",AC107/'09_CF_원금'!$B$108) | H107: =IF(OR(U107="",U107=0,AC107=""),"",AC107/U107) | I107: =IF(OR(S107="",U107=""),"",S107/(U107+S107)) | J107: =IF(W107<>"",W107-X107,IF(AG107<>"",AG107,"")) | K107: =IF(Q107<>"",Q107-Y107,IF(AH107<>"",AH107,"")) | L107: =IF(R107<>"",R107-Z107,IF(AI107<>"",AI107,"")) | Q107: =IF($A107="","",IF(Q106="","",Q106)) | R107: =IF($A107="","",IF(R106="","",R106)) | S107: =IF($A107="","",IF(S106="","",S106)) | T107: =IF(OR(P107="",W107=""),"",P107-W107) | U107: =IF($A107="","",IF(U106="","",U106)) | V107: =IF(P107="","",P107+IF(Q107="",0,Q107)+IF(R107="",0,R107)) | X107: =SUMIFS('09_CF_원금'!$E$6:$E$92,'09_CF_원금'!$D$6:$D$92,"국장",'09_CF_원금'!$A$6:$A$92,"<="&$A107)-SUMIFS('09_CF_원금'!$E$6:$E$92,'09_CF_원금'!$C$6:$C$92,"국장",'09_CF_원금'!$A$6:$A$92,"<="&$A107) | Y107: =SUMIFS('09_CF_원금'!$E$6:$E$92,'09_CF_원금'!$D$6:$D$92,"미장",'09_CF_원금'!$A$6:$A$92,"<="&$A107)-SUMIFS('09_CF_원금'!$E$6:$E$92,'09_CF_원금'!$C$6:$C$92,"미장",'09_CF_원금'!$A$6:$A$92,"<="&$A107) | Z107: =SUMIFS('09_CF_원금'!$E$6:$E$92,'09_CF_원금'!$D$6:$D$92,"ISA",'09_CF_원금'!$A$6:$A$92,"<="&$A107)-SUMIFS('09_CF_원금'!$E$6:$E$92,'09_CF_원금'!$C$6:$C$92,"ISA",'09_CF_원금'!$A$6:$A$92,"<="&$A107) | AA107: =IF($A107="","",X107+Y107+Z107+SUMIFS('09_CF_원금'!$E$6:$E$92,'09_CF_원금'!$D$6:$D$92,"중국",'09_CF_원금'!$A$6:$A$92,"<="&$A107)-SUMIFS('09_CF_원금'!$E$6:$E$92,'09_CF_원금'!$C$6:$C$92,"중국",'09_CF_원금'!$A$6:$A$92,"<="&$A107)+SUMIFS('09_CF_원금'!$E$6:$E$92,'09_CF_원금'!$D$6:$D$92,"업비트",'09_CF_원금'!$A$6:$A$92,"<="&$A107)-SUMIFS('09_CF_원금'!$E$6:$E$92,'09_CF_원금'!$C$6:$C$92,"업비트",'09_CF_원금'!$A$6:$A$92,"<="&$A107)) | AB107: =IF(OR(U107="",V107=""),"",U107-(V107-IF(S107="",0,S107))) | AC107: =IF(AB107="","",T107+AB107) | AD107: =IF(B107="","",MAX($B$5:B107)) | AJ107: =IF($A107="","",YEAR($A107)*100+MONTH($A107)) | AK107: =IF($A107="","",IF($N107="",0,1))
A108: 46153 | B108: =IF(V108<>"",V108-T108,IF(AF108<>"",AA108+AF108,"")) | C108: =IF(OR(B108="",B107=""),"",B108-B107) | D108: =IF(OR(B108="",AA108=""),"",B108-AA108) | E108: =IF(OR(B108="",AD108=0),"",MIN(0,B108/AD108-1)) | F108: =IF(OR(U108="",T108=0,T108=""),"",(P108-T108*1.4)/U108) | G108: =IF(OR(AC108="",'09_CF_원금'!$B$108=0),"",AC108/'09_CF_원금'!$B$108) | H108: =IF(OR(U108="",U108=0,AC108=""),"",AC108/U108) | I108: =IF(OR(S108="",U108=""),"",S108/(U108+S108)) | J108: =IF(W108<>"",W108-X108,IF(AG108<>"",AG108,"")) | K108: =IF(Q108<>"",Q108-Y108,IF(AH108<>"",AH108,"")) | L108: =IF(R108<>"",R108-Z108,IF(AI108<>"",AI108,"")) | Q108: =IF($A108="","",IF(Q107="","",Q107)) | R108: =IF($A108="","",IF(R107="","",R107)) | S108: =IF($A108="","",IF(S107="","",S107)) | T108: =IF(OR(P108="",W108=""),"",P108-W108) | U108: =IF($A108="","",IF(U107="","",U107)) | V108: =IF(P108="","",P108+IF(Q108="",0,Q108)+IF(R108="",0,R108)) | X108: =SUMIFS('09_CF_원금'!$E$6:$E$92,'09_CF_원금'!$D$6:$D$92,"국장",'09_CF_원금'!$A$6:$A$92,"<="&$A108)-SUMIFS('09_CF_원금'!$E$6:$E$92,'09_CF_원금'!$C$6:$C$92,"국장",'09_CF_원금'!$A$6:$A$92,"<="&$A108) | Y108: =SUMIFS('09_CF_원금'!$E$6:$E$92,'09_CF_원금'!$D$6:$D$92,"미장",'09_CF_원금'!$A$6:$A$92,"<="&$A108)-SUMIFS('09_CF_원금'!$E$6:$E$92,'09_CF_원금'!$C$6:$C$92,"미장",'09_CF_원금'!$A$6:$A$92,"<="&$A108) | Z108: =SUMIFS('09_CF_원금'!$E$6:$E$92,'09_CF_원금'!$D$6:$D$92,"ISA",'09_CF_원금'!$A$6:$A$92,"<="&$A108)-SUMIFS('09_CF_원금'!$E$6:$E$92,'09_CF_원금'!$C$6:$C$92,"ISA",'09_CF_원금'!$A$6:$A$92,"<="&$A108) | AA108: =IF($A108="","",X108+Y108+Z108+SUMIFS('09_CF_원금'!$E$6:$E$92,'09_CF_원금'!$D$6:$D$92,"중국",'09_CF_원금'!$A$6:$A$92,"<="&$A108)-SUMIFS('09_CF_원금'!$E$6:$E$92,'09_CF_원금'!$C$6:$C$92,"중국",'09_CF_원금'!$A$6:$A$92,"<="&$A108)+SUMIFS('09_CF_원금'!$E$6:$E$92,'09_CF_원금'!$D$6:$D$92,"업비트",'09_CF_원금'!$A$6:$A$92,"<="&$A108)-SUMIFS('09_CF_원금'!$E$6:$E$92,'09_CF_원금'!$C$6:$C$92,"업비트",'09_CF_원금'!$A$6:$A$92,"<="&$A108)) | AB108: =IF(OR(U108="",V108=""),"",U108-(V108-IF(S108="",0,S108))) | AC108: =IF(AB108="","",T108+AB108) | AD108: =IF(B108="","",MAX($B$5:B108)) | AJ108: =IF($A108="","",YEAR($A108)*100+MONTH($A108)) | AK108: =IF($A108="","",IF($N108="",0,1))
A109: 46154 | B109: =IF(V109<>"",V109-T109,IF(AF109<>"",AA109+AF109,"")) | C109: =IF(OR(B109="",B108=""),"",B109-B108) | D109: =IF(OR(B109="",AA109=""),"",B109-AA109) | E109: =IF(OR(B109="",AD109=0),"",MIN(0,B109/AD109-1)) | F109: =IF(OR(U109="",T109=0,T109=""),"",(P109-T109*1.4)/U109) | G109: =IF(OR(AC109="",'09_CF_원금'!$B$108=0),"",AC109/'09_CF_원금'!$B$108) | H109: =IF(OR(U109="",U109=0,AC109=""),"",AC109/U109) | I109: =IF(OR(S109="",U109=""),"",S109/(U109+S109)) | J109: =IF(W109<>"",W109-X109,IF(AG109<>"",AG109,"")) | K109: =IF(Q109<>"",Q109-Y109,IF(AH109<>"",AH109,"")) | L109: =IF(R109<>"",R109-Z109,IF(AI109<>"",AI109,"")) | Q109: =IF($A109="","",IF(Q108="","",Q108)) | R109: =IF($A109="","",IF(R108="","",R108)) | S109: =IF($A109="","",IF(S108="","",S108)) | T109: =IF(OR(P109="",W109=""),"",P109-W109) | U109: =IF($A109="","",IF(U108="","",U108)) | V109: =IF(P109="","",P109+IF(Q109="",0,Q109)+IF(R109="",0,R109)) | X109: =SUMIFS('09_CF_원금'!$E$6:$E$92,'09_CF_원금'!$D$6:$D$92,"국장",'09_CF_원금'!$A$6:$A$92,"<="&$A109)-SUMIFS('09_CF_원금'!$E$6:$E$92,'09_CF_원금'!$C$6:$C$92,"국장",'09_CF_원금'!$A$6:$A$92,"<="&$A109) | Y109: =SUMIFS('09_CF_원금'!$E$6:$E$92,'09_CF_원금'!$D$6:$D$92,"미장",'09_CF_원금'!$A$6:$A$92,"<="&$A109)-SUMIFS('09_CF_원금'!$E$6:$E$92,'09_CF_원금'!$C$6:$C$92,"미장",'09_CF_원금'!$A$6:$A$92,"<="&$A109) | Z109: =SUMIFS('09_CF_원금'!$E$6:$E$92,'09_CF_원금'!$D$6:$D$92,"ISA",'09_CF_원금'!$A$6:$A$92,"<="&$A109)-SUMIFS('09_CF_원금'!$E$6:$E$92,'09_CF_원금'!$C$6:$C$92,"ISA",'09_CF_원금'!$A$6:$A$92,"<="&$A109) | AA109: =IF($A109="","",X109+Y109+Z109+SUMIFS('09_CF_원금'!$E$6:$E$92,'09_CF_원금'!$D$6:$D$92,"중국",'09_CF_원금'!$A$6:$A$92,"<="&$A109)-SUMIFS('09_CF_원금'!$E$6:$E$92,'09_CF_원금'!$C$6:$C$92,"중국",'09_CF_원금'!$A$6:$A$92,"<="&$A109)+SUMIFS('09_CF_원금'!$E$6:$E$92,'09_CF_원금'!$D$6:$D$92,"업비트",'09_CF_원금'!$A$6:$A$92,"<="&$A109)-SUMIFS('09_CF_원금'!$E$6:$E$92,'09_CF_원금'!$C$6:$C$92,"업비트",'09_CF_원금'!$A$6:$A$92,"<="&$A109)) | AB109: =IF(OR(U109="",V109=""),"",U109-(V109-IF(S109="",0,S109))) | AC109: =IF(AB109="","",T109+AB109) | AD109: =IF(B109="","",MAX($B$5:B109)) | AJ109: =IF($A109="","",YEAR($A109)*100+MONTH($A109)) | AK109: =IF($A109="","",IF($N109="",0,1))
A110: 46155 | B110: =IF(V110<>"",V110-T110,IF(AF110<>"",AA110+AF110,"")) | C110: =IF(OR(B110="",B109=""),"",B110-B109) | D110: =IF(OR(B110="",AA110=""),"",B110-AA110) | E110: =IF(OR(B110="",AD110=0),"",MIN(0,B110/AD110-1)) | F110: =IF(OR(U110="",T110=0,T110=""),"",(P110-T110*1.4)/U110) | G110: =IF(OR(AC110="",'09_CF_원금'!$B$108=0),"",AC110/'09_CF_원금'!$B$108) | H110: =IF(OR(U110="",U110=0,AC110=""),"",AC110/U110) | I110: =IF(OR(S110="",U110=""),"",S110/(U110+S110)) | J110: =IF(W110<>"",W110-X110,IF(AG110<>"",AG110,"")) | K110: =IF(Q110<>"",Q110-Y110,IF(AH110<>"",AH110,"")) | L110: =IF(R110<>"",R110-Z110,IF(AI110<>"",AI110,"")) | Q110: =IF($A110="","",IF(Q109="","",Q109)) | R110: =IF($A110="","",IF(R109="","",R109)) | S110: =IF($A110="","",IF(S109="","",S109)) | T110: =IF(OR(P110="",W110=""),"",P110-W110) | U110: =IF($A110="","",IF(U109="","",U109)) | V110: =IF(P110="","",P110+IF(Q110="",0,Q110)+IF(R110="",0,R110)) | X110: =SUMIFS('09_CF_원금'!$E$6:$E$92,'09_CF_원금'!$D$6:$D$92,"국장",'09_CF_원금'!$A$6:$A$92,"<="&$A110)-SUMIFS('09_CF_원금'!$E$6:$E$92,'09_CF_원금'!$C$6:$C$92,"국장",'09_CF_원금'!$A$6:$A$92,"<="&$A110) | Y110: =SUMIFS('09_CF_원금'!$E$6:$E$92,'09_CF_원금'!$D$6:$D$92,"미장",'09_CF_원금'!$A$6:$A$92,"<="&$A110)-SUMIFS('09_CF_원금'!$E$6:$E$92,'09_CF_원금'!$C$6:$C$92,"미장",'09_CF_원금'!$A$6:$A$92,"<="&$A110) | Z110: =SUMIFS('09_CF_원금'!$E$6:$E$92,'09_CF_원금'!$D$6:$D$92,"ISA",'09_CF_원금'!$A$6:$A$92,"<="&$A110)-SUMIFS('09_CF_원금'!$E$6:$E$92,'09_CF_원금'!$C$6:$C$92,"ISA",'09_CF_원금'!$A$6:$A$92,"<="&$A110) | AA110: =IF($A110="","",X110+Y110+Z110+SUMIFS('09_CF_원금'!$E$6:$E$92,'09_CF_원금'!$D$6:$D$92,"중국",'09_CF_원금'!$A$6:$A$92,"<="&$A110)-SUMIFS('09_CF_원금'!$E$6:$E$92,'09_CF_원금'!$C$6:$C$92,"중국",'09_CF_원금'!$A$6:$A$92,"<="&$A110)+SUMIFS('09_CF_원금'!$E$6:$E$92,'09_CF_원금'!$D$6:$D$92,"업비트",'09_CF_원금'!$A$6:$A$92,"<="&$A110)-SUMIFS('09_CF_원금'!$E$6:$E$92,'09_CF_원금'!$C$6:$C$92,"업비트",'09_CF_원금'!$A$6:$A$92,"<="&$A110)) | AB110: =IF(OR(U110="",V110=""),"",U110-(V110-IF(S110="",0,S110))) | AC110: =IF(AB110="","",T110+AB110) | AD110: =IF(B110="","",MAX($B$5:B110)) | AJ110: =IF($A110="","",YEAR($A110)*100+MONTH($A110)) | AK110: =IF($A110="","",IF($N110="",0,1))
