Workbook

Sheet 00_대시보드
A1: ① 오늘의 리스크 대시보드
A2: =TEXT(TODAY(),"yyyy-mm-dd (aaa)")&" | 손익보다 리스크를 먼저 본다. 🔴가 하나라도 있으면 신규 매수 금지." -> 2026-08-11 (화) | 손익보다 리스크를 먼저 본다. 🔴가 하나라도 있으면 신규 매수 금지.
A4: Ⅰ. 한눈에 보는 상태 | I4: Ⅸ. 리스크 추이 (01_일별로그 자동)
A5: 계좌 순자산 (Asset, 대출포함) | B5: ★ 실질 누적 순손익 | C5: 실질 주식 Exposure | D5: 실질 레버리지 | E5: 담보비율 | F5: 청산까지 여력 | G5: 위반 | H5: 기한초과 체크
A6: ='03_포지션'!$B$41 -> 361082576 | B6: =$E$22 -> -2224732.1 | C6: ='03_포지션'!$B$37 -> 1079147857 | D6: ='03_포지션'!$B$54 -> 8.912495 | E6: ='03_포지션'!$B$51 -> 1.5892889 | F6: ='03_포지션'!$B$52 -> 0.092613175 | G6: ='02_룰북'!$G$22 -> 7 | H6: ='02_룰북'!$H$47 -> 4
A7: 총평가 − 신용 | B7: 표면손익 − 강의비 − 세금 (Ⅳ와 동일) | C7: 레버ETF 배수 반영 | D7: Expo ÷ 순수 자기자본 | E7: 국장 기준 | F7: 몇 % 더 빠지면 청산 | G7: 룰북 🔴 | H7: 룰북 체크리스트
A9: Ⅱ. 계좌별 현황
A10: 계좌 | B10: 평가금액(명목) | C10: 신용 | D10: 순자산 (Equity) | E10: 누적 원금 | F10: 누적 손익 | G10: 수익률 | H10: 비고
A11: 국장 | B11: =SUMIFS('03_포지션'!$I$17:$I$31,'03_포지션'!$C$17:$C$31,"국장")+'03_포지션'!$B$6 -> 760373938 | C11: ='03_포지션'!$C$6 -> 478436585 | D11: =B11-C11 -> 281937353 | E11: ='09_CF_원금'!$B$97 -> 365000000 | F11: =D11-E11 -> -83062647 | G11: =IF(E11<=0,"산출불가",F11/E11) -> -0.2275689 | H11: =IF(E11<=0,"⚠️ 계좌간 이체로 원금 0 이하 → %는 무의미","")
A12: 미장 | B12: =SUMIFS('03_포지션'!$I$17:$I$31,'03_포지션'!$C$17:$C$31,"미장")+'03_포지션'!$B$7 -> 47167857 | C12: ='03_포지션'!$C$7 -> 0 | D12: =B12-C12 -> 47167857 | E12: ='09_CF_원금'!$B$98 -> -65000000 | F12: =D12-E12 -> 112167857 | G12: =IF(E12<=0,"산출불가",F12/E12) -> 산출불가 | H12: =IF(E12<=0,"⚠️ 계좌간 이체로 원금 0 이하 → %는 무의미","") -> ⚠️ 계좌간 이체로 원금 0 이하 → %는 무의미
A13: ISA | B13: =SUMIFS('03_포지션'!$I$17:$I$31,'03_포지션'!$C$17:$C$31,"ISA")+'03_포지션'!$B$8 -> 31977366 | C13: ='03_포지션'!$C$8 -> 0 | D13: =B13-C13 -> 31977366 | E13: ='09_CF_원금'!$B$99 -> 40000000 | F13: =D13-E13 -> -8022634 | G13: =IF(E13<=0,"산출불가",F13/E13) -> -0.20056585 | H13: =IF(E13<=0,"⚠️ 계좌간 이체로 원금 0 이하 → %는 무의미","")
A14: 합계 | B14: =SUM(B11:B13) -> 839519161 | C14: =SUM(C11:C13) -> 478436585 | D14: =SUM(D11:D13) -> 361082576 | E14: =SUM(E11:E13) -> 340000000 | F14: =SUM(F11:F13) -> 21082576 | G14: =IFERROR(F14/E14,"") -> 0.062007576
A16: Ⅲ. 차입 현황 — 배율이 먼저, 금액은 그 다음
A17: ★ 총차입 ÷ 연봉 | B17: ★ 증권차입 ÷ 연봉 | C17: 총 차입 | D17: 증권사 신용 | E17: 내재 레버리지 | F17: 증권 차입 | G17: 회사대출 | H17: 연봉(세전)
A18: =IFERROR(C18/H18,"") -> 12.006707 | B18: =IFERROR(F18/H18,"") -> 9.0067073 | C18: =F18+G18 -> 960536585 | D18: ='03_포지션'!$B$40 -> 478436585 | E18: ='03_포지션'!$B$44 -> 242100000 | F18: ='03_포지션'!$B$45 -> 720536585 | G18: ='03_포지션'!$B$42 -> 240000000 | H18: ='09_CF_원금'!$B$108 -> 80000000
A20: Ⅳ. 비용 차감 후 실질 손익 — 신용이자는 이미 예수금에서 빠져나가 손익에 반영되어 있으므로 여기서 또 빼지 않습니다
A21: 표면 누적손익 | B21: (참고) 누적 지급이자 | C21: (−) 누적 강의·구독비 | D21: (−) 해외주식 예상 세액 | E21: ★ 실질 누적 순손익 | F21: 실질 수익률
A22: =$F$14 -> 21082576 | B22: ='09_CF_원금'!$E$127 -> 19838868 | C22: ='09_CF_원금'!$B$179 -> 3554000 | D22: ='09_CF_원금'!$F$135 -> 19753308 | E22: =A22-C22-D22 -> -2224732.1 | F22: =IFERROR(E22/'09_CF_원금'!$B$100,"") -> -0.0065433296
A23: 표면 손익에 이미 반영 (차감 X) | B23: ↑ 차감하지 않음. 규모만 인지 | C23: 실제 지출 | D23: 미실현 부채 — 차감함 | E23: 표면 − 강의비 − 세금
A25: Ⅴ. 이번 주 투자 기조 (05_뷰트래커 Ⅰ에서 갱신)
A26: 내 기조 | B26: 레버ETF 상한 | C26: 현재 레버ETF | D26: 상한 대비 | E26: 전문가 컨센서스 | F26: 컨센서스 갭 | G26: 뷰 변화 | H26: 기조 갱신
A27: ='05_뷰트래커'!$C$5 | B27: ='05_뷰트래커'!$D$5 | C27: ='05_뷰트래커'!$E$5 -> 0.67048375 | D27: ='05_뷰트래커'!$F$5 -> ⚪ 기조 미설정 | E27: ='05_뷰트래커'!$E$15 -> ⚪ 기록 없음 | F27: ='05_뷰트래커'!$H$15 -> ⚪ 표본 부족 | G27: ='05_뷰트래커'!$G$15 -> — 이번 주 뷰 변화 없음 | H27: ='05_뷰트래커'!$B$5 -> ⚪ 미설정
A29: Ⅵ. 리스크 신호등 — 규칙 전문과 '위반 시 행동'은 02_룰북에 있습니다
A30: ID | B30: 측정지표 | C30: 내 기준 | D30: 현재값 | E30: 신호 | F30: 키워드
A31: ='02_룰북'!A6 -> R01 | B31: ='02_룰북'!C6 -> 실질 레버리지 배수 (Equity 대비) | C31: ='02_룰북'!D6 -> 8 | D31: ='02_룰북'!F6 -> 8.912495 | E31: ='02_룰북'!G6 -> 🔴 위반 | F31: ='02_룰북'!J6 -> 과레버리지
A32: ='02_룰북'!A7 -> R02 | B32: ='02_룰북'!C7 -> 청산까지 하락여력 | C32: ='02_룰북'!D7 -> 0.1 | D32: ='02_룰북'!F7 -> 0.092613175 | E32: ='02_룰북'!G7 -> 🔴 위반 | F32: ='02_룰북'!J7 -> 청산임박
A33: ='02_룰북'!A8 -> R03 | B33: ='02_룰북'!C8 -> 현금 비중 | C33: ='02_룰북'!D8 -> 0.05 | D33: ='02_룰북'!F8 -> 0.002284819 | E33: ='02_룰북'!G8 -> 🔴 위반 | F33: ='02_룰북'!J8 -> 현금고갈
A34: ='02_룰북'!A9 -> R04 | B34: ='02_룰북'!C9 -> 손절 관리 위반 종목 수 (미입력+하회) | C34: ='02_룰북'!D9 -> 0 | D34: ='02_룰북'!F9 -> 7 | E34: ='02_룰북'!G9 -> 🔴 위반 | F34: ='02_룰북'!J9 -> 손절방치
A35: ='02_룰북'!A10 -> R05 | B35: ='02_룰북'!C10 -> 전종목 손절 시 총손실 ÷ 순수 자기자본 | C35: ='02_룰북'!D10 -> 0.1 | D35: ='02_룰북'!F10 -> 0.1229101 | E35: ='02_룰북'!G10 -> 🔴 손절선 하회 7종목 | F35: ='02_룰북'!J10 -> 한방리스크
A36: ='02_룰북'!A11 -> R06 | B36: ='02_룰북'!C11 -> 단일 섹터 최대비중 | C36: ='02_룰북'!D11 -> 0.5 | D36: ='02_룰북'!F11 -> 0.94510483 | E36: ='02_룰북'!G11 -> 🔴 위반 | F36: ='02_룰북'!J11 -> 섹터쏠림
A37: ='02_룰북'!A12 -> R07 | B37: ='02_룰북'!C12 -> 레버ETF 명목 ÷ 계좌 순자산 | C37: ='02_룰북'!D12 | D37: ='02_룰북'!F12 -> 0.67048375 | E37: ='02_룰북'!G12 -> 🟢 준수 | F37: ='02_룰북'!J12 -> 레버ETF과다
A38: ='02_룰북'!A13 -> R08 | B38: ='02_룰북'!C13 -> 총차입 ÷ 연봉 | C38: ='02_룰북'!D13 -> 8 | D38: ='02_룰북'!F13 -> 9.0067073 | E38: ='02_룰북'!G13 -> 🔴 위반 | F38: ='02_룰북'!J13 -> 빚과다
A39: ='02_룰북'!A14 -> R09 | B39: ='02_룰북'!C14 -> 컨센서스 − 포지션 기조 갭 (p) | C39: ='02_룰북'!D14 -> 1 | D39: ='02_룰북'!F14 | E39: ='02_룰북'!G14 -> ⚪ 측정불가 | F39: ='02_룰북'!J14 -> 컨센서스역행
A40: ='02_룰북'!A15 | B40: ='02_룰북'!C15 | C40: ='02_룰북'!D15 | D40: ='02_룰북'!F15 | E40: ='02_룰북'!G15 | F40: ='02_룰북'!J15
A42: Ⅶ. 03_포지션을 갱신한 날 — 아래 7칸을 01_일별로그 오늘 행 S~Y열에 '값 붙여넣기' (한 번에 연속 붙여넣기 가능)
A43: 국장 총평가 → S열 | B43: 국장 순자산 → T열 | C43: 미장 순자산 → U열 | D43: ISA 순자산 → V열 | E43: 예수금 합계 → W열 | F43: 실질 주식Expo → X열 | G43: 국장 실질Expo → Y열
A44: ='03_포지션'!$B$46 -> 760373938 | B44: ='03_포지션'!$B$46-'03_포지션'!$C$6 -> 281937353 | C44: =SUMIFS('03_포지션'!$I$17:$I$31,'03_포지션'!$C$17:$C$31,"미장")+'03_포지션'!$B$7 -> 47167857 | D44: =SUMIFS('03_포지션'!$I$17:$I$31,'03_포지션'!$C$17:$C$31,"ISA")+'03_포지션'!$B$8 -> 31977366 | E44: ='03_포지션'!$B$9 -> 2471304 | F44: ='03_포지션'!$B$37 -> 1079147857 | G44: ='03_포지션'!$B$47 -> 977860000
A45: → 7칸이 S~Y열 순서와 그대로 맞습니다. 신용잔고(G열)는 S−T로 자동 계산되니 덮어쓰지 마세요. 평일에는 S~V 네 칸만 증권사 앱에서 직접 입력하면 됩니다.
A47: Ⅷ. 매수 버튼을 누르기 전 1분 — 하나라도 '아니오'면 오늘은 사지 않는다
A48: ☐ | B48: 1. 어제 이전에 계획된 매수이고, 이번 주 기조(Ⅴ)와 맞는가?
A49: ☐ | B49: 2. 손절가와, 손절 시 잃을 금액을 지금 숫자로 말할 수 있는가?
A50: ☐ | B50: 3. 계획 물량의 50% 이하인가? 오늘 하루 총매수가 순자산의 15%를 넘지 않는가? ← 5/29·6/9·7/6
A51: ☐ | B51: 4. 이 종목, 최근 3거래일 안에 매도한 적 없는가? (익절 후 재진입 쿨다운) ← 6/25
A52: ☐ | B52: 5. 이 종목 물타기 3회째 아닌가? 직전 매수에서 5거래일 지났는가? ← 7/6~10
A53: ☐ | B53: 6. 감정은 평온한가? 이 매수 후에도 신호등이 전부 🟢인가?

Sheet 01_일별로그
A1: ① 일별 로그 — 왼쪽이 볼 것, 가운데가 넣을 것, 오른쪽이 계산용
A2: 매일 넣는 건 S~V(국장 총평가·국장/미장/ISA 순자산) 4칸 + 감정뿐입니다. W~Y(예수금·실질Expo)는 비워두면 전일 값을 이어받고, 실질Expo는 명목 변동에 레버ETF 2배를 반영해 자동 보정됩니다.
A4: 날짜 | B4: 순자산 (Asset) | C4: 직전 기록 대비 손익 | D4: 누적손익 | E4: 순자산 MDD | F4: 청산까지 여력 | G4: 신용잔고 | H4: 내재 레버리지 | I4: 총차입 | J4: ★차입÷연봉 | K4: 차입비중 | L4: 현금비중 | M4: 국장 손익 | N4: 미장 손익 | O4: ISA 손익 | P4: 감정 (Fear↔Greed) | Q4: 위반 키워드 | R4: 메모 | S4: 국장 총평가 (입력) | T4: 국장 순자산 (입력) | U4: 미장 순자산 (입력) | V4: ISA 순자산 (입력) | W4: 예수금 합계 (이월) | X4: 실질 주식Expo (이월·스케일) | Y4: 국장 실질Expo (이월·스케일) | Z4: 총평가(명목) | AA4: 국장 원금 | AB4: 미장 원금 | AC4: ISA 원금 | AD4: 외부투입원금 | AE4: 순자산 전고점 | AF4: NQ100 | AG4: 누적손익(과거) | AH4: 국장손익(과거) | AI4: 미장손익(과거) | AJ4: ISA손익(과거) | AK4: 월키 | AL4: 감정점수
A5: 45957 | B5: =IF($A5="","",IF(AND($T5<>"",$U5<>"",$V5<>""),$T5+$U5+$V5,IF(AND($Z5<>"",$G5<>""),$Z5-$G5,IF($AG5<>"",$AD5+$AG5,"")))) | D5: =IF(OR($B5="",$AD5=""),"",$B5-$AD5) | E5: =IF(OR($B5="",$AE5=0,$AE5=""),"",MIN(0,$B5/$AE5-1)) | F5: =IF(OR($Y5="",$Y5=0,$G5="",$G5=0),"",($S5-$G5*'03_포지션'!$B$13)/$Y5) | G5: =IF(OR($S5="",$T5=""),"",$S5-$T5) | H5: =IF(OR($X5="",$Z5=""),"",$X5-($Z5-IF($W5="",0,$W5))) | I5: =IF(OR($G5="",$H5=""),"",$G5+$H5) | J5: =IF(OR($I5="",'09_CF_원금'!$B$108=0),"",$I5/'09_CF_원금'!$B$108) | K5: =IF(OR($X5="",$X5=0,$I5=""),"",$I5/$X5) | L5: =IF(OR($W5="",$X5=""),"",$W5/($X5+$W5)) | M5: =IF($T5<>"",$T5-$AA5,IF($AH5<>"",$AH5,"")) -> 48440000 | N5: =IF($U5<>"",$U5-$AB5,IF($AI5<>"",$AI5,"")) -> 32256167 | O5: =IF($V5<>"",$V5-$AC5,IF($AJ5<>"",$AJ5,"")) | Z5: =IF($S5="","",$S5+IF($U5="",0,$U5)+IF($V5="",0,$V5)) | AA5: =SUMIFS('09_CF_원금'!$E$6:$E$92,'09_CF_원금'!$D$6:$D$92,"국장",'09_CF_원금'!$A$6:$A$92,"<="&$A5)-SUMIFS('09_CF_원금'!$E$6:$E$92,'09_CF_원금'!$C$6:$C$92,"국장",'09_CF_원금'!$A$6:$A$92,"<="&$A5) -> 0 | AB5: =SUMIFS('09_CF_원금'!$E$6:$E$92,'09_CF_원금'!$D$6:$D$92,"미장",'09_CF_원금'!$A$6:$A$92,"<="&$A5)-SUMIFS('09_CF_원금'!$E$6:$E$92,'09_CF_원금'!$C$6:$C$92,"미장",'09_CF_원금'!$A$6:$A$92,"<="&$A5) -> 0 | AC5: =SUMIFS('09_CF_원금'!$E$6:$E$92,'09_CF_원금'!$D$6:$D$92,"ISA",'09_CF_원금'!$A$6:$A$92,"<="&$A5)-SUMIFS('09_CF_원금'!$E$6:$E$92,'09_CF_원금'!$C$6:$C$92,"ISA",'09_CF_원금'!$A$6:$A$92,"<="&$A5) -> 0 | AD5: =IF($A5="","",$AA5+$AB5+$AC5+SUMIFS('09_CF_원금'!$E$6:$E$92,'09_CF_원금'!$D$6:$D$92,"중국",'09_CF_원금'!$A$6:$A$92,"<="&$A5)-SUMIFS('09_CF_원금'!$E$6:$E$92,'09_CF_원금'!$C$6:$C$92,"중국",'09_CF_원금'!$A$6:$A$92,"<="&$A5)) -> 0 | AE5: =IF($B5="","",MAX($B$5:$B5)) | AF5: 25936 | AH5: 48440000 | AI5: 32256167 | AK5: =IF($A5="","",YEAR($A5)*100+MONTH($A5)) -> 202510 | AL5: =IF($P5="","",IF($P5="😱 극도의 공포",-2,IF($P5="😨 공포",-1,IF($P5="😐 평온",0,IF($P5="😃 탐욕",1,IF($P5="🤑 극도의 탐욕",2,""))))))
A6: 45961 | B6: =IF($A6="","",IF(AND($T6<>"",$U6<>"",$V6<>""),$T6+$U6+$V6,IF(AND($Z6<>"",$G6<>""),$Z6-$G6,IF($AG6<>"",$AD6+$AG6,"")))) | C6: =IF($B6="","",IFERROR($B6-LOOKUP(2,1/($B$5:$B5<>""),$B$5:$B5),"")) | D6: =IF(OR($B6="",$AD6=""),"",$B6-$AD6) | E6: =IF(OR($B6="",$AE6=0,$AE6=""),"",MIN(0,$B6/$AE6-1)) | F6: =IF(OR($Y6="",$Y6=0,$G6="",$G6=0),"",($S6-$G6*'03_포지션'!$B$13)/$Y6) | G6: =IF(OR($S6="",$T6=""),"",$S6-$T6) | H6: =IF(OR($X6="",$Z6=""),"",$X6-($Z6-IF($W6="",0,$W6))) | I6: =IF(OR($G6="",$H6=""),"",$G6+$H6) | J6: =IF(OR($I6="",'09_CF_원금'!$B$108=0),"",$I6/'09_CF_원금'!$B$108) | K6: =IF(OR($X6="",$X6=0,$I6=""),"",$I6/$X6) | L6: =IF(OR($W6="",$X6=""),"",$W6/($X6+$W6)) | M6: =IF($T6<>"",$T6-$AA6,IF($AH6<>"",$AH6,"")) -> 57742218 | N6: =IF($U6<>"",$U6-$AB6,IF($AI6<>"",$AI6,"")) -> 33266033 | O6: =IF($V6<>"",$V6-$AC6,IF($AJ6<>"",$AJ6,"")) | W6: =IF($A6="","",IF($W5="","",$W5)) | X6: =IF($A6="","",IFERROR(IF(OR($Z6="",$Z5="",$X5="",($Z5-IF($W5="",0,$W5))=0),IF($X5="","",$X5),($Z6-IF($W6="",0,$W6))+($X5-($Z5-IF($W5="",0,$W5)))*(1+2*(($Z6-IF($W6="",0,$W6))/($Z5-IF($W5="",0,$W5))-1))),IF($X5="","",$X5))) | Y6: =IF($A6="","",IFERROR(IF(OR($S6="",$S5="",$Y5="",$S5=0),IF($Y5="","",$Y5),$S6+($Y5-$S5)*(1+2*($S6/$S5-1))),IF($Y5="","",$Y5))) | Z6: =IF($S6="","",$S6+IF($U6="",0,$U6)+IF($V6="",0,$V6)) | AA6: =SUMIFS('09_CF_원금'!$E$6:$E$92,'09_CF_원금'!$D$6:$D$92,"국장",'09_CF_원금'!$A$6:$A$92,"<="&$A6)-SUMIFS('09_CF_원금'!$E$6:$E$92,'09_CF_원금'!$C$6:$C$92,"국장",'09_CF_원금'!$A$6:$A$92,"<="&$A6) -> 0 | AB6: =SUMIFS('09_CF_원금'!$E$6:$E$92,'09_CF_원금'!$D$6:$D$92,"미장",'09_CF_원금'!$A$6:$A$92,"<="&$A6)-SUMIFS('09_CF_원금'!$E$6:$E$92,'09_CF_원금'!$C$6:$C$92,"미장",'09_CF_원금'!$A$6:$A$92,"<="&$A6) -> 0 | AC6: =SUMIFS('09_CF_원금'!$E$6:$E$92,'09_CF_원금'!$D$6:$D$92,"ISA",'09_CF_원금'!$A$6:$A$92,"<="&$A6)-SUMIFS('09_CF_원금'!$E$6:$E$92,'09_CF_원금'!$C$6:$C$92,"ISA",'09_CF_원금'!$A$6:$A$92,"<="&$A6) -> 0 | AD6: =IF($A6="","",$AA6+$AB6+$AC6+SUMIFS('09_CF_원금'!$E$6:$E$92,'09_CF_원금'!$D$6:$D$92,"중국",'09_CF_원금'!$A$6:$A$92,"<="&$A6)-SUMIFS('09_CF_원금'!$E$6:$E$92,'09_CF_원금'!$C$6:$C$92,"중국",'09_CF_원금'!$A$6:$A$92,"<="&$A6)) -> 0 | AE6: =IF($B6="","",MAX($B$5:$B6)) | AF6: 26004 | AH6: 57742218 | AI6: 33266033 | AK6: =IF($A6="","",YEAR($A6)*100+MONTH($A6)) -> 202510 | AL6: =IF($P6="","",IF($P6="😱 극도의 공포",-2,IF($P6="😨 공포",-1,IF($P6="😐 평온",0,IF($P6="😃 탐욕",1,IF($P6="🤑 극도의 탐욕",2,""))))))
A7: 45968 | B7: =IF($A7="","",IF(AND($T7<>"",$U7<>"",$V7<>""),$T7+$U7+$V7,IF(AND($Z7<>"",$G7<>""),$Z7-$G7,IF($AG7<>"",$AD7+$AG7,"")))) | C7: =IF($B7="","",IFERROR($B7-LOOKUP(2,1/($B$5:$B6<>""),$B$5:$B6),"")) | D7: =IF(OR($B7="",$AD7=""),"",$B7-$AD7) | E7: =IF(OR($B7="",$AE7=0,$AE7=""),"",MIN(0,$B7/$AE7-1)) | F7: =IF(OR($Y7="",$Y7=0,$G7="",$G7=0),"",($S7-$G7*'03_포지션'!$B$13)/$Y7) | G7: =IF(OR($S7="",$T7=""),"",$S7-$T7) | H7: =IF(OR($X7="",$Z7=""),"",$X7-($Z7-IF($W7="",0,$W7))) | I7: =IF(OR($G7="",$H7=""),"",$G7+$H7) | J7: =IF(OR($I7="",'09_CF_원금'!$B$108=0),"",$I7/'09_CF_원금'!$B$108) | K7: =IF(OR($X7="",$X7=0,$I7=""),"",$I7/$X7) | L7: =IF(OR($W7="",$X7=""),"",$W7/($X7+$W7)) | M7: =IF($T7<>"",$T7-$AA7,IF($AH7<>"",$AH7,"")) -> 61665070 | N7: =IF($U7<>"",$U7-$AB7,IF($AI7<>"",$AI7,"")) -> 22042149 | O7: =IF($V7<>"",$V7-$AC7,IF($AJ7<>"",$AJ7,"")) | W7: =IF($A7="","",IF($W6="","",$W6)) | X7: =IF($A7="","",IFERROR(IF(OR($Z7="",$Z6="",$X6="",($Z6-IF($W6="",0,$W6))=0),IF($X6="","",$X6),($Z7-IF($W7="",0,$W7))+($X6-($Z6-IF($W6="",0,$W6)))*(1+2*(($Z7-IF($W7="",0,$W7))/($Z6-IF($W6="",0,$W6))-1))),IF($X6="","",$X6))) | Y7: =IF($A7="","",IFERROR(IF(OR($S7="",$S6="",$Y6="",$S6=0),IF($Y6="","",$Y6),$S7+($Y6-$S6)*(1+2*($S7/$S6-1))),IF($Y6="","",$Y6))) | Z7: =IF($S7="","",$S7+IF($U7="",0,$U7)+IF($V7="",0,$V7)) | AA7: =SUMIFS('09_CF_원금'!$E$6:$E$92,'09_CF_원금'!$D$6:$D$92,"국장",'09_CF_원금'!$A$6:$A$92,"<="&$A7)-SUMIFS('09_CF_원금'!$E$6:$E$92,'09_CF_원금'!$C$6:$C$92,"국장",'09_CF_원금'!$A$6:$A$92,"<="&$A7) -> 0 | AB7: =SUMIFS('09_CF_원금'!$E$6:$E$92,'09_CF_원금'!$D$6:$D$92,"미장",'09_CF_원금'!$A$6:$A$92,"<="&$A7)-SUMIFS('09_CF_원금'!$E$6:$E$92,'09_CF_원금'!$C$6:$C$92,"미장",'09_CF_원금'!$A$6:$A$92,"<="&$A7) -> 0 | AC7: =SUMIFS('09_CF_원금'!$E$6:$E$92,'09_CF_원금'!$D$6:$D$92,"ISA",'09_CF_원금'!$A$6:$A$92,"<="&$A7)-SUMIFS('09_CF_원금'!$E$6:$E$92,'09_CF_원금'!$C$6:$C$92,"ISA",'09_CF_원금'!$A$6:$A$92,"<="&$A7) -> 0 | AD7: =IF($A7="","",$AA7+$AB7+$AC7+SUMIFS('09_CF_원금'!$E$6:$E$92,'09_CF_원금'!$D$6:$D$92,"중국",'09_CF_원금'!$A$6:$A$92,"<="&$A7)-SUMIFS('09_CF_원금'!$E$6:$E$92,'09_CF_원금'!$C$6:$C$92,"중국",'09_CF_원금'!$A$6:$A$92,"<="&$A7)) -> 0 | AE7: =IF($B7="","",MAX($B$5:$B7)) | AF7: 25166.25 | AH7: 61665070 | AI7: 22042149 | AK7: =IF($A7="","",YEAR($A7)*100+MONTH($A7)) -> 202511 | AL7: =IF($P7="","",IF($P7="😱 극도의 공포",-2,IF($P7="😨 공포",-1,IF($P7="😐 평온",0,IF($P7="😃 탐욕",1,IF($P7="🤑 극도의 탐욕",2,""))))))
A8: 45975 | B8: =IF($A8="","",IF(AND($T8<>"",$U8<>"",$V8<>""),$T8+$U8+$V8,IF(AND($Z8<>"",$G8<>""),$Z8-$G8,IF($AG8<>"",$AD8+$AG8,"")))) | C8: =IF($B8="","",IFERROR($B8-LOOKUP(2,1/($B$5:$B7<>""),$B$5:$B7),"")) | D8: =IF(OR($B8="",$AD8=""),"",$B8-$AD8) | E8: =IF(OR($B8="",$AE8=0,$AE8=""),"",MIN(0,$B8/$AE8-1)) | F8: =IF(OR($Y8="",$Y8=0,$G8="",$G8=0),"",($S8-$G8*'03_포지션'!$B$13)/$Y8) | G8: =IF(OR($S8="",$T8=""),"",$S8-$T8) | H8: =IF(OR($X8="",$Z8=""),"",$X8-($Z8-IF($W8="",0,$W8))) | I8: =IF(OR($G8="",$H8=""),"",$G8+$H8) | J8: =IF(OR($I8="",'09_CF_원금'!$B$108=0),"",$I8/'09_CF_원금'!$B$108) | K8: =IF(OR($X8="",$X8=0,$I8=""),"",$I8/$X8) | L8: =IF(OR($W8="",$X8=""),"",$W8/($X8+$W8)) | M8: =IF($T8<>"",$T8-$AA8,IF($AH8<>"",$AH8,"")) -> 115959119 | N8: =IF($U8<>"",$U8-$AB8,IF($AI8<>"",$AI8,"")) -> 20504921 | O8: =IF($V8<>"",$V8-$AC8,IF($AJ8<>"",$AJ8,"")) | R8: 국장 조정세, 미국 AI 반등 기대 | W8: =IF($A8="","",IF($W7="","",$W7)) | X8: =IF($A8="","",IFERROR(IF(OR($Z8="",$Z7="",$X7="",($Z7-IF($W7="",0,$W7))=0),IF($X7="","",$X7),($Z8-IF($W8="",0,$W8))+($X7-($Z7-IF($W7="",0,$W7)))*(1+2*(($Z8-IF($W8="",0,$W8))/($Z7-IF($W7="",0,$W7))-1))),IF($X7="","",$X7))) | Y8: =IF($A8="","",IFERROR(IF(OR($S8="",$S7="",$Y7="",$S7=0),IF($Y7="","",$Y7),$S8+($Y7-$S7)*(1+2*($S8/$S7-1))),IF($Y7="","",$Y7))) | Z8: =IF($S8="","",$S8+IF($U8="",0,$U8)+IF($V8="",0,$V8)) | AA8: =SUMIFS('09_CF_원금'!$E$6:$E$92,'09_CF_원금'!$D$6:$D$92,"국장",'09_CF_원금'!$A$6:$A$92,"<="&$A8)-SUMIFS('09_CF_원금'!$E$6:$E$92,'09_CF_원금'!$C$6:$C$92,"국장",'09_CF_원금'!$A$6:$A$92,"<="&$A8) -> 0 | AB8: =SUMIFS('09_CF_원금'!$E$6:$E$92,'09_CF_원금'!$D$6:$D$92,"미장",'09_CF_원금'!$A$6:$A$92,"<="&$A8)-SUMIFS('09_CF_원금'!$E$6:$E$92,'09_CF_원금'!$C$6:$C$92,"미장",'09_CF_원금'!$A$6:$A$92,"<="&$A8) -> 0 | AC8: =SUMIFS('09_CF_원금'!$E$6:$E$92,'09_CF_원금'!$D$6:$D$92,"ISA",'09_CF_원금'!$A$6:$A$92,"<="&$A8)-SUMIFS('09_CF_원금'!$E$6:$E$92,'09_CF_원금'!$C$6:$C$92,"ISA",'09_CF_원금'!$A$6:$A$92,"<="&$A8) -> 0 | AD8: =IF($A8="","",$AA8+$AB8+$AC8+SUMIFS('09_CF_원금'!$E$6:$E$92,'09_CF_원금'!$D$6:$D$92,"중국",'09_CF_원금'!$A$6:$A$92,"<="&$A8)-SUMIFS('09_CF_원금'!$E$6:$E$92,'09_CF_원금'!$C$6:$C$92,"중국",'09_CF_원금'!$A$6:$A$92,"<="&$A8)) -> 0 | AE8: =IF($B8="","",MAX($B$5:$B8)) | AF8: 25094 | AH8: 115959119 | AI8: 20504921 | AK8: =IF($A8="","",YEAR($A8)*100+MONTH($A8)) -> 202511 | AL8: =IF($P8="","",IF($P8="😱 극도의 공포",-2,IF($P8="😨 공포",-1,IF($P8="😐 평온",0,IF($P8="😃 탐욕",1,IF($P8="🤑 극도의 탐욕",2,""))))))
A9: 45982 | B9: =IF($A9="","",IF(AND($T9<>"",$U9<>"",$V9<>""),$T9+$U9+$V9,IF(AND($Z9<>"",$G9<>""),$Z9-$G9,IF($AG9<>"",$AD9+$AG9,"")))) | C9: =IF($B9="","",IFERROR($B9-LOOKUP(2,1/($B$5:$B8<>""),$B$5:$B8),"")) | D9: =IF(OR($B9="",$AD9=""),"",$B9-$AD9) | E9: =IF(OR($B9="",$AE9=0,$AE9=""),"",MIN(0,$B9/$AE9-1)) | F9: =IF(OR($Y9="",$Y9=0,$G9="",$G9=0),"",($S9-$G9*'03_포지션'!$B$13)/$Y9) | G9: =IF(OR($S9="",$T9=""),"",$S9-$T9) | H9: =IF(OR($X9="",$Z9=""),"",$X9-($Z9-IF($W9="",0,$W9))) | I9: =IF(OR($G9="",$H9=""),"",$G9+$H9) | J9: =IF(OR($I9="",'09_CF_원금'!$B$108=0),"",$I9/'09_CF_원금'!$B$108) | K9: =IF(OR($X9="",$X9=0,$I9=""),"",$I9/$X9) | L9: =IF(OR($W9="",$X9=""),"",$W9/($X9+$W9)) | M9: =IF($T9<>"",$T9-$AA9,IF($AH9<>"",$AH9,"")) -> 106186052 | N9: =IF($U9<>"",$U9-$AB9,IF($AI9<>"",$AI9,"")) -> 8500000 | O9: =IF($V9<>"",$V9-$AC9,IF($AJ9<>"",$AJ9,"")) | R9: 폭락장 속 포트 파괴 & 패닉바잉 (하이닉스) | W9: =IF($A9="","",IF($W8="","",$W8)) | X9: =IF($A9="","",IFERROR(IF(OR($Z9="",$Z8="",$X8="",($Z8-IF($W8="",0,$W8))=0),IF($X8="","",$X8),($Z9-IF($W9="",0,$W9))+($X8-($Z8-IF($W8="",0,$W8)))*(1+2*(($Z9-IF($W9="",0,$W9))/($Z8-IF($W8="",0,$W8))-1))),IF($X8="","",$X8))) | Y9: =IF($A9="","",IFERROR(IF(OR($S9="",$S8="",$Y8="",$S8=0),IF($Y8="","",$Y8),$S9+($Y8-$S8)*(1+2*($S9/$S8-1))),IF($Y8="","",$Y8))) | Z9: =IF($S9="","",$S9+IF($U9="",0,$U9)+IF($V9="",0,$V9)) | AA9: =SUMIFS('09_CF_원금'!$E$6:$E$92,'09_CF_원금'!$D$6:$D$92,"국장",'09_CF_원금'!$A$6:$A$92,"<="&$A9)-SUMIFS('09_CF_원금'!$E$6:$E$92,'09_CF_원금'!$C$6:$C$92,"국장",'09_CF_원금'!$A$6:$A$92,"<="&$A9) -> 80000000 | AB9: =SUMIFS('09_CF_원금'!$E$6:$E$92,'09_CF_원금'!$D$6:$D$92,"미장",'09_CF_원금'!$A$6:$A$92,"<="&$A9)-SUMIFS('09_CF_원금'!$E$6:$E$92,'09_CF_원금'!$C$6:$C$92,"미장",'09_CF_원금'!$A$6:$A$92,"<="&$A9) -> 150000000 | AC9: =SUMIFS('09_CF_원금'!$E$6:$E$92,'09_CF_원금'!$D$6:$D$92,"ISA",'09_CF_원금'!$A$6:$A$92,"<="&$A9)-SUMIFS('09_CF_원금'!$E$6:$E$92,'09_CF_원금'!$C$6:$C$92,"ISA",'09_CF_원금'!$A$6:$A$92,"<="&$A9) -> 40000000 | AD9: =IF($A9="","",$AA9+$AB9+$AC9+SUMIFS('09_CF_원금'!$E$6:$E$92,'09_CF_원금'!$D$6:$D$92,"중국",'09_CF_원금'!$A$6:$A$92,"<="&$A9)-SUMIFS('09_CF_원금'!$E$6:$E$92,'09_CF_원금'!$C$6:$C$92,"중국",'09_CF_원금'!$A$6:$A$92,"<="&$A9)) -> 303000000 | AE9: =IF($B9="","",MAX($B$5:$B9)) | AF9: 24131 | AH9: 106186052 | AI9: 8500000 | AK9: =IF($A9="","",YEAR($A9)*100+MONTH($A9)) -> 202511 | AL9: =IF($P9="","",IF($P9="😱 극도의 공포",-2,IF($P9="😨 공포",-1,IF($P9="😐 평온",0,IF($P9="😃 탐욕",1,IF($P9="🤑 극도의 탐욕",2,""))))))
A10: 45986 | B10: =IF($A10="","",IF(AND($T10<>"",$U10<>"",$V10<>""),$T10+$U10+$V10,IF(AND($Z10<>"",$G10<>""),$Z10-$G10,IF($AG10<>"",$AD10+$AG10,"")))) | C10: =IF($B10="","",IFERROR($B10-LOOKUP(2,1/($B$5:$B9<>""),$B$5:$B9),"")) | D10: =IF(OR($B10="",$AD10=""),"",$B10-$AD10) | E10: =IF(OR($B10="",$AE10=0,$AE10=""),"",MIN(0,$B10/$AE10-1)) | F10: =IF(OR($Y10="",$Y10=0,$G10="",$G10=0),"",($S10-$G10*'03_포지션'!$B$13)/$Y10) | G10: =IF(OR($S10="",$T10=""),"",$S10-$T10) | H10: =IF(OR($X10="",$Z10=""),"",$X10-($Z10-IF($W10="",0,$W10))) | I10: =IF(OR($G10="",$H10=""),"",$G10+$H10) | J10: =IF(OR($I10="",'09_CF_원금'!$B$108=0),"",$I10/'09_CF_원금'!$B$108) | K10: =IF(OR($X10="",$X10=0,$I10=""),"",$I10/$X10) | L10: =IF(OR($W10="",$X10=""),"",$W10/($X10+$W10)) | M10: =IF($T10<>"",$T10-$AA10,IF($AH10<>"",$AH10,"")) -> 99571864 | N10: =IF($U10<>"",$U10-$AB10,IF($AI10<>"",$AI10,"")) -> 17917003 | O10: =IF($V10<>"",$V10-$AC10,IF($AJ10<>"",$AJ10,"")) | R10: 반등세 속 무지성 포모 바잉 | W10: =IF($A10="","",IF($W9="","",$W9)) | X10: =IF($A10="","",IFERROR(IF(OR($Z10="",$Z9="",$X9="",($Z9-IF($W9="",0,$W9))=0),IF($X9="","",$X9),($Z10-IF($W10="",0,$W10))+($X9-($Z9-IF($W9="",0,$W9)))*(1+2*(($Z10-IF($W10="",0,$W10))/($Z9-IF($W9="",0,$W9))-1))),IF($X9="","",$X9))) | Y10: =IF($A10="","",IFERROR(IF(OR($S10="",$S9="",$Y9="",$S9=0),IF($Y9="","",$Y9),$S10+($Y9-$S9)*(1+2*($S10/$S9-1))),IF($Y9="","",$Y9))) | Z10: =IF($S10="","",$S10+IF($U10="",0,$U10)+IF($V10="",0,$V10)) | AA10: =SUMIFS('09_CF_원금'!$E$6:$E$92,'09_CF_원금'!$D$6:$D$92,"국장",'09_CF_원금'!$A$6:$A$92,"<="&$A10)-SUMIFS('09_CF_원금'!$E$6:$E$92,'09_CF_원금'!$C$6:$C$92,"국장",'09_CF_원금'!$A$6:$A$92,"<="&$A10) -> 80000000 | AB10: =SUMIFS('09_CF_원금'!$E$6:$E$92,'09_CF_원금'!$D$6:$D$92,"미장",'09_CF_원금'!$A$6:$A$92,"<="&$A10)-SUMIFS('09_CF_원금'!$E$6:$E$92,'09_CF_원금'!$C$6:$C$92,"미장",'09_CF_원금'!$A$6:$A$92,"<="&$A10) -> 150000000 | AC10: =SUMIFS('09_CF_원금'!$E$6:$E$92,'09_CF_원금'!$D$6:$D$92,"ISA",'09_CF_원금'!$A$6:$A$92,"<="&$A10)-SUMIFS('09_CF_원금'!$E$6:$E$92,'09_CF_원금'!$C$6:$C$92,"ISA",'09_CF_원금'!$A$6:$A$92,"<="&$A10) -> 40000000 | AD10: =IF($A10="","",$AA10+$AB10+$AC10+SUMIFS('09_CF_원금'!$E$6:$E$92,'09_CF_원금'!$D$6:$D$92,"중국",'09_CF_원금'!$A$6:$A$92,"<="&$A10)-SUMIFS('09_CF_원금'!$E$6:$E$92,'09_CF_원금'!$C$6:$C$92,"중국",'09_CF_원금'!$A$6:$A$92,"<="&$A10)) -> 303000000 | AE10: =IF($B10="","",MAX($B$5:$B10)) | AF10: 25085.5 | AH10: 99571864 | AI10: 17917003 | AK10: =IF($A10="","",YEAR($A10)*100+MONTH($A10)) -> 202511 | AL10: =IF($P10="","",IF($P10="😱 극도의 공포",-2,IF($P10="😨 공포",-1,IF($P10="😐 평온",0,IF($P10="😃 탐욕",1,IF($P10="🤑 극도의 탐욕",2,""))))))
A11: 45996 | B11: =IF($A11="","",IF(AND($T11<>"",$U11<>"",$V11<>""),$T11+$U11+$V11,IF(AND($Z11<>"",$G11<>""),$Z11-$G11,IF($AG11<>"",$AD11+$AG11,"")))) | C11: =IF($B11="","",IFERROR($B11-LOOKUP(2,1/($B$5:$B10<>""),$B$5:$B10),"")) | D11: =IF(OR($B11="",$AD11=""),"",$B11-$AD11) | E11: =IF(OR($B11="",$AE11=0,$AE11=""),"",MIN(0,$B11/$AE11-1)) | F11: =IF(OR($Y11="",$Y11=0,$G11="",$G11=0),"",($S11-$G11*'03_포지션'!$B$13)/$Y11) | G11: =IF(OR($S11="",$T11=""),"",$S11-$T11) | H11: =IF(OR($X11="",$Z11=""),"",$X11-($Z11-IF($W11="",0,$W11))) | I11: =IF(OR($G11="",$H11=""),"",$G11+$H11) | J11: =IF(OR($I11="",'09_CF_원금'!$B$108=0),"",$I11/'09_CF_원금'!$B$108) | K11: =IF(OR($X11="",$X11=0,$I11=""),"",$I11/$X11) | L11: =IF(OR($W11="",$X11=""),"",$W11/($X11+$W11)) | M11: =IF($T11<>"",$T11-$AA11,IF($AH11<>"",$AH11,"")) -> 100497353 | N11: =IF($U11<>"",$U11-$AB11,IF($AI11<>"",$AI11,"")) -> 24928701 | O11: =IF($V11<>"",$V11-$AC11,IF($AJ11<>"",$AJ11,"")) | R11: 과잉확신 속 신용투자 & 패닉바잉 물타기 (알테오젠) | W11: =IF($A11="","",IF($W10="","",$W10)) | X11: =IF($A11="","",IFERROR(IF(OR($Z11="",$Z10="",$X10="",($Z10-IF($W10="",0,$W10))=0),IF($X10="","",$X10),($Z11-IF($W11="",0,$W11))+($X10-($Z10-IF($W10="",0,$W10)))*(1+2*(($Z11-IF($W11="",0,$W11))/($Z10-IF($W10="",0,$W10))-1))),IF($X10="","",$X10))) | Y11: =IF($A11="","",IFERROR(IF(OR($S11="",$S10="",$Y10="",$S10=0),IF($Y10="","",$Y10),$S11+($Y10-$S10)*(1+2*($S11/$S10-1))),IF($Y10="","",$Y10))) | Z11: =IF($S11="","",$S11+IF($U11="",0,$U11)+IF($V11="",0,$V11)) | AA11: =SUMIFS('09_CF_원금'!$E$6:$E$92,'09_CF_원금'!$D$6:$D$92,"국장",'09_CF_원금'!$A$6:$A$92,"<="&$A11)-SUMIFS('09_CF_원금'!$E$6:$E$92,'09_CF_원금'!$C$6:$C$92,"국장",'09_CF_원금'!$A$6:$A$92,"<="&$A11) -> 105000000 | AB11: =SUMIFS('09_CF_원금'!$E$6:$E$92,'09_CF_원금'!$D$6:$D$92,"미장",'09_CF_원금'!$A$6:$A$92,"<="&$A11)-SUMIFS('09_CF_원금'!$E$6:$E$92,'09_CF_원금'!$C$6:$C$92,"미장",'09_CF_원금'!$A$6:$A$92,"<="&$A11) -> 150000000 | AC11: =SUMIFS('09_CF_원금'!$E$6:$E$92,'09_CF_원금'!$D$6:$D$92,"ISA",'09_CF_원금'!$A$6:$A$92,"<="&$A11)-SUMIFS('09_CF_원금'!$E$6:$E$92,'09_CF_원금'!$C$6:$C$92,"ISA",'09_CF_원금'!$A$6:$A$92,"<="&$A11) -> 40000000 | AD11: =IF($A11="","",$AA11+$AB11+$AC11+SUMIFS('09_CF_원금'!$E$6:$E$92,'09_CF_원금'!$D$6:$D$92,"중국",'09_CF_원금'!$A$6:$A$92,"<="&$A11)-SUMIFS('09_CF_원금'!$E$6:$E$92,'09_CF_원금'!$C$6:$C$92,"중국",'09_CF_원금'!$A$6:$A$92,"<="&$A11)) -> 328000000 | AE11: =IF($B11="","",MAX($B$5:$B11)) | AF11: 25732 | AH11: 100497353 | AI11: 24928701 | AK11: =IF($A11="","",YEAR($A11)*100+MONTH($A11)) -> 202512 | AL11: =IF($P11="","",IF($P11="😱 극도의 공포",-2,IF($P11="😨 공포",-1,IF($P11="😐 평온",0,IF($P11="😃 탐욕",1,IF($P11="🤑 극도의 탐욕",2,""))))))
A12: 45999 | B12: =IF($A12="","",IF(AND($T12<>"",$U12<>"",$V12<>""),$T12+$U12+$V12,IF(AND($Z12<>"",$G12<>""),$Z12-$G12,IF($AG12<>"",$AD12+$AG12,"")))) | C12: =IF($B12="","",IFERROR($B12-LOOKUP(2,1/($B$5:$B11<>""),$B$5:$B11),"")) | D12: =IF(OR($B12="",$AD12=""),"",$B12-$AD12) | E12: =IF(OR($B12="",$AE12=0,$AE12=""),"",MIN(0,$B12/$AE12-1)) | F12: =IF(OR($Y12="",$Y12=0,$G12="",$G12=0),"",($S12-$G12*'03_포지션'!$B$13)/$Y12) | G12: =IF(OR($S12="",$T12=""),"",$S12-$T12) | H12: =IF(OR($X12="",$Z12=""),"",$X12-($Z12-IF($W12="",0,$W12))) | I12: =IF(OR($G12="",$H12=""),"",$G12+$H12) | J12: =IF(OR($I12="",'09_CF_원금'!$B$108=0),"",$I12/'09_CF_원금'!$B$108) | K12: =IF(OR($X12="",$X12=0,$I12=""),"",$I12/$X12) | L12: =IF(OR($W12="",$X12=""),"",$W12/($X12+$W12)) | M12: =IF($T12<>"",$T12-$AA12,IF($AH12<>"",$AH12,"")) -> 101730146 | N12: =IF($U12<>"",$U12-$AB12,IF($AI12<>"",$AI12,"")) -> 26543123 | O12: =IF($V12<>"",$V12-$AC12,IF($AJ12<>"",$AJ12,"")) | W12: =IF($A12="","",IF($W11="","",$W11)) | X12: =IF($A12="","",IFERROR(IF(OR($Z12="",$Z11="",$X11="",($Z11-IF($W11="",0,$W11))=0),IF($X11="","",$X11),($Z12-IF($W12="",0,$W12))+($X11-($Z11-IF($W11="",0,$W11)))*(1+2*(($Z12-IF($W12="",0,$W12))/($Z11-IF($W11="",0,$W11))-1))),IF($X11="","",$X11))) | Y12: =IF($A12="","",IFERROR(IF(OR($S12="",$S11="",$Y11="",$S11=0),IF($Y11="","",$Y11),$S12+($Y11-$S11)*(1+2*($S12/$S11-1))),IF($Y11="","",$Y11))) | Z12: =IF($S12="","",$S12+IF($U12="",0,$U12)+IF($V12="",0,$V12)) | AA12: =SUMIFS('09_CF_원금'!$E$6:$E$92,'09_CF_원금'!$D$6:$D$92,"국장",'09_CF_원금'!$A$6:$A$92,"<="&$A12)-SUMIFS('09_CF_원금'!$E$6:$E$92,'09_CF_원금'!$C$6:$C$92,"국장",'09_CF_원금'!$A$6:$A$92,"<="&$A12) -> 110000000 | AB12: =SUMIFS('09_CF_원금'!$E$6:$E$92,'09_CF_원금'!$D$6:$D$92,"미장",'09_CF_원금'!$A$6:$A$92,"<="&$A12)-SUMIFS('09_CF_원금'!$E$6:$E$92,'09_CF_원금'!$C$6:$C$92,"미장",'09_CF_원금'!$A$6:$A$92,"<="&$A12) -> 150000000 | AC12: =SUMIFS('09_CF_원금'!$E$6:$E$92,'09_CF_원금'!$D$6:$D$92,"ISA",'09_CF_원금'!$A$6:$A$92,"<="&$A12)-SUMIFS('09_CF_원금'!$E$6:$E$92,'09_CF_원금'!$C$6:$C$92,"ISA",'09_CF_원금'!$A$6:$A$92,"<="&$A12) -> 40000000 | AD12: =IF($A12="","",$AA12+$AB12+$AC12+SUMIFS('09_CF_원금'!$E$6:$E$92,'09_CF_원금'!$D$6:$D$92,"중국",'09_CF_원금'!$A$6:$A$92,"<="&$A12)-SUMIFS('09_CF_원금'!$E$6:$E$92,'09_CF_원금'!$C$6:$C$92,"중국",'09_CF_원금'!$A$6:$A$92,"<="&$A12)) -> 333000000 | AE12: =IF($B12="","",MAX($B$5:$B12)) | AF12: 25723 | AH12: 101730146 | AI12: 26543123 | AK12: =IF($A12="","",YEAR($A12)*100+MONTH($A12)) -> 202512 | AL12: =IF($P12="","",IF($P12="😱 극도의 공포",-2,IF($P12="😨 공포",-1,IF($P12="😐 평온",0,IF($P12="😃 탐욕",1,IF($P12="🤑 극도의 탐욕",2,""))))))
A13: 46010 | B13: =IF($A13="","",IF(AND($T13<>"",$U13<>"",$V13<>""),$T13+$U13+$V13,IF(AND($Z13<>"",$G13<>""),$Z13-$G13,IF($AG13<>"",$AD13+$AG13,"")))) | C13: =IF($B13="","",IFERROR($B13-LOOKUP(2,1/($B$5:$B12<>""),$B$5:$B12),"")) | D13: =IF(OR($B13="",$AD13=""),"",$B13-$AD13) | E13: =IF(OR($B13="",$AE13=0,$AE13=""),"",MIN(0,$B13/$AE13-1)) | F13: =IF(OR($Y13="",$Y13=0,$G13="",$G13=0),"",($S13-$G13*'03_포지션'!$B$13)/$Y13) | G13: =IF(OR($S13="",$T13=""),"",$S13-$T13) | H13: =IF(OR($X13="",$Z13=""),"",$X13-($Z13-IF($W13="",0,$W13))) | I13: =IF(OR($G13="",$H13=""),"",$G13+$H13) | J13: =IF(OR($I13="",'09_CF_원금'!$B$108=0),"",$I13/'09_CF_원금'!$B$108) | K13: =IF(OR($X13="",$X13=0,$I13=""),"",$I13/$X13) | L13: =IF(OR($W13="",$X13=""),"",$W13/($X13+$W13)) | M13: =IF($T13<>"",$T13-$AA13,IF($AH13<>"",$AH13,"")) -> 100089765 | N13: =IF($U13<>"",$U13-$AB13,IF($AI13<>"",$AI13,"")) -> 23580388 | O13: =IF($V13<>"",$V13-$AC13,IF($AJ13<>"",$AJ13,"")) | R13: 무리한 현금소진/레버리지로 계좌 악화 | W13: =IF($A13="","",IF($W12="","",$W12)) | X13: =IF($A13="","",IFERROR(IF(OR($Z13="",$Z12="",$X12="",($Z12-IF($W12="",0,$W12))=0),IF($X12="","",$X12),($Z13-IF($W13="",0,$W13))+($X12-($Z12-IF($W12="",0,$W12)))*(1+2*(($Z13-IF($W13="",0,$W13))/($Z12-IF($W12="",0,$W12))-1))),IF($X12="","",$X12))) | Y13: =IF($A13="","",IFERROR(IF(OR($S13="",$S12="",$Y12="",$S12=0),IF($Y12="","",$Y12),$S13+($Y12-$S12)*(1+2*($S13/$S12-1))),IF($Y12="","",$Y12))) | Z13: =IF($S13="","",$S13+IF($U13="",0,$U13)+IF($V13="",0,$V13)) | AA13: =SUMIFS('09_CF_원금'!$E$6:$E$92,'09_CF_원금'!$D$6:$D$92,"국장",'09_CF_원금'!$A$6:$A$92,"<="&$A13)-SUMIFS('09_CF_원금'!$E$6:$E$92,'09_CF_원금'!$C$6:$C$92,"국장",'09_CF_원금'!$A$6:$A$92,"<="&$A13) -> 130000000 | AB13: =SUMIFS('09_CF_원금'!$E$6:$E$92,'09_CF_원금'!$D$6:$D$92,"미장",'09_CF_원금'!$A$6:$A$92,"<="&$A13)-SUMIFS('09_CF_원금'!$E$6:$E$92,'09_CF_원금'!$C$6:$C$92,"미장",'09_CF_원금'!$A$6:$A$92,"<="&$A13) -> 150000000 | AC13: =SUMIFS('09_CF_원금'!$E$6:$E$92,'09_CF_원금'!$D$6:$D$92,"ISA",'09_CF_원금'!$A$6:$A$92,"<="&$A13)-SUMIFS('09_CF_원금'!$E$6:$E$92,'09_CF_원금'!$C$6:$C$92,"ISA",'09_CF_원금'!$A$6:$A$92,"<="&$A13) -> 40000000 | AD13: =IF($A13="","",$AA13+$AB13+$AC13+SUMIFS('09_CF_원금'!$E$6:$E$92,'09_CF_원금'!$D$6:$D$92,"중국",'09_CF_원금'!$A$6:$A$92,"<="&$A13)-SUMIFS('09_CF_원금'!$E$6:$E$92,'09_CF_원금'!$C$6:$C$92,"중국",'09_CF_원금'!$A$6:$A$92,"<="&$A13)) -> 343000000 | AE13: =IF($B13="","",MAX($B$5:$B13)) | AF13: 25574.75 | AH13: 100089765 | AI13: 23580388 | AK13: =IF($A13="","",YEAR($A13)*100+MONTH($A13)) -> 202512 | AL13: =IF($P13="","",IF($P13="😱 극도의 공포",-2,IF($P13="😨 공포",-1,IF($P13="😐 평온",0,IF($P13="😃 탐욕",1,IF($P13="🤑 극도의 탐욕",2,""))))))
A14: 46017 | B14: =IF($A14="","",IF(AND($T14<>"",$U14<>"",$V14<>""),$T14+$U14+$V14,IF(AND($Z14<>"",$G14<>""),$Z14-$G14,IF($AG14<>"",$AD14+$AG14,"")))) | C14: =IF($B14="","",IFERROR($B14-LOOKUP(2,1/($B$5:$B13<>""),$B$5:$B13),"")) | D14: =IF(OR($B14="",$AD14=""),"",$B14-$AD14) | E14: =IF(OR($B14="",$AE14=0,$AE14=""),"",MIN(0,$B14/$AE14-1)) | F14: =IF(OR($Y14="",$Y14=0,$G14="",$G14=0),"",($S14-$G14*'03_포지션'!$B$13)/$Y14) | G14: =IF(OR($S14="",$T14=""),"",$S14-$T14) | H14: =IF(OR($X14="",$Z14=""),"",$X14-($Z14-IF($W14="",0,$W14))) | I14: =IF(OR($G14="",$H14=""),"",$G14+$H14) | J14: =IF(OR($I14="",'09_CF_원금'!$B$108=0),"",$I14/'09_CF_원금'!$B$108) | K14: =IF(OR($X14="",$X14=0,$I14=""),"",$I14/$X14) | L14: =IF(OR($W14="",$X14=""),"",$W14/($X14+$W14)) | M14: =IF($T14<>"",$T14-$AA14,IF($AH14<>"",$AH14,"")) -> 104193269 | N14: =IF($U14<>"",$U14-$AB14,IF($AI14<>"",$AI14,"")) -> 31850948 | O14: =IF($V14<>"",$V14-$AC14,IF($AJ14<>"",$AJ14,"")) | W14: =IF($A14="","",IF($W13="","",$W13)) | X14: =IF($A14="","",IFERROR(IF(OR($Z14="",$Z13="",$X13="",($Z13-IF($W13="",0,$W13))=0),IF($X13="","",$X13),($Z14-IF($W14="",0,$W14))+($X13-($Z13-IF($W13="",0,$W13)))*(1+2*(($Z14-IF($W14="",0,$W14))/($Z13-IF($W13="",0,$W13))-1))),IF($X13="","",$X13))) | Y14: =IF($A14="","",IFERROR(IF(OR($S14="",$S13="",$Y13="",$S13=0),IF($Y13="","",$Y13),$S14+($Y13-$S13)*(1+2*($S14/$S13-1))),IF($Y13="","",$Y13))) | Z14: =IF($S14="","",$S14+IF($U14="",0,$U14)+IF($V14="",0,$V14)) | AA14: =SUMIFS('09_CF_원금'!$E$6:$E$92,'09_CF_원금'!$D$6:$D$92,"국장",'09_CF_원금'!$A$6:$A$92,"<="&$A14)-SUMIFS('09_CF_원금'!$E$6:$E$92,'09_CF_원금'!$C$6:$C$92,"국장",'09_CF_원금'!$A$6:$A$92,"<="&$A14) -> 130000000 | AB14: =SUMIFS('09_CF_원금'!$E$6:$E$92,'09_CF_원금'!$D$6:$D$92,"미장",'09_CF_원금'!$A$6:$A$92,"<="&$A14)-SUMIFS('09_CF_원금'!$E$6:$E$92,'09_CF_원금'!$C$6:$C$92,"미장",'09_CF_원금'!$A$6:$A$92,"<="&$A14) -> 150000000 | AC14: =SUMIFS('09_CF_원금'!$E$6:$E$92,'09_CF_원금'!$D$6:$D$92,"ISA",'09_CF_원금'!$A$6:$A$92,"<="&$A14)-SUMIFS('09_CF_원금'!$E$6:$E$92,'09_CF_원금'!$C$6:$C$92,"ISA",'09_CF_원금'!$A$6:$A$92,"<="&$A14) -> 40000000 | AD14: =IF($A14="","",$AA14+$AB14+$AC14+SUMIFS('09_CF_원금'!$E$6:$E$92,'09_CF_원금'!$D$6:$D$92,"중국",'09_CF_원금'!$A$6:$A$92,"<="&$A14)-SUMIFS('09_CF_원금'!$E$6:$E$92,'09_CF_원금'!$C$6:$C$92,"중국",'09_CF_원금'!$A$6:$A$92,"<="&$A14)) -> 340000000 | AE14: =IF($B14="","",MAX($B$5:$B14)) | AF14: 25863 | AH14: 104193269 | AI14: 31850948 | AK14: =IF($A14="","",YEAR($A14)*100+MONTH($A14)) -> 202512 | AL14: =IF($P14="","",IF($P14="😱 극도의 공포",-2,IF($P14="😨 공포",-1,IF($P14="😐 평온",0,IF($P14="😃 탐욕",1,IF($P14="🤑 극도의 탐욕",2,""))))))
A15: 46022 | B15: =IF($A15="","",IF(AND($T15<>"",$U15<>"",$V15<>""),$T15+$U15+$V15,IF(AND($Z15<>"",$G15<>""),$Z15-$G15,IF($AG15<>"",$AD15+$AG15,"")))) -> 482830222 | C15: =IF($B15="","",IFERROR($B15-LOOKUP(2,1/($B$5:$B14<>""),$B$5:$B14),"")) | D15: =IF(OR($B15="",$AD15=""),"",$B15-$AD15) -> 142830222 | E15: =IF(OR($B15="",$AE15=0,$AE15=""),"",MIN(0,$B15/$AE15-1)) -> 0 | F15: =IF(OR($Y15="",$Y15=0,$G15="",$G15=0),"",($S15-$G15*'03_포지션'!$B$13)/$Y15) | G15: =IF(OR($S15="",$T15=""),"",$S15-$T15) | H15: =IF(OR($X15="",$Z15=""),"",$X15-($Z15-IF($W15="",0,$W15))) | I15: =IF(OR($G15="",$H15=""),"",$G15+$H15) | J15: =IF(OR($I15="",'09_CF_원금'!$B$108=0),"",$I15/'09_CF_원금'!$B$108) | K15: =IF(OR($X15="",$X15=0,$I15=""),"",$I15/$X15) | L15: =IF(OR($W15="",$X15=""),"",$W15/($X15+$W15)) | M15: =IF($T15<>"",$T15-$AA15,IF($AH15<>"",$AH15,"")) -> 110805230 | N15: =IF($U15<>"",$U15-$AB15,IF($AI15<>"",$AI15,"")) -> 27430808 | O15: =IF($V15<>"",$V15-$AC15,IF($AJ15<>"",$AJ15,"")) -> 4594184 | R15: '25년 마감 | W15: =IF($A15="","",IF($W14="","",$W14)) | X15: =IF($A15="","",IFERROR(IF(OR($Z15="",$Z14="",$X14="",($Z14-IF($W14="",0,$W14))=0),IF($X14="","",$X14),($Z15-IF($W15="",0,$W15))+($X14-($Z14-IF($W14="",0,$W14)))*(1+2*(($Z15-IF($W15="",0,$W15))/($Z14-IF($W14="",0,$W14))-1))),IF($X14="","",$X14))) | Y15: =IF($A15="","",IFERROR(IF(OR($S15="",$S14="",$Y14="",$S14=0),IF($Y14="","",$Y14),$S15+($Y14-$S14)*(1+2*($S15/$S14-1))),IF($Y14="","",$Y14))) | Z15: =IF($S15="","",$S15+IF($U15="",0,$U15)+IF($V15="",0,$V15)) | AA15: =SUMIFS('09_CF_원금'!$E$6:$E$92,'09_CF_원금'!$D$6:$D$92,"국장",'09_CF_원금'!$A$6:$A$92,"<="&$A15)-SUMIFS('09_CF_원금'!$E$6:$E$92,'09_CF_원금'!$C$6:$C$92,"국장",'09_CF_원금'!$A$6:$A$92,"<="&$A15) -> 130000000 | AB15: =SUMIFS('09_CF_원금'!$E$6:$E$92,'09_CF_원금'!$D$6:$D$92,"미장",'09_CF_원금'!$A$6:$A$92,"<="&$A15)-SUMIFS('09_CF_원금'!$E$6:$E$92,'09_CF_원금'!$C$6:$C$92,"미장",'09_CF_원금'!$A$6:$A$92,"<="&$A15) -> 150000000 | AC15: =SUMIFS('09_CF_원금'!$E$6:$E$92,'09_CF_원금'!$D$6:$D$92,"ISA",'09_CF_원금'!$A$6:$A$92,"<="&$A15)-SUMIFS('09_CF_원금'!$E$6:$E$92,'09_CF_원금'!$C$6:$C$92,"ISA",'09_CF_원금'!$A$6:$A$92,"<="&$A15) -> 40000000 | AD15: =IF($A15="","",$AA15+$AB15+$AC15+SUMIFS('09_CF_원금'!$E$6:$E$92,'09_CF_원금'!$D$6:$D$92,"중국",'09_CF_원금'!$A$6:$A$92,"<="&$A15)-SUMIFS('09_CF_원금'!$E$6:$E$92,'09_CF_원금'!$C$6:$C$92,"중국",'09_CF_원금'!$A$6:$A$92,"<="&$A15)) -> 340000000 | AE15: =IF($B15="","",MAX($B$5:$B15)) -> 482830222 | AF15: 25456.75 | AG15: 142830222 | AH15: 110805230 | AI15: 27430808 | AJ15: 4594184 | AK15: =IF($A15="","",YEAR($A15)*100+MONTH($A15)) -> 202512 | AL15: =IF($P15="","",IF($P15="😱 극도의 공포",-2,IF($P15="😨 공포",-1,IF($P15="😐 평온",0,IF($P15="😃 탐욕",1,IF($P15="🤑 극도의 탐욕",2,""))))))
A16: 46023 | B16: =IF($A16="","",IF(AND($T16<>"",$U16<>"",$V16<>""),$T16+$U16+$V16,IF(AND($Z16<>"",$G16<>""),$Z16-$G16,IF($AG16<>"",$AD16+$AG16,"")))) | C16: =IF($B16="","",IFERROR($B16-LOOKUP(2,1/($B$5:$B15<>""),$B$5:$B15),"")) | D16: =IF(OR($B16="",$AD16=""),"",$B16-$AD16) | E16: =IF(OR($B16="",$AE16=0,$AE16=""),"",MIN(0,$B16/$AE16-1)) | F16: =IF(OR($Y16="",$Y16=0,$G16="",$G16=0),"",($S16-$G16*'03_포지션'!$B$13)/$Y16) | G16: =IF(OR($S16="",$T16=""),"",$S16-$T16) | H16: =IF(OR($X16="",$Z16=""),"",$X16-($Z16-IF($W16="",0,$W16))) | I16: =IF(OR($G16="",$H16=""),"",$G16+$H16) | J16: =IF(OR($I16="",'09_CF_원금'!$B$108=0),"",$I16/'09_CF_원금'!$B$108) | K16: =IF(OR($X16="",$X16=0,$I16=""),"",$I16/$X16) | L16: =IF(OR($W16="",$X16=""),"",$W16/($X16+$W16)) | M16: =IF($T16<>"",$T16-$AA16,IF($AH16<>"",$AH16,"")) | N16: =IF($U16<>"",$U16-$AB16,IF($AI16<>"",$AI16,"")) | O16: =IF($V16<>"",$V16-$AC16,IF($AJ16<>"",$AJ16,"")) | W16: =IF($A16="","",IF($W15="","",$W15)) | X16: =IF($A16="","",IFERROR(IF(OR($Z16="",$Z15="",$X15="",($Z15-IF($W15="",0,$W15))=0),IF($X15="","",$X15),($Z16-IF($W16="",0,$W16))+($X15-($Z15-IF($W15="",0,$W15)))*(1+2*(($Z16-IF($W16="",0,$W16))/($Z15-IF($W15="",0,$W15))-1))),IF($X15="","",$X15))) | Y16: =IF($A16="","",IFERROR(IF(OR($S16="",$S15="",$Y15="",$S15=0),IF($Y15="","",$Y15),$S16+($Y15-$S15)*(1+2*($S16/$S15-1))),IF($Y15="","",$Y15))) | Z16: =IF($S16="","",$S16+IF($U16="",0,$U16)+IF($V16="",0,$V16)) | AA16: =SUMIFS('09_CF_원금'!$E$6:$E$92,'09_CF_원금'!$D$6:$D$92,"국장",'09_CF_원금'!$A$6:$A$92,"<="&$A16)-SUMIFS('09_CF_원금'!$E$6:$E$92,'09_CF_원금'!$C$6:$C$92,"국장",'09_CF_원금'!$A$6:$A$92,"<="&$A16) -> 130000000 | AB16: =SUMIFS('09_CF_원금'!$E$6:$E$92,'09_CF_원금'!$D$6:$D$92,"미장",'09_CF_원금'!$A$6:$A$92,"<="&$A16)-SUMIFS('09_CF_원금'!$E$6:$E$92,'09_CF_원금'!$C$6:$C$92,"미장",'09_CF_원금'!$A$6:$A$92,"<="&$A16) -> 150000000 | AC16: =SUMIFS('09_CF_원금'!$E$6:$E$92,'09_CF_원금'!$D$6:$D$92,"ISA",'09_CF_원금'!$A$6:$A$92,"<="&$A16)-SUMIFS('09_CF_원금'!$E$6:$E$92,'09_CF_원금'!$C$6:$C$92,"ISA",'09_CF_원금'!$A$6:$A$92,"<="&$A16) -> 40000000 | AD16: =IF($A16="","",$AA16+$AB16+$AC16+SUMIFS('09_CF_원금'!$E$6:$E$92,'09_CF_원금'!$D$6:$D$92,"중국",'09_CF_원금'!$A$6:$A$92,"<="&$A16)-SUMIFS('09_CF_원금'!$E$6:$E$92,'09_CF_원금'!$C$6:$C$92,"중국",'09_CF_원금'!$A$6:$A$92,"<="&$A16)) -> 340000000 | AE16: =IF($B16="","",MAX($B$5:$B16)) | AK16: =IF($A16="","",YEAR($A16)*100+MONTH($A16)) -> 202601 | AL16: =IF($P16="","",IF($P16="😱 극도의 공포",-2,IF($P16="😨 공포",-1,IF($P16="😐 평온",0,IF($P16="😃 탐욕",1,IF($P16="🤑 극도의 탐욕",2,""))))))
A17: 46024 | B17: =IF($A17="","",IF(AND($T17<>"",$U17<>"",$V17<>""),$T17+$U17+$V17,IF(AND($Z17<>"",$G17<>""),$Z17-$G17,IF($AG17<>"",$AD17+$AG17,"")))) -> 491585850 | C17: =IF($B17="","",IFERROR($B17-LOOKUP(2,1/($B$5:$B16<>""),$B$5:$B16),"")) | D17: =IF(OR($B17="",$AD17=""),"",$B17-$AD17) -> 151585850 | E17: =IF(OR($B17="",$AE17=0,$AE17=""),"",MIN(0,$B17/$AE17-1)) -> 0 | F17: =IF(OR($Y17="",$Y17=0,$G17="",$G17=0),"",($S17-$G17*'03_포지션'!$B$13)/$Y17) | G17: =IF(OR($S17="",$T17=""),"",$S17-$T17) | H17: =IF(OR($X17="",$Z17=""),"",$X17-($Z17-IF($W17="",0,$W17))) | I17: =IF(OR($G17="",$H17=""),"",$G17+$H17) | J17: =IF(OR($I17="",'09_CF_원금'!$B$108=0),"",$I17/'09_CF_원금'!$B$108) | K17: =IF(OR($X17="",$X17=0,$I17=""),"",$I17/$X17) | L17: =IF(OR($W17="",$X17=""),"",$W17/($X17+$W17)) | M17: =IF($T17<>"",$T17-$AA17,IF($AH17<>"",$AH17,"")) -> 113696755 | N17: =IF($U17<>"",$U17-$AB17,IF($AI17<>"",$AI17,"")) -> 31925364 | O17: =IF($V17<>"",$V17-$AC17,IF($AJ17<>"",$AJ17,"")) -> 5280829 | W17: =IF($A17="","",IF($W16="","",$W16)) | X17: =IF($A17="","",IFERROR(IF(OR($Z17="",$Z16="",$X16="",($Z16-IF($W16="",0,$W16))=0),IF($X16="","",$X16),($Z17-IF($W17="",0,$W17))+($X16-($Z16-IF($W16="",0,$W16)))*(1+2*(($Z17-IF($W17="",0,$W17))/($Z16-IF($W16="",0,$W16))-1))),IF($X16="","",$X16))) | Y17: =IF($A17="","",IFERROR(IF(OR($S17="",$S16="",$Y16="",$S16=0),IF($Y16="","",$Y16),$S17+($Y16-$S16)*(1+2*($S17/$S16-1))),IF($Y16="","",$Y16))) | Z17: =IF($S17="","",$S17+IF($U17="",0,$U17)+IF($V17="",0,$V17)) | AA17: =SUMIFS('09_CF_원금'!$E$6:$E$92,'09_CF_원금'!$D$6:$D$92,"국장",'09_CF_원금'!$A$6:$A$92,"<="&$A17)-SUMIFS('09_CF_원금'!$E$6:$E$92,'09_CF_원금'!$C$6:$C$92,"국장",'09_CF_원금'!$A$6:$A$92,"<="&$A17) -> 130000000 | AB17: =SUMIFS('09_CF_원금'!$E$6:$E$92,'09_CF_원금'!$D$6:$D$92,"미장",'09_CF_원금'!$A$6:$A$92,"<="&$A17)-SUMIFS('09_CF_원금'!$E$6:$E$92,'09_CF_원금'!$C$6:$C$92,"미장",'09_CF_원금'!$A$6:$A$92,"<="&$A17) -> 150000000 | AC17: =SUMIFS('09_CF_원금'!$E$6:$E$92,'09_CF_원금'!$D$6:$D$92,"ISA",'09_CF_원금'!$A$6:$A$92,"<="&$A17)-SUMIFS('09_CF_원금'!$E$6:$E$92,'09_CF_원금'!$C$6:$C$92,"ISA",'09_CF_원금'!$A$6:$A$92,"<="&$A17) -> 40000000 | AD17: =IF($A17="","",$AA17+$AB17+$AC17+SUMIFS('09_CF_원금'!$E$6:$E$92,'09_CF_원금'!$D$6:$D$92,"중국",'09_CF_원금'!$A$6:$A$92,"<="&$A17)-SUMIFS('09_CF_원금'!$E$6:$E$92,'09_CF_원금'!$C$6:$C$92,"중국",'09_CF_원금'!$A$6:$A$92,"<="&$A17)) -> 340000000 | AE17: =IF($B17="","",MAX($B$5:$B17)) -> 491585850 | AF17: 25385.25 | AG17: 151585850 | AH17: 113696755 | AI17: 31925364 | AJ17: 5280829 | AK17: =IF($A17="","",YEAR($A17)*100+MONTH($A17)) -> 202601 | AL17: =IF($P17="","",IF($P17="😱 극도의 공포",-2,IF($P17="😨 공포",-1,IF($P17="😐 평온",0,IF($P17="😃 탐욕",1,IF($P17="🤑 극도의 탐욕",2,""))))))
A18: 46027 | B18: =IF($A18="","",IF(AND($T18<>"",$U18<>"",$V18<>""),$T18+$U18+$V18,IF(AND($Z18<>"",$G18<>""),$Z18-$G18,IF($AG18<>"",$AD18+$AG18,"")))) | C18: =IF($B18="","",IFERROR($B18-LOOKUP(2,1/($B$5:$B17<>""),$B$5:$B17),"")) | D18: =IF(OR($B18="",$AD18=""),"",$B18-$AD18) | E18: =IF(OR($B18="",$AE18=0,$AE18=""),"",MIN(0,$B18/$AE18-1)) | F18: =IF(OR($Y18="",$Y18=0,$G18="",$G18=0),"",($S18-$G18*'03_포지션'!$B$13)/$Y18) | G18: =IF(OR($S18="",$T18=""),"",$S18-$T18) | H18: =IF(OR($X18="",$Z18=""),"",$X18-($Z18-IF($W18="",0,$W18))) | I18: =IF(OR($G18="",$H18=""),"",$G18+$H18) | J18: =IF(OR($I18="",'09_CF_원금'!$B$108=0),"",$I18/'09_CF_원금'!$B$108) | K18: =IF(OR($X18="",$X18=0,$I18=""),"",$I18/$X18) | L18: =IF(OR($W18="",$X18=""),"",$W18/($X18+$W18)) | M18: =IF($T18<>"",$T18-$AA18,IF($AH18<>"",$AH18,"")) | N18: =IF($U18<>"",$U18-$AB18,IF($AI18<>"",$AI18,"")) | O18: =IF($V18<>"",$V18-$AC18,IF($AJ18<>"",$AJ18,"")) | W18: =IF($A18="","",IF($W17="","",$W17)) | X18: =IF($A18="","",IFERROR(IF(OR($Z18="",$Z17="",$X17="",($Z17-IF($W17="",0,$W17))=0),IF($X17="","",$X17),($Z18-IF($W18="",0,$W18))+($X17-($Z17-IF($W17="",0,$W17)))*(1+2*(($Z18-IF($W18="",0,$W18))/($Z17-IF($W17="",0,$W17))-1))),IF($X17="","",$X17))) | Y18: =IF($A18="","",IFERROR(IF(OR($S18="",$S17="",$Y17="",$S17=0),IF($Y17="","",$Y17),$S18+($Y17-$S17)*(1+2*($S18/$S17-1))),IF($Y17="","",$Y17))) | Z18: =IF($S18="","",$S18+IF($U18="",0,$U18)+IF($V18="",0,$V18)) | AA18: =SUMIFS('09_CF_원금'!$E$6:$E$92,'09_CF_원금'!$D$6:$D$92,"국장",'09_CF_원금'!$A$6:$A$92,"<="&$A18)-SUMIFS('09_CF_원금'!$E$6:$E$92,'09_CF_원금'!$C$6:$C$92,"국장",'09_CF_원금'!$A$6:$A$92,"<="&$A18) -> 130000000 | AB18: =SUMIFS('09_CF_원금'!$E$6:$E$92,'09_CF_원금'!$D$6:$D$92,"미장",'09_CF_원금'!$A$6:$A$92,"<="&$A18)-SUMIFS('09_CF_원금'!$E$6:$E$92,'09_CF_원금'!$C$6:$C$92,"미장",'09_CF_원금'!$A$6:$A$92,"<="&$A18) -> 150000000 | AC18: =SUMIFS('09_CF_원금'!$E$6:$E$92,'09_CF_원금'!$D$6:$D$92,"ISA",'09_CF_원금'!$A$6:$A$92,"<="&$A18)-SUMIFS('09_CF_원금'!$E$6:$E$92,'09_CF_원금'!$C$6:$C$92,"ISA",'09_CF_원금'!$A$6:$A$92,"<="&$A18) -> 40000000 | AD18: =IF($A18="","",$AA18+$AB18+$AC18+SUMIFS('09_CF_원금'!$E$6:$E$92,'09_CF_원금'!$D$6:$D$92,"중국",'09_CF_원금'!$A$6:$A$92,"<="&$A18)-SUMIFS('09_CF_원금'!$E$6:$E$92,'09_CF_원금'!$C$6:$C$92,"중국",'09_CF_원금'!$A$6:$A$92,"<="&$A18)) -> 340000000 | AE18: =IF($B18="","",MAX($B$5:$B18)) | AK18: =IF($A18="","",YEAR($A18)*100+MONTH($A18)) -> 202601 | AL18: =IF($P18="","",IF($P18="😱 극도의 공포",-2,IF($P18="😨 공포",-1,IF($P18="😐 평온",0,IF($P18="😃 탐욕",1,IF($P18="🤑 극도의 탐욕",2,""))))))
A19: 46028 | B19: =IF($A19="","",IF(AND($T19<>"",$U19<>"",$V19<>""),$T19+$U19+$V19,IF(AND($Z19<>"",$G19<>""),$Z19-$G19,IF($AG19<>"",$AD19+$AG19,"")))) -> 518746935 | C19: =IF($B19="","",IFERROR($B19-LOOKUP(2,1/($B$5:$B18<>""),$B$5:$B18),"")) | D19: =IF(OR($B19="",$AD19=""),"",$B19-$AD19) -> 178746935 | E19: =IF(OR($B19="",$AE19=0,$AE19=""),"",MIN(0,$B19/$AE19-1)) -> 0 | F19: =IF(OR($Y19="",$Y19=0,$G19="",$G19=0),"",($S19-$G19*'03_포지션'!$B$13)/$Y19) | G19: =IF(OR($S19="",$T19=""),"",$S19-$T19) | H19: =IF(OR($X19="",$Z19=""),"",$X19-($Z19-IF($W19="",0,$W19))) | I19: =IF(OR($G19="",$H19=""),"",$G19+$H19) | J19: =IF(OR($I19="",'09_CF_원금'!$B$108=0),"",$I19/'09_CF_원금'!$B$108) | K19: =IF(OR($X19="",$X19=0,$I19=""),"",$I19/$X19) | L19: =IF(OR($W19="",$X19=""),"",$W19/($X19+$W19)) | M19: =IF($T19<>"",$T19-$AA19,IF($AH19<>"",$AH19,"")) -> 133878053 | N19: =IF($U19<>"",$U19-$AB19,IF($AI19<>"",$AI19,"")) -> 37408859 | O19: =IF($V19<>"",$V19-$AC19,IF($AJ19<>"",$AJ19,"")) -> 6973590 | W19: =IF($A19="","",IF($W18="","",$W18)) | X19: =IF($A19="","",IFERROR(IF(OR($Z19="",$Z18="",$X18="",($Z18-IF($W18="",0,$W18))=0),IF($X18="","",$X18),($Z19-IF($W19="",0,$W19))+($X18-($Z18-IF($W18="",0,$W18)))*(1+2*(($Z19-IF($W19="",0,$W19))/($Z18-IF($W18="",0,$W18))-1))),IF($X18="","",$X18))) | Y19: =IF($A19="","",IFERROR(IF(OR($S19="",$S18="",$Y18="",$S18=0),IF($Y18="","",$Y18),$S19+($Y18-$S18)*(1+2*($S19/$S18-1))),IF($Y18="","",$Y18))) | Z19: =IF($S19="","",$S19+IF($U19="",0,$U19)+IF($V19="",0,$V19)) | AA19: =SUMIFS('09_CF_원금'!$E$6:$E$92,'09_CF_원금'!$D$6:$D$92,"국장",'09_CF_원금'!$A$6:$A$92,"<="&$A19)-SUMIFS('09_CF_원금'!$E$6:$E$92,'09_CF_원금'!$C$6:$C$92,"국장",'09_CF_원금'!$A$6:$A$92,"<="&$A19) -> 130000000 | AB19: =SUMIFS('09_CF_원금'!$E$6:$E$92,'09_CF_원금'!$D$6:$D$92,"미장",'09_CF_원금'!$A$6:$A$92,"<="&$A19)-SUMIFS('09_CF_원금'!$E$6:$E$92,'09_CF_원금'!$C$6:$C$92,"미장",'09_CF_원금'!$A$6:$A$92,"<="&$A19) -> 150000000 | AC19: =SUMIFS('09_CF_원금'!$E$6:$E$92,'09_CF_원금'!$D$6:$D$92,"ISA",'09_CF_원금'!$A$6:$A$92,"<="&$A19)-SUMIFS('09_CF_원금'!$E$6:$E$92,'09_CF_원금'!$C$6:$C$92,"ISA",'09_CF_원금'!$A$6:$A$92,"<="&$A19) -> 40000000 | AD19: =IF($A19="","",$AA19+$AB19+$AC19+SUMIFS('09_CF_원금'!$E$6:$E$92,'09_CF_원금'!$D$6:$D$92,"중국",'09_CF_원금'!$A$6:$A$92,"<="&$A19)-SUMIFS('09_CF_원금'!$E$6:$E$92,'09_CF_원금'!$C$6:$C$92,"중국",'09_CF_원금'!$A$6:$A$92,"<="&$A19)) -> 340000000 | AE19: =IF($B19="","",MAX($B$5:$B19)) -> 518746935 | AF19: 25830 | AG19: 178746935 | AH19: 133878053 | AI19: 37408859 | AJ19: 6973590 | AK19: =IF($A19="","",YEAR($A19)*100+MONTH($A19)) -> 202601 | AL19: =IF($P19="","",IF($P19="😱 극도의 공포",-2,IF($P19="😨 공포",-1,IF($P19="😐 평온",0,IF($P19="😃 탐욕",1,IF($P19="🤑 극도의 탐욕",2,""))))))
A20: 46029 | B20: =IF($A20="","",IF(AND($T20<>"",$U20<>"",$V20<>""),$T20+$U20+$V20,IF(AND($Z20<>"",$G20<>""),$Z20-$G20,IF($AG20<>"",$AD20+$AG20,"")))) | C20: =IF($B20="","",IFERROR($B20-LOOKUP(2,1/($B$5:$B19<>""),$B$5:$B19),"")) | D20: =IF(OR($B20="",$AD20=""),"",$B20-$AD20) | E20: =IF(OR($B20="",$AE20=0,$AE20=""),"",MIN(0,$B20/$AE20-1)) | F20: =IF(OR($Y20="",$Y20=0,$G20="",$G20=0),"",($S20-$G20*'03_포지션'!$B$13)/$Y20) | G20: =IF(OR($S20="",$T20=""),"",$S20-$T20) | H20: =IF(OR($X20="",$Z20=""),"",$X20-($Z20-IF($W20="",0,$W20))) | I20: =IF(OR($G20="",$H20=""),"",$G20+$H20) | J20: =IF(OR($I20="",'09_CF_원금'!$B$108=0),"",$I20/'09_CF_원금'!$B$108) | K20: =IF(OR($X20="",$X20=0,$I20=""),"",$I20/$X20) | L20: =IF(OR($W20="",$X20=""),"",$W20/($X20+$W20)) | M20: =IF($T20<>"",$T20-$AA20,IF($AH20<>"",$AH20,"")) | N20: =IF($U20<>"",$U20-$AB20,IF($AI20<>"",$AI20,"")) | O20: =IF($V20<>"",$V20-$AC20,IF($AJ20<>"",$AJ20,"")) | W20: =IF($A20="","",IF($W19="","",$W19)) | X20: =IF($A20="","",IFERROR(IF(OR($Z20="",$Z19="",$X19="",($Z19-IF($W19="",0,$W19))=0),IF($X19="","",$X19),($Z20-IF($W20="",0,$W20))+($X19-($Z19-IF($W19="",0,$W19)))*(1+2*(($Z20-IF($W20="",0,$W20))/($Z19-IF($W19="",0,$W19))-1))),IF($X19="","",$X19))) | Y20: =IF($A20="","",IFERROR(IF(OR($S20="",$S19="",$Y19="",$S19=0),IF($Y19="","",$Y19),$S20+($Y19-$S19)*(1+2*($S20/$S19-1))),IF($Y19="","",$Y19))) | Z20: =IF($S20="","",$S20+IF($U20="",0,$U20)+IF($V20="",0,$V20)) | AA20: =SUMIFS('09_CF_원금'!$E$6:$E$92,'09_CF_원금'!$D$6:$D$92,"국장",'09_CF_원금'!$A$6:$A$92,"<="&$A20)-SUMIFS('09_CF_원금'!$E$6:$E$92,'09_CF_원금'!$C$6:$C$92,"국장",'09_CF_원금'!$A$6:$A$92,"<="&$A20) -> 130000000 | AB20: =SUMIFS('09_CF_원금'!$E$6:$E$92,'09_CF_원금'!$D$6:$D$92,"미장",'09_CF_원금'!$A$6:$A$92,"<="&$A20)-SUMIFS('09_CF_원금'!$E$6:$E$92,'09_CF_원금'!$C$6:$C$92,"미장",'09_CF_원금'!$A$6:$A$92,"<="&$A20) -> 150000000 | AC20: =SUMIFS('09_CF_원금'!$E$6:$E$92,'09_CF_원금'!$D$6:$D$92,"ISA",'09_CF_원금'!$A$6:$A$92,"<="&$A20)-SUMIFS('09_CF_원금'!$E$6:$E$92,'09_CF_원금'!$C$6:$C$92,"ISA",'09_CF_원금'!$A$6:$A$92,"<="&$A20) -> 40000000 | AD20: =IF($A20="","",$AA20+$AB20+$AC20+SUMIFS('09_CF_원금'!$E$6:$E$92,'09_CF_원금'!$D$6:$D$92,"중국",'09_CF_원금'!$A$6:$A$92,"<="&$A20)-SUMIFS('09_CF_원금'!$E$6:$E$92,'09_CF_원금'!$C$6:$C$92,"중국",'09_CF_원금'!$A$6:$A$92,"<="&$A20)) -> 340000000 | AE20: =IF($B20="","",MAX($B$5:$B20)) | AK20: =IF($A20="","",YEAR($A20)*100+MONTH($A20)) -> 202601 | AL20: =IF($P20="","",IF($P20="😱 극도의 공포",-2,IF($P20="😨 공포",-1,IF($P20="😐 평온",0,IF($P20="😃 탐욕",1,IF($P20="🤑 극도의 탐욕",2,""))))))
A21: 46030 | B21: =IF($A21="","",IF(AND($T21<>"",$U21<>"",$V21<>""),$T21+$U21+$V21,IF(AND($Z21<>"",$G21<>""),$Z21-$G21,IF($AG21<>"",$AD21+$AG21,"")))) | C21: =IF($B21="","",IFERROR($B21-LOOKUP(2,1/($B$5:$B20<>""),$B$5:$B20),"")) | D21: =IF(OR($B21="",$AD21=""),"",$B21-$AD21) | E21: =IF(OR($B21="",$AE21=0,$AE21=""),"",MIN(0,$B21/$AE21-1)) | F21: =IF(OR($Y21="",$Y21=0,$G21="",$G21=0),"",($S21-$G21*'03_포지션'!$B$13)/$Y21) | G21: =IF(OR($S21="",$T21=""),"",$S21-$T21) | H21: =IF(OR($X21="",$Z21=""),"",$X21-($Z21-IF($W21="",0,$W21))) | I21: =IF(OR($G21="",$H21=""),"",$G21+$H21) | J21: =IF(OR($I21="",'09_CF_원금'!$B$108=0),"",$I21/'09_CF_원금'!$B$108) | K21: =IF(OR($X21="",$X21=0,$I21=""),"",$I21/$X21) | L21: =IF(OR($W21="",$X21=""),"",$W21/($X21+$W21)) | M21: =IF($T21<>"",$T21-$AA21,IF($AH21<>"",$AH21,"")) | N21: =IF($U21<>"",$U21-$AB21,IF($AI21<>"",$AI21,"")) | O21: =IF($V21<>"",$V21-$AC21,IF($AJ21<>"",$AJ21,"")) | W21: =IF($A21="","",IF($W20="","",$W20)) | X21: =IF($A21="","",IFERROR(IF(OR($Z21="",$Z20="",$X20="",($Z20-IF($W20="",0,$W20))=0),IF($X20="","",$X20),($Z21-IF($W21="",0,$W21))+($X20-($Z20-IF($W20="",0,$W20)))*(1+2*(($Z21-IF($W21="",0,$W21))/($Z20-IF($W20="",0,$W20))-1))),IF($X20="","",$X20))) | Y21: =IF($A21="","",IFERROR(IF(OR($S21="",$S20="",$Y20="",$S20=0),IF($Y20="","",$Y20),$S21+($Y20-$S20)*(1+2*($S21/$S20-1))),IF($Y20="","",$Y20))) | Z21: =IF($S21="","",$S21+IF($U21="",0,$U21)+IF($V21="",0,$V21)) | AA21: =SUMIFS('09_CF_원금'!$E$6:$E$92,'09_CF_원금'!$D$6:$D$92,"국장",'09_CF_원금'!$A$6:$A$92,"<="&$A21)-SUMIFS('09_CF_원금'!$E$6:$E$92,'09_CF_원금'!$C$6:$C$92,"국장",'09_CF_원금'!$A$6:$A$92,"<="&$A21) -> 130000000 | AB21: =SUMIFS('09_CF_원금'!$E$6:$E$92,'09_CF_원금'!$D$6:$D$92,"미장",'09_CF_원금'!$A$6:$A$92,"<="&$A21)-SUMIFS('09_CF_원금'!$E$6:$E$92,'09_CF_원금'!$C$6:$C$92,"미장",'09_CF_원금'!$A$6:$A$92,"<="&$A21) -> 150000000 | AC21: =SUMIFS('09_CF_원금'!$E$6:$E$92,'09_CF_원금'!$D$6:$D$92,"ISA",'09_CF_원금'!$A$6:$A$92,"<="&$A21)-SUMIFS('09_CF_원금'!$E$6:$E$92,'09_CF_원금'!$C$6:$C$92,"ISA",'09_CF_원금'!$A$6:$A$92,"<="&$A21) -> 40000000 | AD21: =IF($A21="","",$AA21+$AB21+$AC21+SUMIFS('09_CF_원금'!$E$6:$E$92,'09_CF_원금'!$D$6:$D$92,"중국",'09_CF_원금'!$A$6:$A$92,"<="&$A21)-SUMIFS('09_CF_원금'!$E$6:$E$92,'09_CF_원금'!$C$6:$C$92,"중국",'09_CF_원금'!$A$6:$A$92,"<="&$A21)) -> 340000000 | AE21: =IF($B21="","",MAX($B$5:$B21)) | AK21: =IF($A21="","",YEAR($A21)*100+MONTH($A21)) -> 202601 | AL21: =IF($P21="","",IF($P21="😱 극도의 공포",-2,IF($P21="😨 공포",-1,IF($P21="😐 평온",0,IF($P21="😃 탐욕",1,IF($P21="🤑 극도의 탐욕",2,""))))))
A22: 46031 | B22: =IF($A22="","",IF(AND($T22<>"",$U22<>"",$V22<>""),$T22+$U22+$V22,IF(AND($Z22<>"",$G22<>""),$Z22-$G22,IF($AG22<>"",$AD22+$AG22,"")))) -> 540031674 | C22: =IF($B22="","",IFERROR($B22-LOOKUP(2,1/($B$5:$B21<>""),$B$5:$B21),"")) | D22: =IF(OR($B22="",$AD22=""),"",$B22-$AD22) -> 200031674 | E22: =IF(OR($B22="",$AE22=0,$AE22=""),"",MIN(0,$B22/$AE22-1)) -> 0 | F22: =IF(OR($Y22="",$Y22=0,$G22="",$G22=0),"",($S22-$G22*'03_포지션'!$B$13)/$Y22) | G22: =IF(OR($S22="",$T22=""),"",$S22-$T22) | H22: =IF(OR($X22="",$Z22=""),"",$X22-($Z22-IF($W22="",0,$W22))) | I22: =IF(OR($G22="",$H22=""),"",$G22+$H22) | J22: =IF(OR($I22="",'09_CF_원금'!$B$108=0),"",$I22/'09_CF_원금'!$B$108) | K22: =IF(OR($X22="",$X22=0,$I22=""),"",$I22/$X22) | L22: =IF(OR($W22="",$X22=""),"",$W22/($X22+$W22)) | M22: =IF($T22<>"",$T22-$AA22,IF($AH22<>"",$AH22,"")) -> 153648785 | N22: =IF($U22<>"",$U22-$AB22,IF($AI22<>"",$AI22,"")) -> 38710402 | O22: =IF($V22<>"",$V22-$AC22,IF($AJ22<>"",$AJ22,"")) -> 7450286 | W22: =IF($A22="","",IF($W21="","",$W21)) | X22: =IF($A22="","",IFERROR(IF(OR($Z22="",$Z21="",$X21="",($Z21-IF($W21="",0,$W21))=0),IF($X21="","",$X21),($Z22-IF($W22="",0,$W22))+($X21-($Z21-IF($W21="",0,$W21)))*(1+2*(($Z22-IF($W22="",0,$W22))/($Z21-IF($W21="",0,$W21))-1))),IF($X21="","",$X21))) | Y22: =IF($A22="","",IFERROR(IF(OR($S22="",$S21="",$Y21="",$S21=0),IF($Y21="","",$Y21),$S22+($Y21-$S21)*(1+2*($S22/$S21-1))),IF($Y21="","",$Y21))) | Z22: =IF($S22="","",$S22+IF($U22="",0,$U22)+IF($V22="",0,$V22)) | AA22: =SUMIFS('09_CF_원금'!$E$6:$E$92,'09_CF_원금'!$D$6:$D$92,"국장",'09_CF_원금'!$A$6:$A$92,"<="&$A22)-SUMIFS('09_CF_원금'!$E$6:$E$92,'09_CF_원금'!$C$6:$C$92,"국장",'09_CF_원금'!$A$6:$A$92,"<="&$A22) -> 130000000 | AB22: =SUMIFS('09_CF_원금'!$E$6:$E$92,'09_CF_원금'!$D$6:$D$92,"미장",'09_CF_원금'!$A$6:$A$92,"<="&$A22)-SUMIFS('09_CF_원금'!$E$6:$E$92,'09_CF_원금'!$C$6:$C$92,"미장",'09_CF_원금'!$A$6:$A$92,"<="&$A22) -> 150000000 | AC22: =SUMIFS('09_CF_원금'!$E$6:$E$92,'09_CF_원금'!$D$6:$D$92,"ISA",'09_CF_원금'!$A$6:$A$92,"<="&$A22)-SUMIFS('09_CF_원금'!$E$6:$E$92,'09_CF_원금'!$C$6:$C$92,"ISA",'09_CF_원금'!$A$6:$A$92,"<="&$A22) -> 40000000 | AD22: =IF($A22="","",$AA22+$AB22+$AC22+SUMIFS('09_CF_원금'!$E$6:$E$92,'09_CF_원금'!$D$6:$D$92,"중국",'09_CF_원금'!$A$6:$A$92,"<="&$A22)-SUMIFS('09_CF_원금'!$E$6:$E$92,'09_CF_원금'!$C$6:$C$92,"중국",'09_CF_원금'!$A$6:$A$92,"<="&$A22)) -> 340000000 | AE22: =IF($B22="","",MAX($B$5:$B22)) -> 540031674 | AF22: 25938.25 | AG22: 200031674 | AH22: 153648785 | AI22: 38710402 | AJ22: 7450286 | AK22: =IF($A22="","",YEAR($A22)*100+MONTH($A22)) -> 202601 | AL22: =IF($P22="","",IF($P22="😱 극도의 공포",-2,IF($P22="😨 공포",-1,IF($P22="😐 평온",0,IF($P22="😃 탐욕",1,IF($P22="🤑 극도의 탐욕",2,""))))))
A23: 46034 | B23: =IF($A23="","",IF(AND($T23<>"",$U23<>"",$V23<>""),$T23+$U23+$V23,IF(AND($Z23<>"",$G23<>""),$Z23-$G23,IF($AG23<>"",$AD23+$AG23,"")))) | C23: =IF($B23="","",IFERROR($B23-LOOKUP(2,1/($B$5:$B22<>""),$B$5:$B22),"")) | D23: =IF(OR($B23="",$AD23=""),"",$B23-$AD23) | E23: =IF(OR($B23="",$AE23=0,$AE23=""),"",MIN(0,$B23/$AE23-1)) | F23: =IF(OR($Y23="",$Y23=0,$G23="",$G23=0),"",($S23-$G23*'03_포지션'!$B$13)/$Y23) | G23: =IF(OR($S23="",$T23=""),"",$S23-$T23) | H23: =IF(OR($X23="",$Z23=""),"",$X23-($Z23-IF($W23="",0,$W23))) | I23: =IF(OR($G23="",$H23=""),"",$G23+$H23) | J23: =IF(OR($I23="",'09_CF_원금'!$B$108=0),"",$I23/'09_CF_원금'!$B$108) | K23: =IF(OR($X23="",$X23=0,$I23=""),"",$I23/$X23) | L23: =IF(OR($W23="",$X23=""),"",$W23/($X23+$W23)) | M23: =IF($T23<>"",$T23-$AA23,IF($AH23<>"",$AH23,"")) | N23: =IF($U23<>"",$U23-$AB23,IF($AI23<>"",$AI23,"")) | O23: =IF($V23<>"",$V23-$AC23,IF($AJ23<>"",$AJ23,"")) | W23: =IF($A23="","",IF($W22="","",$W22)) | X23: =IF($A23="","",IFERROR(IF(OR($Z23="",$Z22="",$X22="",($Z22-IF($W22="",0,$W22))=0),IF($X22="","",$X22),($Z23-IF($W23="",0,$W23))+($X22-($Z22-IF($W22="",0,$W22)))*(1+2*(($Z23-IF($W23="",0,$W23))/($Z22-IF($W22="",0,$W22))-1))),IF($X22="","",$X22))) | Y23: =IF($A23="","",IFERROR(IF(OR($S23="",$S22="",$Y22="",$S22=0),IF($Y22="","",$Y22),$S23+($Y22-$S22)*(1+2*($S23/$S22-1))),IF($Y22="","",$Y22))) | Z23: =IF($S23="","",$S23+IF($U23="",0,$U23)+IF($V23="",0,$V23)) | AA23: =SUMIFS('09_CF_원금'!$E$6:$E$92,'09_CF_원금'!$D$6:$D$92,"국장",'09_CF_원금'!$A$6:$A$92,"<="&$A23)-SUMIFS('09_CF_원금'!$E$6:$E$92,'09_CF_원금'!$C$6:$C$92,"국장",'09_CF_원금'!$A$6:$A$92,"<="&$A23) -> 130000000 | AB23: =SUMIFS('09_CF_원금'!$E$6:$E$92,'09_CF_원금'!$D$6:$D$92,"미장",'09_CF_원금'!$A$6:$A$92,"<="&$A23)-SUMIFS('09_CF_원금'!$E$6:$E$92,'09_CF_원금'!$C$6:$C$92,"미장",'09_CF_원금'!$A$6:$A$92,"<="&$A23) -> 150000000 | AC23: =SUMIFS('09_CF_원금'!$E$6:$E$92,'09_CF_원금'!$D$6:$D$92,"ISA",'09_CF_원금'!$A$6:$A$92,"<="&$A23)-SUMIFS('09_CF_원금'!$E$6:$E$92,'09_CF_원금'!$C$6:$C$92,"ISA",'09_CF_원금'!$A$6:$A$92,"<="&$A23) -> 40000000 | AD23: =IF($A23="","",$AA23+$AB23+$AC23+SUMIFS('09_CF_원금'!$E$6:$E$92,'09_CF_원금'!$D$6:$D$92,"중국",'09_CF_원금'!$A$6:$A$92,"<="&$A23)-SUMIFS('09_CF_원금'!$E$6:$E$92,'09_CF_원금'!$C$6:$C$92,"중국",'09_CF_원금'!$A$6:$A$92,"<="&$A23)) -> 340000000 | AE23: =IF($B23="","",MAX($B$5:$B23)) | AK23: =IF($A23="","",YEAR($A23)*100+MONTH($A23)) -> 202601 | AL23: =IF($P23="","",IF($P23="😱 극도의 공포",-2,IF($P23="😨 공포",-1,IF($P23="😐 평온",0,IF($P23="😃 탐욕",1,IF($P23="🤑 극도의 탐욕",2,""))))))
A24: 46035 | B24: =IF($A24="","",IF(AND($T24<>"",$U24<>"",$V24<>""),$T24+$U24+$V24,IF(AND($Z24<>"",$G24<>""),$Z24-$G24,IF($AG24<>"",$AD24+$AG24,"")))) -> 527489663 | C24: =IF($B24="","",IFERROR($B24-LOOKUP(2,1/($B$5:$B23<>""),$B$5:$B23),"")) | D24: =IF(OR($B24="",$AD24=""),"",$B24-$AD24) -> 187489663 | E24: =IF(OR($B24="",$AE24=0,$AE24=""),"",MIN(0,$B24/$AE24-1)) -> -0.023224584 | F24: =IF(OR($Y24="",$Y24=0,$G24="",$G24=0),"",($S24-$G24*'03_포지션'!$B$13)/$Y24) | G24: =IF(OR($S24="",$T24=""),"",$S24-$T24) | H24: =IF(OR($X24="",$Z24=""),"",$X24-($Z24-IF($W24="",0,$W24))) | I24: =IF(OR($G24="",$H24=""),"",$G24+$H24) | J24: =IF(OR($I24="",'09_CF_원금'!$B$108=0),"",$I24/'09_CF_원금'!$B$108) | K24: =IF(OR($X24="",$X24=0,$I24=""),"",$I24/$X24) | L24: =IF(OR($W24="",$X24=""),"",$W24/($X24+$W24)) | M24: =IF($T24<>"",$T24-$AA24,IF($AH24<>"",$AH24,"")) -> 133885826 | N24: =IF($U24<>"",$U24-$AB24,IF($AI24<>"",$AI24,"")) -> 45222364 | O24: =IF($V24<>"",$V24-$AC24,IF($AJ24<>"",$AJ24,"")) -> 8381473 | W24: =IF($A24="","",IF($W23="","",$W23)) | X24: =IF($A24="","",IFERROR(IF(OR($Z24="",$Z23="",$X23="",($Z23-IF($W23="",0,$W23))=0),IF($X23="","",$X23),($Z24-IF($W24="",0,$W24))+($X23-($Z23-IF($W23="",0,$W23)))*(1+2*(($Z24-IF($W24="",0,$W24))/($Z23-IF($W23="",0,$W23))-1))),IF($X23="","",$X23))) | Y24: =IF($A24="","",IFERROR(IF(OR($S24="",$S23="",$Y23="",$S23=0),IF($Y23="","",$Y23),$S24+($Y23-$S23)*(1+2*($S24/$S23-1))),IF($Y23="","",$Y23))) | Z24: =IF($S24="","",$S24+IF($U24="",0,$U24)+IF($V24="",0,$V24)) | AA24: =SUMIFS('09_CF_원금'!$E$6:$E$92,'09_CF_원금'!$D$6:$D$92,"국장",'09_CF_원금'!$A$6:$A$92,"<="&$A24)-SUMIFS('09_CF_원금'!$E$6:$E$92,'09_CF_원금'!$C$6:$C$92,"국장",'09_CF_원금'!$A$6:$A$92,"<="&$A24) -> 150000000 | AB24: =SUMIFS('09_CF_원금'!$E$6:$E$92,'09_CF_원금'!$D$6:$D$92,"미장",'09_CF_원금'!$A$6:$A$92,"<="&$A24)-SUMIFS('09_CF_원금'!$E$6:$E$92,'09_CF_원금'!$C$6:$C$92,"미장",'09_CF_원금'!$A$6:$A$92,"<="&$A24) -> 150000000 | AC24: =SUMIFS('09_CF_원금'!$E$6:$E$92,'09_CF_원금'!$D$6:$D$92,"ISA",'09_CF_원금'!$A$6:$A$92,"<="&$A24)-SUMIFS('09_CF_원금'!$E$6:$E$92,'09_CF_원금'!$C$6:$C$92,"ISA",'09_CF_원금'!$A$6:$A$92,"<="&$A24) -> 40000000 | AD24: =IF($A24="","",$AA24+$AB24+$AC24+SUMIFS('09_CF_원금'!$E$6:$E$92,'09_CF_원금'!$D$6:$D$92,"중국",'09_CF_원금'!$A$6:$A$92,"<="&$A24)-SUMIFS('09_CF_원금'!$E$6:$E$92,'09_CF_원금'!$C$6:$C$92,"중국",'09_CF_원금'!$A$6:$A$92,"<="&$A24)) -> 340000000 | AE24: =IF($B24="","",MAX($B$5:$B24)) -> 540031674 | AF24: 25896.75 | AG24: 187489663 | AH24: 133885826 | AI24: 45222364 | AJ24: 8381473 | AK24: =IF($A24="","",YEAR($A24)*100+MONTH($A24)) -> 202601 | AL24: =IF($P24="","",IF($P24="😱 극도의 공포",-2,IF($P24="😨 공포",-1,IF($P24="😐 평온",0,IF($P24="😃 탐욕",1,IF($P24="🤑 극도의 탐욕",2,""))))))
A25: 46036 | B25: =IF($A25="","",IF(AND($T25<>"",$U25<>"",$V25<>""),$T25+$U25+$V25,IF(AND($Z25<>"",$G25<>""),$Z25-$G25,IF($AG25<>"",$AD25+$AG25,"")))) | C25: =IF($B25="","",IFERROR($B25-LOOKUP(2,1/($B$5:$B24<>""),$B$5:$B24),"")) | D25: =IF(OR($B25="",$AD25=""),"",$B25-$AD25) | E25: =IF(OR($B25="",$AE25=0,$AE25=""),"",MIN(0,$B25/$AE25-1)) | F25: =IF(OR($Y25="",$Y25=0,$G25="",$G25=0),"",($S25-$G25*'03_포지션'!$B$13)/$Y25) | G25: =IF(OR($S25="",$T25=""),"",$S25-$T25) | H25: =IF(OR($X25="",$Z25=""),"",$X25-($Z25-IF($W25="",0,$W25))) | I25: =IF(OR($G25="",$H25=""),"",$G25+$H25) | J25: =IF(OR($I25="",'09_CF_원금'!$B$108=0),"",$I25/'09_CF_원금'!$B$108) | K25: =IF(OR($X25="",$X25=0,$I25=""),"",$I25/$X25) | L25: =IF(OR($W25="",$X25=""),"",$W25/($X25+$W25)) | M25: =IF($T25<>"",$T25-$AA25,IF($AH25<>"",$AH25,"")) | N25: =IF($U25<>"",$U25-$AB25,IF($AI25<>"",$AI25,"")) | O25: =IF($V25<>"",$V25-$AC25,IF($AJ25<>"",$AJ25,"")) | W25: =IF($A25="","",IF($W24="","",$W24)) | X25: =IF($A25="","",IFERROR(IF(OR($Z25="",$Z24="",$X24="",($Z24-IF($W24="",0,$W24))=0),IF($X24="","",$X24),($Z25-IF($W25="",0,$W25))+($X24-($Z24-IF($W24="",0,$W24)))*(1+2*(($Z25-IF($W25="",0,$W25))/($Z24-IF($W24="",0,$W24))-1))),IF($X24="","",$X24))) | Y25: =IF($A25="","",IFERROR(IF(OR($S25="",$S24="",$Y24="",$S24=0),IF($Y24="","",$Y24),$S25+($Y24-$S24)*(1+2*($S25/$S24-1))),IF($Y24="","",$Y24))) | Z25: =IF($S25="","",$S25+IF($U25="",0,$U25)+IF($V25="",0,$V25)) | AA25: =SUMIFS('09_CF_원금'!$E$6:$E$92,'09_CF_원금'!$D$6:$D$92,"국장",'09_CF_원금'!$A$6:$A$92,"<="&$A25)-SUMIFS('09_CF_원금'!$E$6:$E$92,'09_CF_원금'!$C$6:$C$92,"국장",'09_CF_원금'!$A$6:$A$92,"<="&$A25) -> 150000000 | AB25: =SUMIFS('09_CF_원금'!$E$6:$E$92,'09_CF_원금'!$D$6:$D$92,"미장",'09_CF_원금'!$A$6:$A$92,"<="&$A25)-SUMIFS('09_CF_원금'!$E$6:$E$92,'09_CF_원금'!$C$6:$C$92,"미장",'09_CF_원금'!$A$6:$A$92,"<="&$A25) -> 150000000 | AC25: =SUMIFS('09_CF_원금'!$E$6:$E$92,'09_CF_원금'!$D$6:$D$92,"ISA",'09_CF_원금'!$A$6:$A$92,"<="&$A25)-SUMIFS('09_CF_원금'!$E$6:$E$92,'09_CF_원금'!$C$6:$C$92,"ISA",'09_CF_원금'!$A$6:$A$92,"<="&$A25) -> 40000000 | AD25: =IF($A25="","",$AA25+$AB25+$AC25+SUMIFS('09_CF_원금'!$E$6:$E$92,'09_CF_원금'!$D$6:$D$92,"중국",'09_CF_원금'!$A$6:$A$92,"<="&$A25)-SUMIFS('09_CF_원금'!$E$6:$E$92,'09_CF_원금'!$C$6:$C$92,"중국",'09_CF_원금'!$A$6:$A$92,"<="&$A25)) -> 340000000 | AE25: =IF($B25="","",MAX($B$5:$B25)) | AK25: =IF($A25="","",YEAR($A25)*100+MONTH($A25)) -> 202601 | AL25: =IF($P25="","",IF($P25="😱 극도의 공포",-2,IF($P25="😨 공포",-1,IF($P25="😐 평온",0,IF($P25="😃 탐욕",1,IF($P25="🤑 극도의 탐욕",2,""))))))
A26: 46037 | B26: =IF($A26="","",IF(AND($T26<>"",$U26<>"",$V26<>""),$T26+$U26+$V26,IF(AND($Z26<>"",$G26<>""),$Z26-$G26,IF($AG26<>"",$AD26+$AG26,"")))) | C26: =IF($B26="","",IFERROR($B26-LOOKUP(2,1/($B$5:$B25<>""),$B$5:$B25),"")) | D26: =IF(OR($B26="",$AD26=""),"",$B26-$AD26) | E26: =IF(OR($B26="",$AE26=0,$AE26=""),"",MIN(0,$B26/$AE26-1)) | F26: =IF(OR($Y26="",$Y26=0,$G26="",$G26=0),"",($S26-$G26*'03_포지션'!$B$13)/$Y26) | G26: =IF(OR($S26="",$T26=""),"",$S26-$T26) | H26: =IF(OR($X26="",$Z26=""),"",$X26-($Z26-IF($W26="",0,$W26))) | I26: =IF(OR($G26="",$H26=""),"",$G26+$H26) | J26: =IF(OR($I26="",'09_CF_원금'!$B$108=0),"",$I26/'09_CF_원금'!$B$108) | K26: =IF(OR($X26="",$X26=0,$I26=""),"",$I26/$X26) | L26: =IF(OR($W26="",$X26=""),"",$W26/($X26+$W26)) | M26: =IF($T26<>"",$T26-$AA26,IF($AH26<>"",$AH26,"")) | N26: =IF($U26<>"",$U26-$AB26,IF($AI26<>"",$AI26,"")) | O26: =IF($V26<>"",$V26-$AC26,IF($AJ26<>"",$AJ26,"")) | W26: =IF($A26="","",IF($W25="","",$W25)) | X26: =IF($A26="","",IFERROR(IF(OR($Z26="",$Z25="",$X25="",($Z25-IF($W25="",0,$W25))=0),IF($X25="","",$X25),($Z26-IF($W26="",0,$W26))+($X25-($Z25-IF($W25="",0,$W25)))*(1+2*(($Z26-IF($W26="",0,$W26))/($Z25-IF($W25="",0,$W25))-1))),IF($X25="","",$X25))) | Y26: =IF($A26="","",IFERROR(IF(OR($S26="",$S25="",$Y25="",$S25=0),IF($Y25="","",$Y25),$S26+($Y25-$S25)*(1+2*($S26/$S25-1))),IF($Y25="","",$Y25))) | Z26: =IF($S26="","",$S26+IF($U26="",0,$U26)+IF($V26="",0,$V26)) | AA26: =SUMIFS('09_CF_원금'!$E$6:$E$92,'09_CF_원금'!$D$6:$D$92,"국장",'09_CF_원금'!$A$6:$A$92,"<="&$A26)-SUMIFS('09_CF_원금'!$E$6:$E$92,'09_CF_원금'!$C$6:$C$92,"국장",'09_CF_원금'!$A$6:$A$92,"<="&$A26) -> 150000000 | AB26: =SUMIFS('09_CF_원금'!$E$6:$E$92,'09_CF_원금'!$D$6:$D$92,"미장",'09_CF_원금'!$A$6:$A$92,"<="&$A26)-SUMIFS('09_CF_원금'!$E$6:$E$92,'09_CF_원금'!$C$6:$C$92,"미장",'09_CF_원금'!$A$6:$A$92,"<="&$A26) -> 150000000 | AC26: =SUMIFS('09_CF_원금'!$E$6:$E$92,'09_CF_원금'!$D$6:$D$92,"ISA",'09_CF_원금'!$A$6:$A$92,"<="&$A26)-SUMIFS('09_CF_원금'!$E$6:$E$92,'09_CF_원금'!$C$6:$C$92,"ISA",'09_CF_원금'!$A$6:$A$92,"<="&$A26) -> 40000000 | AD26: =IF($A26="","",$AA26+$AB26+$AC26+SUMIFS('09_CF_원금'!$E$6:$E$92,'09_CF_원금'!$D$6:$D$92,"중국",'09_CF_원금'!$A$6:$A$92,"<="&$A26)-SUMIFS('09_CF_원금'!$E$6:$E$92,'09_CF_원금'!$C$6:$C$92,"중국",'09_CF_원금'!$A$6:$A$92,"<="&$A26)) -> 340000000 | AE26: =IF($B26="","",MAX($B$5:$B26)) | AK26: =IF($A26="","",YEAR($A26)*100+MONTH($A26)) -> 202601 | AL26: =IF($P26="","",IF($P26="😱 극도의 공포",-2,IF($P26="😨 공포",-1,IF($P26="😐 평온",0,IF($P26="😃 탐욕",1,IF($P26="🤑 극도의 탐욕",2,""))))))
A27: 46038 | B27: =IF($A27="","",IF(AND($T27<>"",$U27<>"",$V27<>""),$T27+$U27+$V27,IF(AND($Z27<>"",$G27<>""),$Z27-$G27,IF($AG27<>"",$AD27+$AG27,"")))) | C27: =IF($B27="","",IFERROR($B27-LOOKUP(2,1/($B$5:$B26<>""),$B$5:$B26),"")) | D27: =IF(OR($B27="",$AD27=""),"",$B27-$AD27) | E27: =IF(OR($B27="",$AE27=0,$AE27=""),"",MIN(0,$B27/$AE27-1)) | F27: =IF(OR($Y27="",$Y27=0,$G27="",$G27=0),"",($S27-$G27*'03_포지션'!$B$13)/$Y27) | G27: =IF(OR($S27="",$T27=""),"",$S27-$T27) | H27: =IF(OR($X27="",$Z27=""),"",$X27-($Z27-IF($W27="",0,$W27))) | I27: =IF(OR($G27="",$H27=""),"",$G27+$H27) | J27: =IF(OR($I27="",'09_CF_원금'!$B$108=0),"",$I27/'09_CF_원금'!$B$108) | K27: =IF(OR($X27="",$X27=0,$I27=""),"",$I27/$X27) | L27: =IF(OR($W27="",$X27=""),"",$W27/($X27+$W27)) | M27: =IF($T27<>"",$T27-$AA27,IF($AH27<>"",$AH27,"")) | N27: =IF($U27<>"",$U27-$AB27,IF($AI27<>"",$AI27,"")) | O27: =IF($V27<>"",$V27-$AC27,IF($AJ27<>"",$AJ27,"")) | W27: =IF($A27="","",IF($W26="","",$W26)) | X27: =IF($A27="","",IFERROR(IF(OR($Z27="",$Z26="",$X26="",($Z26-IF($W26="",0,$W26))=0),IF($X26="","",$X26),($Z27-IF($W27="",0,$W27))+($X26-($Z26-IF($W26="",0,$W26)))*(1+2*(($Z27-IF($W27="",0,$W27))/($Z26-IF($W26="",0,$W26))-1))),IF($X26="","",$X26))) | Y27: =IF($A27="","",IFERROR(IF(OR($S27="",$S26="",$Y26="",$S26=0),IF($Y26="","",$Y26),$S27+($Y26-$S26)*(1+2*($S27/$S26-1))),IF($Y26="","",$Y26))) | Z27: =IF($S27="","",$S27+IF($U27="",0,$U27)+IF($V27="",0,$V27)) | AA27: =SUMIFS('09_CF_원금'!$E$6:$E$92,'09_CF_원금'!$D$6:$D$92,"국장",'09_CF_원금'!$A$6:$A$92,"<="&$A27)-SUMIFS('09_CF_원금'!$E$6:$E$92,'09_CF_원금'!$C$6:$C$92,"국장",'09_CF_원금'!$A$6:$A$92,"<="&$A27) -> 150000000 | AB27: =SUMIFS('09_CF_원금'!$E$6:$E$92,'09_CF_원금'!$D$6:$D$92,"미장",'09_CF_원금'!$A$6:$A$92,"<="&$A27)-SUMIFS('09_CF_원금'!$E$6:$E$92,'09_CF_원금'!$C$6:$C$92,"미장",'09_CF_원금'!$A$6:$A$92,"<="&$A27) -> 150000000 | AC27: =SUMIFS('09_CF_원금'!$E$6:$E$92,'09_CF_원금'!$D$6:$D$92,"ISA",'09_CF_원금'!$A$6:$A$92,"<="&$A27)-SUMIFS('09_CF_원금'!$E$6:$E$92,'09_CF_원금'!$C$6:$C$92,"ISA",'09_CF_원금'!$A$6:$A$92,"<="&$A27) -> 40000000 | AD27: =IF($A27="","",$AA27+$AB27+$AC27+SUMIFS('09_CF_원금'!$E$6:$E$92,'09_CF_원금'!$D$6:$D$92,"중국",'09_CF_원금'!$A$6:$A$92,"<="&$A27)-SUMIFS('09_CF_원금'!$E$6:$E$92,'09_CF_원금'!$C$6:$C$92,"중국",'09_CF_원금'!$A$6:$A$92,"<="&$A27)) -> 340000000 | AE27: =IF($B27="","",MAX($B$5:$B27)) | AK27: =IF($A27="","",YEAR($A27)*100+MONTH($A27)) -> 202601 | AL27: =IF($P27="","",IF($P27="😱 극도의 공포",-2,IF($P27="😨 공포",-1,IF($P27="😐 평온",0,IF($P27="😃 탐욕",1,IF($P27="🤑 극도의 탐욕",2,""))))))
A28: 46041 | B28: =IF($A28="","",IF(AND($T28<>"",$U28<>"",$V28<>""),$T28+$U28+$V28,IF(AND($Z28<>"",$G28<>""),$Z28-$G28,IF($AG28<>"",$AD28+$AG28,"")))) | C28: =IF($B28="","",IFERROR($B28-LOOKUP(2,1/($B$5:$B27<>""),$B$5:$B27),"")) | D28: =IF(OR($B28="",$AD28=""),"",$B28-$AD28) | E28: =IF(OR($B28="",$AE28=0,$AE28=""),"",MIN(0,$B28/$AE28-1)) | F28: =IF(OR($Y28="",$Y28=0,$G28="",$G28=0),"",($S28-$G28*'03_포지션'!$B$13)/$Y28) | G28: =IF(OR($S28="",$T28=""),"",$S28-$T28) | H28: =IF(OR($X28="",$Z28=""),"",$X28-($Z28-IF($W28="",0,$W28))) | I28: =IF(OR($G28="",$H28=""),"",$G28+$H28) | J28: =IF(OR($I28="",'09_CF_원금'!$B$108=0),"",$I28/'09_CF_원금'!$B$108) | K28: =IF(OR($X28="",$X28=0,$I28=""),"",$I28/$X28) | L28: =IF(OR($W28="",$X28=""),"",$W28/($X28+$W28)) | M28: =IF($T28<>"",$T28-$AA28,IF($AH28<>"",$AH28,"")) | N28: =IF($U28<>"",$U28-$AB28,IF($AI28<>"",$AI28,"")) | O28: =IF($V28<>"",$V28-$AC28,IF($AJ28<>"",$AJ28,"")) | W28: =IF($A28="","",IF($W27="","",$W27)) | X28: =IF($A28="","",IFERROR(IF(OR($Z28="",$Z27="",$X27="",($Z27-IF($W27="",0,$W27))=0),IF($X27="","",$X27),($Z28-IF($W28="",0,$W28))+($X27-($Z27-IF($W27="",0,$W27)))*(1+2*(($Z28-IF($W28="",0,$W28))/($Z27-IF($W27="",0,$W27))-1))),IF($X27="","",$X27))) | Y28: =IF($A28="","",IFERROR(IF(OR($S28="",$S27="",$Y27="",$S27=0),IF($Y27="","",$Y27),$S28+($Y27-$S27)*(1+2*($S28/$S27-1))),IF($Y27="","",$Y27))) | Z28: =IF($S28="","",$S28+IF($U28="",0,$U28)+IF($V28="",0,$V28)) | AA28: =SUMIFS('09_CF_원금'!$E$6:$E$92,'09_CF_원금'!$D$6:$D$92,"국장",'09_CF_원금'!$A$6:$A$92,"<="&$A28)-SUMIFS('09_CF_원금'!$E$6:$E$92,'09_CF_원금'!$C$6:$C$92,"국장",'09_CF_원금'!$A$6:$A$92,"<="&$A28) -> 150000000 | AB28: =SUMIFS('09_CF_원금'!$E$6:$E$92,'09_CF_원금'!$D$6:$D$92,"미장",'09_CF_원금'!$A$6:$A$92,"<="&$A28)-SUMIFS('09_CF_원금'!$E$6:$E$92,'09_CF_원금'!$C$6:$C$92,"미장",'09_CF_원금'!$A$6:$A$92,"<="&$A28) -> 150000000 | AC28: =SUMIFS('09_CF_원금'!$E$6:$E$92,'09_CF_원금'!$D$6:$D$92,"ISA",'09_CF_원금'!$A$6:$A$92,"<="&$A28)-SUMIFS('09_CF_원금'!$E$6:$E$92,'09_CF_원금'!$C$6:$C$92,"ISA",'09_CF_원금'!$A$6:$A$92,"<="&$A28) -> 40000000 | AD28: =IF($A28="","",$AA28+$AB28+$AC28+SUMIFS('09_CF_원금'!$E$6:$E$92,'09_CF_원금'!$D$6:$D$92,"중국",'09_CF_원금'!$A$6:$A$92,"<="&$A28)-SUMIFS('09_CF_원금'!$E$6:$E$92,'09_CF_원금'!$C$6:$C$92,"중국",'09_CF_원금'!$A$6:$A$92,"<="&$A28)) -> 340000000 | AE28: =IF($B28="","",MAX($B$5:$B28)) | AK28: =IF($A28="","",YEAR($A28)*100+MONTH($A28)) -> 202601 | AL28: =IF($P28="","",IF($P28="😱 극도의 공포",-2,IF($P28="😨 공포",-1,IF($P28="😐 평온",0,IF($P28="😃 탐욕",1,IF($P28="🤑 극도의 탐욕",2,""))))))
A29: 46042 | B29: =IF($A29="","",IF(AND($T29<>"",$U29<>"",$V29<>""),$T29+$U29+$V29,IF(AND($Z29<>"",$G29<>""),$Z29-$G29,IF($AG29<>"",$AD29+$AG29,"")))) | C29: =IF($B29="","",IFERROR($B29-LOOKUP(2,1/($B$5:$B28<>""),$B$5:$B28),"")) | D29: =IF(OR($B29="",$AD29=""),"",$B29-$AD29) | E29: =IF(OR($B29="",$AE29=0,$AE29=""),"",MIN(0,$B29/$AE29-1)) | F29: =IF(OR($Y29="",$Y29=0,$G29="",$G29=0),"",($S29-$G29*'03_포지션'!$B$13)/$Y29) | G29: =IF(OR($S29="",$T29=""),"",$S29-$T29) | H29: =IF(OR($X29="",$Z29=""),"",$X29-($Z29-IF($W29="",0,$W29))) | I29: =IF(OR($G29="",$H29=""),"",$G29+$H29) | J29: =IF(OR($I29="",'09_CF_원금'!$B$108=0),"",$I29/'09_CF_원금'!$B$108) | K29: =IF(OR($X29="",$X29=0,$I29=""),"",$I29/$X29) | L29: =IF(OR($W29="",$X29=""),"",$W29/($X29+$W29)) | M29: =IF($T29<>"",$T29-$AA29,IF($AH29<>"",$AH29,"")) | N29: =IF($U29<>"",$U29-$AB29,IF($AI29<>"",$AI29,"")) | O29: =IF($V29<>"",$V29-$AC29,IF($AJ29<>"",$AJ29,"")) | W29: =IF($A29="","",IF($W28="","",$W28)) | X29: =IF($A29="","",IFERROR(IF(OR($Z29="",$Z28="",$X28="",($Z28-IF($W28="",0,$W28))=0),IF($X28="","",$X28),($Z29-IF($W29="",0,$W29))+($X28-($Z28-IF($W28="",0,$W28)))*(1+2*(($Z29-IF($W29="",0,$W29))/($Z28-IF($W28="",0,$W28))-1))),IF($X28="","",$X28))) | Y29: =IF($A29="","",IFERROR(IF(OR($S29="",$S28="",$Y28="",$S28=0),IF($Y28="","",$Y28),$S29+($Y28-$S28)*(1+2*($S29/$S28-1))),IF($Y28="","",$Y28))) | Z29: =IF($S29="","",$S29+IF($U29="",0,$U29)+IF($V29="",0,$V29)) | AA29: =SUMIFS('09_CF_원금'!$E$6:$E$92,'09_CF_원금'!$D$6:$D$92,"국장",'09_CF_원금'!$A$6:$A$92,"<="&$A29)-SUMIFS('09_CF_원금'!$E$6:$E$92,'09_CF_원금'!$C$6:$C$92,"국장",'09_CF_원금'!$A$6:$A$92,"<="&$A29) -> 150000000 | AB29: =SUMIFS('09_CF_원금'!$E$6:$E$92,'09_CF_원금'!$D$6:$D$92,"미장",'09_CF_원금'!$A$6:$A$92,"<="&$A29)-SUMIFS('09_CF_원금'!$E$6:$E$92,'09_CF_원금'!$C$6:$C$92,"미장",'09_CF_원금'!$A$6:$A$92,"<="&$A29) -> 150000000 | AC29: =SUMIFS('09_CF_원금'!$E$6:$E$92,'09_CF_원금'!$D$6:$D$92,"ISA",'09_CF_원금'!$A$6:$A$92,"<="&$A29)-SUMIFS('09_CF_원금'!$E$6:$E$92,'09_CF_원금'!$C$6:$C$92,"ISA",'09_CF_원금'!$A$6:$A$92,"<="&$A29) -> 40000000 | AD29: =IF($A29="","",$AA29+$AB29+$AC29+SUMIFS('09_CF_원금'!$E$6:$E$92,'09_CF_원금'!$D$6:$D$92,"중국",'09_CF_원금'!$A$6:$A$92,"<="&$A29)-SUMIFS('09_CF_원금'!$E$6:$E$92,'09_CF_원금'!$C$6:$C$92,"중국",'09_CF_원금'!$A$6:$A$92,"<="&$A29)) -> 340000000 | AE29: =IF($B29="","",MAX($B$5:$B29)) | AK29: =IF($A29="","",YEAR($A29)*100+MONTH($A29)) -> 202601 | AL29: =IF($P29="","",IF($P29="😱 극도의 공포",-2,IF($P29="😨 공포",-1,IF($P29="😐 평온",0,IF($P29="😃 탐욕",1,IF($P29="🤑 극도의 탐욕",2,""))))))
A30: 46043 | B30: =IF($A30="","",IF(AND($T30<>"",$U30<>"",$V30<>""),$T30+$U30+$V30,IF(AND($Z30<>"",$G30<>""),$Z30-$G30,IF($AG30<>"",$AD30+$AG30,"")))) | C30: =IF($B30="","",IFERROR($B30-LOOKUP(2,1/($B$5:$B29<>""),$B$5:$B29),"")) | D30: =IF(OR($B30="",$AD30=""),"",$B30-$AD30) | E30: =IF(OR($B30="",$AE30=0,$AE30=""),"",MIN(0,$B30/$AE30-1)) | F30: =IF(OR($Y30="",$Y30=0,$G30="",$G30=0),"",($S30-$G30*'03_포지션'!$B$13)/$Y30) | G30: =IF(OR($S30="",$T30=""),"",$S30-$T30) | H30: =IF(OR($X30="",$Z30=""),"",$X30-($Z30-IF($W30="",0,$W30))) | I30: =IF(OR($G30="",$H30=""),"",$G30+$H30) | J30: =IF(OR($I30="",'09_CF_원금'!$B$108=0),"",$I30/'09_CF_원금'!$B$108) | K30: =IF(OR($X30="",$X30=0,$I30=""),"",$I30/$X30) | L30: =IF(OR($W30="",$X30=""),"",$W30/($X30+$W30)) | M30: =IF($T30<>"",$T30-$AA30,IF($AH30<>"",$AH30,"")) | N30: =IF($U30<>"",$U30-$AB30,IF($AI30<>"",$AI30,"")) | O30: =IF($V30<>"",$V30-$AC30,IF($AJ30<>"",$AJ30,"")) | W30: =IF($A30="","",IF($W29="","",$W29)) | X30: =IF($A30="","",IFERROR(IF(OR($Z30="",$Z29="",$X29="",($Z29-IF($W29="",0,$W29))=0),IF($X29="","",$X29),($Z30-IF($W30="",0,$W30))+($X29-($Z29-IF($W29="",0,$W29)))*(1+2*(($Z30-IF($W30="",0,$W30))/($Z29-IF($W29="",0,$W29))-1))),IF($X29="","",$X29))) | Y30: =IF($A30="","",IFERROR(IF(OR($S30="",$S29="",$Y29="",$S29=0),IF($Y29="","",$Y29),$S30+($Y29-$S29)*(1+2*($S30/$S29-1))),IF($Y29="","",$Y29))) | Z30: =IF($S30="","",$S30+IF($U30="",0,$U30)+IF($V30="",0,$V30)) | AA30: =SUMIFS('09_CF_원금'!$E$6:$E$92,'09_CF_원금'!$D$6:$D$92,"국장",'09_CF_원금'!$A$6:$A$92,"<="&$A30)-SUMIFS('09_CF_원금'!$E$6:$E$92,'09_CF_원금'!$C$6:$C$92,"국장",'09_CF_원금'!$A$6:$A$92,"<="&$A30) -> 197000000 | AB30: =SUMIFS('09_CF_원금'!$E$6:$E$92,'09_CF_원금'!$D$6:$D$92,"미장",'09_CF_원금'!$A$6:$A$92,"<="&$A30)-SUMIFS('09_CF_원금'!$E$6:$E$92,'09_CF_원금'!$C$6:$C$92,"미장",'09_CF_원금'!$A$6:$A$92,"<="&$A30) -> 110000000 | AC30: =SUMIFS('09_CF_원금'!$E$6:$E$92,'09_CF_원금'!$D$6:$D$92,"ISA",'09_CF_원금'!$A$6:$A$92,"<="&$A30)-SUMIFS('09_CF_원금'!$E$6:$E$92,'09_CF_원금'!$C$6:$C$92,"ISA",'09_CF_원금'!$A$6:$A$92,"<="&$A30) -> 40000000 | AD30: =IF($A30="","",$AA30+$AB30+$AC30+SUMIFS('09_CF_원금'!$E$6:$E$92,'09_CF_원금'!$D$6:$D$92,"중국",'09_CF_원금'!$A$6:$A$92,"<="&$A30)-SUMIFS('09_CF_원금'!$E$6:$E$92,'09_CF_원금'!$C$6:$C$92,"중국",'09_CF_원금'!$A$6:$A$92,"<="&$A30)) -> 347000000 | AE30: =IF($B30="","",MAX($B$5:$B30)) | AK30: =IF($A30="","",YEAR($A30)*100+MONTH($A30)) -> 202601 | AL30: =IF($P30="","",IF($P30="😱 극도의 공포",-2,IF($P30="😨 공포",-1,IF($P30="😐 평온",0,IF($P30="😃 탐욕",1,IF($P30="🤑 극도의 탐욕",2,""))))))
A31: 46044 | B31: =IF($A31="","",IF(AND($T31<>"",$U31<>"",$V31<>""),$T31+$U31+$V31,IF(AND($Z31<>"",$G31<>""),$Z31-$G31,IF($AG31<>"",$AD31+$AG31,"")))) | C31: =IF($B31="","",IFERROR($B31-LOOKUP(2,1/($B$5:$B30<>""),$B$5:$B30),"")) | D31: =IF(OR($B31="",$AD31=""),"",$B31-$AD31) | E31: =IF(OR($B31="",$AE31=0,$AE31=""),"",MIN(0,$B31/$AE31-1)) | F31: =IF(OR($Y31="",$Y31=0,$G31="",$G31=0),"",($S31-$G31*'03_포지션'!$B$13)/$Y31) | G31: =IF(OR($S31="",$T31=""),"",$S31-$T31) | H31: =IF(OR($X31="",$Z31=""),"",$X31-($Z31-IF($W31="",0,$W31))) | I31: =IF(OR($G31="",$H31=""),"",$G31+$H31) | J31: =IF(OR($I31="",'09_CF_원금'!$B$108=0),"",$I31/'09_CF_원금'!$B$108) | K31: =IF(OR($X31="",$X31=0,$I31=""),"",$I31/$X31) | L31: =IF(OR($W31="",$X31=""),"",$W31/($X31+$W31)) | M31: =IF($T31<>"",$T31-$AA31,IF($AH31<>"",$AH31,"")) | N31: =IF($U31<>"",$U31-$AB31,IF($AI31<>"",$AI31,"")) | O31: =IF($V31<>"",$V31-$AC31,IF($AJ31<>"",$AJ31,"")) | W31: =IF($A31="","",IF($W30="","",$W30)) | X31: =IF($A31="","",IFERROR(IF(OR($Z31="",$Z30="",$X30="",($Z30-IF($W30="",0,$W30))=0),IF($X30="","",$X30),($Z31-IF($W31="",0,$W31))+($X30-($Z30-IF($W30="",0,$W30)))*(1+2*(($Z31-IF($W31="",0,$W31))/($Z30-IF($W30="",0,$W30))-1))),IF($X30="","",$X30))) | Y31: =IF($A31="","",IFERROR(IF(OR($S31="",$S30="",$Y30="",$S30=0),IF($Y30="","",$Y30),$S31+($Y30-$S30)*(1+2*($S31/$S30-1))),IF($Y30="","",$Y30))) | Z31: =IF($S31="","",$S31+IF($U31="",0,$U31)+IF($V31="",0,$V31)) | AA31: =SUMIFS('09_CF_원금'!$E$6:$E$92,'09_CF_원금'!$D$6:$D$92,"국장",'09_CF_원금'!$A$6:$A$92,"<="&$A31)-SUMIFS('09_CF_원금'!$E$6:$E$92,'09_CF_원금'!$C$6:$C$92,"국장",'09_CF_원금'!$A$6:$A$92,"<="&$A31) -> 197000000 | AB31: =SUMIFS('09_CF_원금'!$E$6:$E$92,'09_CF_원금'!$D$6:$D$92,"미장",'09_CF_원금'!$A$6:$A$92,"<="&$A31)-SUMIFS('09_CF_원금'!$E$6:$E$92,'09_CF_원금'!$C$6:$C$92,"미장",'09_CF_원금'!$A$6:$A$92,"<="&$A31) -> 110000000 | AC31: =SUMIFS('09_CF_원금'!$E$6:$E$92,'09_CF_원금'!$D$6:$D$92,"ISA",'09_CF_원금'!$A$6:$A$92,"<="&$A31)-SUMIFS('09_CF_원금'!$E$6:$E$92,'09_CF_원금'!$C$6:$C$92,"ISA",'09_CF_원금'!$A$6:$A$92,"<="&$A31) -> 40000000 | AD31: =IF($A31="","",$AA31+$AB31+$AC31+SUMIFS('09_CF_원금'!$E$6:$E$92,'09_CF_원금'!$D$6:$D$92,"중국",'09_CF_원금'!$A$6:$A$92,"<="&$A31)-SUMIFS('09_CF_원금'!$E$6:$E$92,'09_CF_원금'!$C$6:$C$92,"중국",'09_CF_원금'!$A$6:$A$92,"<="&$A31)) -> 347000000 | AE31: =IF($B31="","",MAX($B$5:$B31)) | AK31: =IF($A31="","",YEAR($A31)*100+MONTH($A31)) -> 202601 | AL31: =IF($P31="","",IF($P31="😱 극도의 공포",-2,IF($P31="😨 공포",-1,IF($P31="😐 평온",0,IF($P31="😃 탐욕",1,IF($P31="🤑 극도의 탐욕",2,""))))))
A32: 46045 | B32: =IF($A32="","",IF(AND($T32<>"",$U32<>"",$V32<>""),$T32+$U32+$V32,IF(AND($Z32<>"",$G32<>""),$Z32-$G32,IF($AG32<>"",$AD32+$AG32,"")))) -> 510270150 | C32: =IF($B32="","",IFERROR($B32-LOOKUP(2,1/($B$5:$B31<>""),$B$5:$B31),"")) | D32: =IF(OR($B32="",$AD32=""),"",$B32-$AD32) -> 163270150 | E32: =IF(OR($B32="",$AE32=0,$AE32=""),"",MIN(0,$B32/$AE32-1)) -> -0.055110701 | F32: =IF(OR($Y32="",$Y32=0,$G32="",$G32=0),"",($S32-$G32*'03_포지션'!$B$13)/$Y32) | G32: =IF(OR($S32="",$T32=""),"",$S32-$T32) | H32: =IF(OR($X32="",$Z32=""),"",$X32-($Z32-IF($W32="",0,$W32))) | I32: =IF(OR($G32="",$H32=""),"",$G32+$H32) | J32: =IF(OR($I32="",'09_CF_원금'!$B$108=0),"",$I32/'09_CF_원금'!$B$108) | K32: =IF(OR($X32="",$X32=0,$I32=""),"",$I32/$X32) | L32: =IF(OR($W32="",$X32=""),"",$W32/($X32+$W32)) | M32: =IF($T32<>"",$T32-$AA32,IF($AH32<>"",$AH32,"")) -> 118758170 | N32: =IF($U32<>"",$U32-$AB32,IF($AI32<>"",$AI32,"")) -> 35414248 | O32: =IF($V32<>"",$V32-$AC32,IF($AJ32<>"",$AJ32,"")) -> 9097732 | W32: =IF($A32="","",IF($W31="","",$W31)) | X32: =IF($A32="","",IFERROR(IF(OR($Z32="",$Z31="",$X31="",($Z31-IF($W31="",0,$W31))=0),IF($X31="","",$X31),($Z32-IF($W32="",0,$W32))+($X31-($Z31-IF($W31="",0,$W31)))*(1+2*(($Z32-IF($W32="",0,$W32))/($Z31-IF($W31="",0,$W31))-1))),IF($X31="","",$X31))) | Y32: =IF($A32="","",IFERROR(IF(OR($S32="",$S31="",$Y31="",$S31=0),IF($Y31="","",$Y31),$S32+($Y31-$S31)*(1+2*($S32/$S31-1))),IF($Y31="","",$Y31))) | Z32: =IF($S32="","",$S32+IF($U32="",0,$U32)+IF($V32="",0,$V32)) | AA32: =SUMIFS('09_CF_원금'!$E$6:$E$92,'09_CF_원금'!$D$6:$D$92,"국장",'09_CF_원금'!$A$6:$A$92,"<="&$A32)-SUMIFS('09_CF_원금'!$E$6:$E$92,'09_CF_원금'!$C$6:$C$92,"국장",'09_CF_원금'!$A$6:$A$92,"<="&$A32) -> 197000000 | AB32: =SUMIFS('09_CF_원금'!$E$6:$E$92,'09_CF_원금'!$D$6:$D$92,"미장",'09_CF_원금'!$A$6:$A$92,"<="&$A32)-SUMIFS('09_CF_원금'!$E$6:$E$92,'09_CF_원금'!$C$6:$C$92,"미장",'09_CF_원금'!$A$6:$A$92,"<="&$A32) -> 110000000 | AC32: =SUMIFS('09_CF_원금'!$E$6:$E$92,'09_CF_원금'!$D$6:$D$92,"ISA",'09_CF_원금'!$A$6:$A$92,"<="&$A32)-SUMIFS('09_CF_원금'!$E$6:$E$92,'09_CF_원금'!$C$6:$C$92,"ISA",'09_CF_원금'!$A$6:$A$92,"<="&$A32) -> 40000000 | AD32: =IF($A32="","",$AA32+$AB32+$AC32+SUMIFS('09_CF_원금'!$E$6:$E$92,'09_CF_원금'!$D$6:$D$92,"중국",'09_CF_원금'!$A$6:$A$92,"<="&$A32)-SUMIFS('09_CF_원금'!$E$6:$E$92,'09_CF_원금'!$C$6:$C$92,"중국",'09_CF_원금'!$A$6:$A$92,"<="&$A32)) -> 347000000 | AE32: =IF($B32="","",MAX($B$5:$B32)) -> 540031674 | AF32: 25738.25 | AG32: 163270150 | AH32: 118758170 | AI32: 35414248 | AJ32: 9097732 | AK32: =IF($A32="","",YEAR($A32)*100+MONTH($A32)) -> 202601 | AL32: =IF($P32="","",IF($P32="😱 극도의 공포",-2,IF($P32="😨 공포",-1,IF($P32="😐 평온",0,IF($P32="😃 탐욕",1,IF($P32="🤑 극도의 탐욕",2,""))))))
A33: 46048 | B33: =IF($A33="","",IF(AND($T33<>"",$U33<>"",$V33<>""),$T33+$U33+$V33,IF(AND($Z33<>"",$G33<>""),$Z33-$G33,IF($AG33<>"",$AD33+$AG33,"")))) | C33: =IF($B33="","",IFERROR($B33-LOOKUP(2,1/($B$5:$B32<>""),$B$5:$B32),"")) | D33: =IF(OR($B33="",$AD33=""),"",$B33-$AD33) | E33: =IF(OR($B33="",$AE33=0,$AE33=""),"",MIN(0,$B33/$AE33-1)) | F33: =IF(OR($Y33="",$Y33=0,$G33="",$G33=0),"",($S33-$G33*'03_포지션'!$B$13)/$Y33) | G33: =IF(OR($S33="",$T33=""),"",$S33-$T33) | H33: =IF(OR($X33="",$Z33=""),"",$X33-($Z33-IF($W33="",0,$W33))) | I33: =IF(OR($G33="",$H33=""),"",$G33+$H33) | J33: =IF(OR($I33="",'09_CF_원금'!$B$108=0),"",$I33/'09_CF_원금'!$B$108) | K33: =IF(OR($X33="",$X33=0,$I33=""),"",$I33/$X33) | L33: =IF(OR($W33="",$X33=""),"",$W33/($X33+$W33)) | M33: =IF($T33<>"",$T33-$AA33,IF($AH33<>"",$AH33,"")) | N33: =IF($U33<>"",$U33-$AB33,IF($AI33<>"",$AI33,"")) | O33: =IF($V33<>"",$V33-$AC33,IF($AJ33<>"",$AJ33,"")) | W33: =IF($A33="","",IF($W32="","",$W32)) | X33: =IF($A33="","",IFERROR(IF(OR($Z33="",$Z32="",$X32="",($Z32-IF($W32="",0,$W32))=0),IF($X32="","",$X32),($Z33-IF($W33="",0,$W33))+($X32-($Z32-IF($W32="",0,$W32)))*(1+2*(($Z33-IF($W33="",0,$W33))/($Z32-IF($W32="",0,$W32))-1))),IF($X32="","",$X32))) | Y33: =IF($A33="","",IFERROR(IF(OR($S33="",$S32="",$Y32="",$S32=0),IF($Y32="","",$Y32),$S33+($Y32-$S32)*(1+2*($S33/$S32-1))),IF($Y32="","",$Y32))) | Z33: =IF($S33="","",$S33+IF($U33="",0,$U33)+IF($V33="",0,$V33)) | AA33: =SUMIFS('09_CF_원금'!$E$6:$E$92,'09_CF_원금'!$D$6:$D$92,"국장",'09_CF_원금'!$A$6:$A$92,"<="&$A33)-SUMIFS('09_CF_원금'!$E$6:$E$92,'09_CF_원금'!$C$6:$C$92,"국장",'09_CF_원금'!$A$6:$A$92,"<="&$A33) -> 197000000 | AB33: =SUMIFS('09_CF_원금'!$E$6:$E$92,'09_CF_원금'!$D$6:$D$92,"미장",'09_CF_원금'!$A$6:$A$92,"<="&$A33)-SUMIFS('09_CF_원금'!$E$6:$E$92,'09_CF_원금'!$C$6:$C$92,"미장",'09_CF_원금'!$A$6:$A$92,"<="&$A33) -> 110000000 | AC33: =SUMIFS('09_CF_원금'!$E$6:$E$92,'09_CF_원금'!$D$6:$D$92,"ISA",'09_CF_원금'!$A$6:$A$92,"<="&$A33)-SUMIFS('09_CF_원금'!$E$6:$E$92,'09_CF_원금'!$C$6:$C$92,"ISA",'09_CF_원금'!$A$6:$A$92,"<="&$A33) -> 40000000 | AD33: =IF($A33="","",$AA33+$AB33+$AC33+SUMIFS('09_CF_원금'!$E$6:$E$92,'09_CF_원금'!$D$6:$D$92,"중국",'09_CF_원금'!$A$6:$A$92,"<="&$A33)-SUMIFS('09_CF_원금'!$E$6:$E$92,'09_CF_원금'!$C$6:$C$92,"중국",'09_CF_원금'!$A$6:$A$92,"<="&$A33)) -> 347000000 | AE33: =IF($B33="","",MAX($B$5:$B33)) | AK33: =IF($A33="","",YEAR($A33)*100+MONTH($A33)) -> 202601 | AL33: =IF($P33="","",IF($P33="😱 극도의 공포",-2,IF($P33="😨 공포",-1,IF($P33="😐 평온",0,IF($P33="😃 탐욕",1,IF($P33="🤑 극도의 탐욕",2,""))))))
A34: 46049 | B34: =IF($A34="","",IF(AND($T34<>"",$U34<>"",$V34<>""),$T34+$U34+$V34,IF(AND($Z34<>"",$G34<>""),$Z34-$G34,IF($AG34<>"",$AD34+$AG34,"")))) | C34: =IF($B34="","",IFERROR($B34-LOOKUP(2,1/($B$5:$B33<>""),$B$5:$B33),"")) | D34: =IF(OR($B34="",$AD34=""),"",$B34-$AD34) | E34: =IF(OR($B34="",$AE34=0,$AE34=""),"",MIN(0,$B34/$AE34-1)) | F34: =IF(OR($Y34="",$Y34=0,$G34="",$G34=0),"",($S34-$G34*'03_포지션'!$B$13)/$Y34) | G34: =IF(OR($S34="",$T34=""),"",$S34-$T34) | H34: =IF(OR($X34="",$Z34=""),"",$X34-($Z34-IF($W34="",0,$W34))) | I34: =IF(OR($G34="",$H34=""),"",$G34+$H34) | J34: =IF(OR($I34="",'09_CF_원금'!$B$108=0),"",$I34/'09_CF_원금'!$B$108) | K34: =IF(OR($X34="",$X34=0,$I34=""),"",$I34/$X34) | L34: =IF(OR($W34="",$X34=""),"",$W34/($X34+$W34)) | M34: =IF($T34<>"",$T34-$AA34,IF($AH34<>"",$AH34,"")) | N34: =IF($U34<>"",$U34-$AB34,IF($AI34<>"",$AI34,"")) | O34: =IF($V34<>"",$V34-$AC34,IF($AJ34<>"",$AJ34,"")) | W34: =IF($A34="","",IF($W33="","",$W33)) | X34: =IF($A34="","",IFERROR(IF(OR($Z34="",$Z33="",$X33="",($Z33-IF($W33="",0,$W33))=0),IF($X33="","",$X33),($Z34-IF($W34="",0,$W34))+($X33-($Z33-IF($W33="",0,$W33)))*(1+2*(($Z34-IF($W34="",0,$W34))/($Z33-IF($W33="",0,$W33))-1))),IF($X33="","",$X33))) | Y34: =IF($A34="","",IFERROR(IF(OR($S34="",$S33="",$Y33="",$S33=0),IF($Y33="","",$Y33),$S34+($Y33-$S33)*(1+2*($S34/$S33-1))),IF($Y33="","",$Y33))) | Z34: =IF($S34="","",$S34+IF($U34="",0,$U34)+IF($V34="",0,$V34)) | AA34: =SUMIFS('09_CF_원금'!$E$6:$E$92,'09_CF_원금'!$D$6:$D$92,"국장",'09_CF_원금'!$A$6:$A$92,"<="&$A34)-SUMIFS('09_CF_원금'!$E$6:$E$92,'09_CF_원금'!$C$6:$C$92,"국장",'09_CF_원금'!$A$6:$A$92,"<="&$A34) -> 197000000 | AB34: =SUMIFS('09_CF_원금'!$E$6:$E$92,'09_CF_원금'!$D$6:$D$92,"미장",'09_CF_원금'!$A$6:$A$92,"<="&$A34)-SUMIFS('09_CF_원금'!$E$6:$E$92,'09_CF_원금'!$C$6:$C$92,"미장",'09_CF_원금'!$A$6:$A$92,"<="&$A34) -> 110000000 | AC34: =SUMIFS('09_CF_원금'!$E$6:$E$92,'09_CF_원금'!$D$6:$D$92,"ISA",'09_CF_원금'!$A$6:$A$92,"<="&$A34)-SUMIFS('09_CF_원금'!$E$6:$E$92,'09_CF_원금'!$C$6:$C$92,"ISA",'09_CF_원금'!$A$6:$A$92,"<="&$A34) -> 40000000 | AD34: =IF($A34="","",$AA34+$AB34+$AC34+SUMIFS('09_CF_원금'!$E$6:$E$92,'09_CF_원금'!$D$6:$D$92,"중국",'09_CF_원금'!$A$6:$A$92,"<="&$A34)-SUMIFS('09_CF_원금'!$E$6:$E$92,'09_CF_원금'!$C$6:$C$92,"중국",'09_CF_원금'!$A$6:$A$92,"<="&$A34)) -> 347000000 | AE34: =IF($B34="","",MAX($B$5:$B34)) | AK34: =IF($A34="","",YEAR($A34)*100+MONTH($A34)) -> 202601 | AL34: =IF($P34="","",IF($P34="😱 극도의 공포",-2,IF($P34="😨 공포",-1,IF($P34="😐 평온",0,IF($P34="😃 탐욕",1,IF($P34="🤑 극도의 탐욕",2,""))))))
A35: 46050 | B35: =IF($A35="","",IF(AND($T35<>"",$U35<>"",$V35<>""),$T35+$U35+$V35,IF(AND($Z35<>"",$G35<>""),$Z35-$G35,IF($AG35<>"",$AD35+$AG35,"")))) -> 594772002 | C35: =IF($B35="","",IFERROR($B35-LOOKUP(2,1/($B$5:$B34<>""),$B$5:$B34),"")) | D35: =IF(OR($B35="",$AD35=""),"",$B35-$AD35) -> 247772002 | E35: =IF(OR($B35="",$AE35=0,$AE35=""),"",MIN(0,$B35/$AE35-1)) -> 0 | F35: =IF(OR($Y35="",$Y35=0,$G35="",$G35=0),"",($S35-$G35*'03_포지션'!$B$13)/$Y35) | G35: =IF(OR($S35="",$T35=""),"",$S35-$T35) | H35: =IF(OR($X35="",$Z35=""),"",$X35-($Z35-IF($W35="",0,$W35))) | I35: =IF(OR($G35="",$H35=""),"",$G35+$H35) | J35: =IF(OR($I35="",'09_CF_원금'!$B$108=0),"",$I35/'09_CF_원금'!$B$108) | K35: =IF(OR($X35="",$X35=0,$I35=""),"",$I35/$X35) | L35: =IF(OR($W35="",$X35=""),"",$W35/($X35+$W35)) | M35: =IF($T35<>"",$T35-$AA35,IF($AH35<>"",$AH35,"")) -> 195475821 | N35: =IF($U35<>"",$U35-$AB35,IF($AI35<>"",$AI35,"")) -> 41744044 | O35: =IF($V35<>"",$V35-$AC35,IF($AJ35<>"",$AJ35,"")) -> 10552137 | W35: =IF($A35="","",IF($W34="","",$W34)) | X35: =IF($A35="","",IFERROR(IF(OR($Z35="",$Z34="",$X34="",($Z34-IF($W34="",0,$W34))=0),IF($X34="","",$X34),($Z35-IF($W35="",0,$W35))+($X34-($Z34-IF($W34="",0,$W34)))*(1+2*(($Z35-IF($W35="",0,$W35))/($Z34-IF($W34="",0,$W34))-1))),IF($X34="","",$X34))) | Y35: =IF($A35="","",IFERROR(IF(OR($S35="",$S34="",$Y34="",$S34=0),IF($Y34="","",$Y34),$S35+($Y34-$S34)*(1+2*($S35/$S34-1))),IF($Y34="","",$Y34))) | Z35: =IF($S35="","",$S35+IF($U35="",0,$U35)+IF($V35="",0,$V35)) | AA35: =SUMIFS('09_CF_원금'!$E$6:$E$92,'09_CF_원금'!$D$6:$D$92,"국장",'09_CF_원금'!$A$6:$A$92,"<="&$A35)-SUMIFS('09_CF_원금'!$E$6:$E$92,'09_CF_원금'!$C$6:$C$92,"국장",'09_CF_원금'!$A$6:$A$92,"<="&$A35) -> 197000000 | AB35: =SUMIFS('09_CF_원금'!$E$6:$E$92,'09_CF_원금'!$D$6:$D$92,"미장",'09_CF_원금'!$A$6:$A$92,"<="&$A35)-SUMIFS('09_CF_원금'!$E$6:$E$92,'09_CF_원금'!$C$6:$C$92,"미장",'09_CF_원금'!$A$6:$A$92,"<="&$A35) -> 110000000 | AC35: =SUMIFS('09_CF_원금'!$E$6:$E$92,'09_CF_원금'!$D$6:$D$92,"ISA",'09_CF_원금'!$A$6:$A$92,"<="&$A35)-SUMIFS('09_CF_원금'!$E$6:$E$92,'09_CF_원금'!$C$6:$C$92,"ISA",'09_CF_원금'!$A$6:$A$92,"<="&$A35) -> 40000000 | AD35: =IF($A35="","",$AA35+$AB35+$AC35+SUMIFS('09_CF_원금'!$E$6:$E$92,'09_CF_원금'!$D$6:$D$92,"중국",'09_CF_원금'!$A$6:$A$92,"<="&$A35)-SUMIFS('09_CF_원금'!$E$6:$E$92,'09_CF_원금'!$C$6:$C$92,"중국",'09_CF_원금'!$A$6:$A$92,"<="&$A35)) -> 347000000 | AE35: =IF($B35="","",MAX($B$5:$B35)) -> 594772002 | AF35: 26239 | AG35: 247772002 | AH35: 195475821 | AI35: 41744044 | AJ35: 10552137 | AK35: =IF($A35="","",YEAR($A35)*100+MONTH($A35)) -> 202601 | AL35: =IF($P35="","",IF($P35="😱 극도의 공포",-2,IF($P35="😨 공포",-1,IF($P35="😐 평온",0,IF($P35="😃 탐욕",1,IF($P35="🤑 극도의 탐욕",2,""))))))
A36: 46051 | B36: =IF($A36="","",IF(AND($T36<>"",$U36<>"",$V36<>""),$T36+$U36+$V36,IF(AND($Z36<>"",$G36<>""),$Z36-$G36,IF($AG36<>"",$AD36+$AG36,"")))) | C36: =IF($B36="","",IFERROR($B36-LOOKUP(2,1/($B$5:$B35<>""),$B$5:$B35),"")) | D36: =IF(OR($B36="",$AD36=""),"",$B36-$AD36) | E36: =IF(OR($B36="",$AE36=0,$AE36=""),"",MIN(0,$B36/$AE36-1)) | F36: =IF(OR($Y36="",$Y36=0,$G36="",$G36=0),"",($S36-$G36*'03_포지션'!$B$13)/$Y36) | G36: =IF(OR($S36="",$T36=""),"",$S36-$T36) | H36: =IF(OR($X36="",$Z36=""),"",$X36-($Z36-IF($W36="",0,$W36))) | I36: =IF(OR($G36="",$H36=""),"",$G36+$H36) | J36: =IF(OR($I36="",'09_CF_원금'!$B$108=0),"",$I36/'09_CF_원금'!$B$108) | K36: =IF(OR($X36="",$X36=0,$I36=""),"",$I36/$X36) | L36: =IF(OR($W36="",$X36=""),"",$W36/($X36+$W36)) | M36: =IF($T36<>"",$T36-$AA36,IF($AH36<>"",$AH36,"")) | N36: =IF($U36<>"",$U36-$AB36,IF($AI36<>"",$AI36,"")) | O36: =IF($V36<>"",$V36-$AC36,IF($AJ36<>"",$AJ36,"")) | W36: =IF($A36="","",IF($W35="","",$W35)) | X36: =IF($A36="","",IFERROR(IF(OR($Z36="",$Z35="",$X35="",($Z35-IF($W35="",0,$W35))=0),IF($X35="","",$X35),($Z36-IF($W36="",0,$W36))+($X35-($Z35-IF($W35="",0,$W35)))*(1+2*(($Z36-IF($W36="",0,$W36))/($Z35-IF($W35="",0,$W35))-1))),IF($X35="","",$X35))) | Y36: =IF($A36="","",IFERROR(IF(OR($S36="",$S35="",$Y35="",$S35=0),IF($Y35="","",$Y35),$S36+($Y35-$S35)*(1+2*($S36/$S35-1))),IF($Y35="","",$Y35))) | Z36: =IF($S36="","",$S36+IF($U36="",0,$U36)+IF($V36="",0,$V36)) | AA36: =SUMIFS('09_CF_원금'!$E$6:$E$92,'09_CF_원금'!$D$6:$D$92,"국장",'09_CF_원금'!$A$6:$A$92,"<="&$A36)-SUMIFS('09_CF_원금'!$E$6:$E$92,'09_CF_원금'!$C$6:$C$92,"국장",'09_CF_원금'!$A$6:$A$92,"<="&$A36) -> 197000000 | AB36: =SUMIFS('09_CF_원금'!$E$6:$E$92,'09_CF_원금'!$D$6:$D$92,"미장",'09_CF_원금'!$A$6:$A$92,"<="&$A36)-SUMIFS('09_CF_원금'!$E$6:$E$92,'09_CF_원금'!$C$6:$C$92,"미장",'09_CF_원금'!$A$6:$A$92,"<="&$A36) -> 110000000 | AC36: =SUMIFS('09_CF_원금'!$E$6:$E$92,'09_CF_원금'!$D$6:$D$92,"ISA",'09_CF_원금'!$A$6:$A$92,"<="&$A36)-SUMIFS('09_CF_원금'!$E$6:$E$92,'09_CF_원금'!$C$6:$C$92,"ISA",'09_CF_원금'!$A$6:$A$92,"<="&$A36) -> 40000000 | AD36: =IF($A36="","",$AA36+$AB36+$AC36+SUMIFS('09_CF_원금'!$E$6:$E$92,'09_CF_원금'!$D$6:$D$92,"중국",'09_CF_원금'!$A$6:$A$92,"<="&$A36)-SUMIFS('09_CF_원금'!$E$6:$E$92,'09_CF_원금'!$C$6:$C$92,"중국",'09_CF_원금'!$A$6:$A$92,"<="&$A36)) -> 347000000 | AE36: =IF($B36="","",MAX($B$5:$B36)) | AK36: =IF($A36="","",YEAR($A36)*100+MONTH($A36)) -> 202601 | AL36: =IF($P36="","",IF($P36="😱 극도의 공포",-2,IF($P36="😨 공포",-1,IF($P36="😐 평온",0,IF($P36="😃 탐욕",1,IF($P36="🤑 극도의 탐욕",2,""))))))
A37: 46052 | B37: =IF($A37="","",IF(AND($T37<>"",$U37<>"",$V37<>""),$T37+$U37+$V37,IF(AND($Z37<>"",$G37<>""),$Z37-$G37,IF($AG37<>"",$AD37+$AG37,"")))) -> 557382117 | C37: =IF($B37="","",IFERROR($B37-LOOKUP(2,1/($B$5:$B36<>""),$B$5:$B36),"")) | D37: =IF(OR($B37="",$AD37=""),"",$B37-$AD37) -> 210382117 | E37: =IF(OR($B37="",$AE37=0,$AE37=""),"",MIN(0,$B37/$AE37-1)) -> -0.062864232 | F37: =IF(OR($Y37="",$Y37=0,$G37="",$G37=0),"",($S37-$G37*'03_포지션'!$B$13)/$Y37) | G37: =IF(OR($S37="",$T37=""),"",$S37-$T37) | H37: =IF(OR($X37="",$Z37=""),"",$X37-($Z37-IF($W37="",0,$W37))) | I37: =IF(OR($G37="",$H37=""),"",$G37+$H37) | J37: =IF(OR($I37="",'09_CF_원금'!$B$108=0),"",$I37/'09_CF_원금'!$B$108) | K37: =IF(OR($X37="",$X37=0,$I37=""),"",$I37/$X37) | L37: =IF(OR($W37="",$X37=""),"",$W37/($X37+$W37)) | M37: =IF($T37<>"",$T37-$AA37,IF($AH37<>"",$AH37,"")) -> 169855657 | N37: =IF($U37<>"",$U37-$AB37,IF($AI37<>"",$AI37,"")) -> 30139051 | O37: =IF($V37<>"",$V37-$AC37,IF($AJ37<>"",$AJ37,"")) -> 10387409 | R37: 정부 코스닥 부양, 바이오 급등 | W37: =IF($A37="","",IF($W36="","",$W36)) | X37: =IF($A37="","",IFERROR(IF(OR($Z37="",$Z36="",$X36="",($Z36-IF($W36="",0,$W36))=0),IF($X36="","",$X36),($Z37-IF($W37="",0,$W37))+($X36-($Z36-IF($W36="",0,$W36)))*(1+2*(($Z37-IF($W37="",0,$W37))/($Z36-IF($W36="",0,$W36))-1))),IF($X36="","",$X36))) | Y37: =IF($A37="","",IFERROR(IF(OR($S37="",$S36="",$Y36="",$S36=0),IF($Y36="","",$Y36),$S37+($Y36-$S36)*(1+2*($S37/$S36-1))),IF($Y36="","",$Y36))) | Z37: =IF($S37="","",$S37+IF($U37="",0,$U37)+IF($V37="",0,$V37)) | AA37: =SUMIFS('09_CF_원금'!$E$6:$E$92,'09_CF_원금'!$D$6:$D$92,"국장",'09_CF_원금'!$A$6:$A$92,"<="&$A37)-SUMIFS('09_CF_원금'!$E$6:$E$92,'09_CF_원금'!$C$6:$C$92,"국장",'09_CF_원금'!$A$6:$A$92,"<="&$A37) -> 197000000 | AB37: =SUMIFS('09_CF_원금'!$E$6:$E$92,'09_CF_원금'!$D$6:$D$92,"미장",'09_CF_원금'!$A$6:$A$92,"<="&$A37)-SUMIFS('09_CF_원금'!$E$6:$E$92,'09_CF_원금'!$C$6:$C$92,"미장",'09_CF_원금'!$A$6:$A$92,"<="&$A37) -> 110000000 | AC37: =SUMIFS('09_CF_원금'!$E$6:$E$92,'09_CF_원금'!$D$6:$D$92,"ISA",'09_CF_원금'!$A$6:$A$92,"<="&$A37)-SUMIFS('09_CF_원금'!$E$6:$E$92,'09_CF_원금'!$C$6:$C$92,"ISA",'09_CF_원금'!$A$6:$A$92,"<="&$A37) -> 40000000 | AD37: =IF($A37="","",$AA37+$AB37+$AC37+SUMIFS('09_CF_원금'!$E$6:$E$92,'09_CF_원금'!$D$6:$D$92,"중국",'09_CF_원금'!$A$6:$A$92,"<="&$A37)-SUMIFS('09_CF_원금'!$E$6:$E$92,'09_CF_원금'!$C$6:$C$92,"중국",'09_CF_원금'!$A$6:$A$92,"<="&$A37)) -> 347000000 | AE37: =IF($B37="","",MAX($B$5:$B37)) -> 594772002 | AF37: 26239 | AG37: 210382117 | AH37: 169855657 | AI37: 30139051 | AJ37: 10387409 | AK37: =IF($A37="","",YEAR($A37)*100+MONTH($A37)) -> 202601 | AL37: =IF($P37="","",IF($P37="😱 극도의 공포",-2,IF($P37="😨 공포",-1,IF($P37="😐 평온",0,IF($P37="😃 탐욕",1,IF($P37="🤑 극도의 탐욕",2,""))))))
A38: 46055 | B38: =IF($A38="","",IF(AND($T38<>"",$U38<>"",$V38<>""),$T38+$U38+$V38,IF(AND($Z38<>"",$G38<>""),$Z38-$G38,IF($AG38<>"",$AD38+$AG38,"")))) | C38: =IF($B38="","",IFERROR($B38-LOOKUP(2,1/($B$5:$B37<>""),$B$5:$B37),"")) | D38: =IF(OR($B38="",$AD38=""),"",$B38-$AD38) | E38: =IF(OR($B38="",$AE38=0,$AE38=""),"",MIN(0,$B38/$AE38-1)) | F38: =IF(OR($Y38="",$Y38=0,$G38="",$G38=0),"",($S38-$G38*'03_포지션'!$B$13)/$Y38) | G38: =IF(OR($S38="",$T38=""),"",$S38-$T38) | H38: =IF(OR($X38="",$Z38=""),"",$X38-($Z38-IF($W38="",0,$W38))) | I38: =IF(OR($G38="",$H38=""),"",$G38+$H38) | J38: =IF(OR($I38="",'09_CF_원금'!$B$108=0),"",$I38/'09_CF_원금'!$B$108) | K38: =IF(OR($X38="",$X38=0,$I38=""),"",$I38/$X38) | L38: =IF(OR($W38="",$X38=""),"",$W38/($X38+$W38)) | M38: =IF($T38<>"",$T38-$AA38,IF($AH38<>"",$AH38,"")) | N38: =IF($U38<>"",$U38-$AB38,IF($AI38<>"",$AI38,"")) | O38: =IF($V38<>"",$V38-$AC38,IF($AJ38<>"",$AJ38,"")) | W38: =IF($A38="","",IF($W37="","",$W37)) | X38: =IF($A38="","",IFERROR(IF(OR($Z38="",$Z37="",$X37="",($Z37-IF($W37="",0,$W37))=0),IF($X37="","",$X37),($Z38-IF($W38="",0,$W38))+($X37-($Z37-IF($W37="",0,$W37)))*(1+2*(($Z38-IF($W38="",0,$W38))/($Z37-IF($W37="",0,$W37))-1))),IF($X37="","",$X37))) | Y38: =IF($A38="","",IFERROR(IF(OR($S38="",$S37="",$Y37="",$S37=0),IF($Y37="","",$Y37),$S38+($Y37-$S37)*(1+2*($S38/$S37-1))),IF($Y37="","",$Y37))) | Z38: =IF($S38="","",$S38+IF($U38="",0,$U38)+IF($V38="",0,$V38)) | AA38: =SUMIFS('09_CF_원금'!$E$6:$E$92,'09_CF_원금'!$D$6:$D$92,"국장",'09_CF_원금'!$A$6:$A$92,"<="&$A38)-SUMIFS('09_CF_원금'!$E$6:$E$92,'09_CF_원금'!$C$6:$C$92,"국장",'09_CF_원금'!$A$6:$A$92,"<="&$A38) -> 198000000 | AB38: =SUMIFS('09_CF_원금'!$E$6:$E$92,'09_CF_원금'!$D$6:$D$92,"미장",'09_CF_원금'!$A$6:$A$92,"<="&$A38)-SUMIFS('09_CF_원금'!$E$6:$E$92,'09_CF_원금'!$C$6:$C$92,"미장",'09_CF_원금'!$A$6:$A$92,"<="&$A38) -> 110000000 | AC38: =SUMIFS('09_CF_원금'!$E$6:$E$92,'09_CF_원금'!$D$6:$D$92,"ISA",'09_CF_원금'!$A$6:$A$92,"<="&$A38)-SUMIFS('09_CF_원금'!$E$6:$E$92,'09_CF_원금'!$C$6:$C$92,"ISA",'09_CF_원금'!$A$6:$A$92,"<="&$A38) -> 40000000 | AD38: =IF($A38="","",$AA38+$AB38+$AC38+SUMIFS('09_CF_원금'!$E$6:$E$92,'09_CF_원금'!$D$6:$D$92,"중국",'09_CF_원금'!$A$6:$A$92,"<="&$A38)-SUMIFS('09_CF_원금'!$E$6:$E$92,'09_CF_원금'!$C$6:$C$92,"중국",'09_CF_원금'!$A$6:$A$92,"<="&$A38)) -> 348000000 | AE38: =IF($B38="","",MAX($B$5:$B38)) | AK38: =IF($A38="","",YEAR($A38)*100+MONTH($A38)) -> 202602 | AL38: =IF($P38="","",IF($P38="😱 극도의 공포",-2,IF($P38="😨 공포",-1,IF($P38="😐 평온",0,IF($P38="😃 탐욕",1,IF($P38="🤑 극도의 탐욕",2,""))))))
A39: 46056 | B39: =IF($A39="","",IF(AND($T39<>"",$U39<>"",$V39<>""),$T39+$U39+$V39,IF(AND($Z39<>"",$G39<>""),$Z39-$G39,IF($AG39<>"",$AD39+$AG39,"")))) | C39: =IF($B39="","",IFERROR($B39-LOOKUP(2,1/($B$5:$B38<>""),$B$5:$B38),"")) | D39: =IF(OR($B39="",$AD39=""),"",$B39-$AD39) | E39: =IF(OR($B39="",$AE39=0,$AE39=""),"",MIN(0,$B39/$AE39-1)) | F39: =IF(OR($Y39="",$Y39=0,$G39="",$G39=0),"",($S39-$G39*'03_포지션'!$B$13)/$Y39) | G39: =IF(OR($S39="",$T39=""),"",$S39-$T39) | H39: =IF(OR($X39="",$Z39=""),"",$X39-($Z39-IF($W39="",0,$W39))) | I39: =IF(OR($G39="",$H39=""),"",$G39+$H39) | J39: =IF(OR($I39="",'09_CF_원금'!$B$108=0),"",$I39/'09_CF_원금'!$B$108) | K39: =IF(OR($X39="",$X39=0,$I39=""),"",$I39/$X39) | L39: =IF(OR($W39="",$X39=""),"",$W39/($X39+$W39)) | M39: =IF($T39<>"",$T39-$AA39,IF($AH39<>"",$AH39,"")) | N39: =IF($U39<>"",$U39-$AB39,IF($AI39<>"",$AI39,"")) | O39: =IF($V39<>"",$V39-$AC39,IF($AJ39<>"",$AJ39,"")) | W39: =IF($A39="","",IF($W38="","",$W38)) | X39: =IF($A39="","",IFERROR(IF(OR($Z39="",$Z38="",$X38="",($Z38-IF($W38="",0,$W38))=0),IF($X38="","",$X38),($Z39-IF($W39="",0,$W39))+($X38-($Z38-IF($W38="",0,$W38)))*(1+2*(($Z39-IF($W39="",0,$W39))/($Z38-IF($W38="",0,$W38))-1))),IF($X38="","",$X38))) | Y39: =IF($A39="","",IFERROR(IF(OR($S39="",$S38="",$Y38="",$S38=0),IF($Y38="","",$Y38),$S39+($Y38-$S38)*(1+2*($S39/$S38-1))),IF($Y38="","",$Y38))) | Z39: =IF($S39="","",$S39+IF($U39="",0,$U39)+IF($V39="",0,$V39)) | AA39: =SUMIFS('09_CF_원금'!$E$6:$E$92,'09_CF_원금'!$D$6:$D$92,"국장",'09_CF_원금'!$A$6:$A$92,"<="&$A39)-SUMIFS('09_CF_원금'!$E$6:$E$92,'09_CF_원금'!$C$6:$C$92,"국장",'09_CF_원금'!$A$6:$A$92,"<="&$A39) -> 198000000 | AB39: =SUMIFS('09_CF_원금'!$E$6:$E$92,'09_CF_원금'!$D$6:$D$92,"미장",'09_CF_원금'!$A$6:$A$92,"<="&$A39)-SUMIFS('09_CF_원금'!$E$6:$E$92,'09_CF_원금'!$C$6:$C$92,"미장",'09_CF_원금'!$A$6:$A$92,"<="&$A39) -> 110000000 | AC39: =SUMIFS('09_CF_원금'!$E$6:$E$92,'09_CF_원금'!$D$6:$D$92,"ISA",'09_CF_원금'!$A$6:$A$92,"<="&$A39)-SUMIFS('09_CF_원금'!$E$6:$E$92,'09_CF_원금'!$C$6:$C$92,"ISA",'09_CF_원금'!$A$6:$A$92,"<="&$A39) -> 40000000 | AD39: =IF($A39="","",$AA39+$AB39+$AC39+SUMIFS('09_CF_원금'!$E$6:$E$92,'09_CF_원금'!$D$6:$D$92,"중국",'09_CF_원금'!$A$6:$A$92,"<="&$A39)-SUMIFS('09_CF_원금'!$E$6:$E$92,'09_CF_원금'!$C$6:$C$92,"중국",'09_CF_원금'!$A$6:$A$92,"<="&$A39)) -> 348000000 | AE39: =IF($B39="","",MAX($B$5:$B39)) | AK39: =IF($A39="","",YEAR($A39)*100+MONTH($A39)) -> 202602 | AL39: =IF($P39="","",IF($P39="😱 극도의 공포",-2,IF($P39="😨 공포",-1,IF($P39="😐 평온",0,IF($P39="😃 탐욕",1,IF($P39="🤑 극도의 탐욕",2,""))))))
A40: 46057 | B40: =IF($A40="","",IF(AND($T40<>"",$U40<>"",$V40<>""),$T40+$U40+$V40,IF(AND($Z40<>"",$G40<>""),$Z40-$G40,IF($AG40<>"",$AD40+$AG40,"")))) | C40: =IF($B40="","",IFERROR($B40-LOOKUP(2,1/($B$5:$B39<>""),$B$5:$B39),"")) | D40: =IF(OR($B40="",$AD40=""),"",$B40-$AD40) | E40: =IF(OR($B40="",$AE40=0,$AE40=""),"",MIN(0,$B40/$AE40-1)) | F40: =IF(OR($Y40="",$Y40=0,$G40="",$G40=0),"",($S40-$G40*'03_포지션'!$B$13)/$Y40) | G40: =IF(OR($S40="",$T40=""),"",$S40-$T40) | H40: =IF(OR($X40="",$Z40=""),"",$X40-($Z40-IF($W40="",0,$W40))) | I40: =IF(OR($G40="",$H40=""),"",$G40+$H40) | J40: =IF(OR($I40="",'09_CF_원금'!$B$108=0),"",$I40/'09_CF_원금'!$B$108) | K40: =IF(OR($X40="",$X40=0,$I40=""),"",$I40/$X40) | L40: =IF(OR($W40="",$X40=""),"",$W40/($X40+$W40)) | M40: =IF($T40<>"",$T40-$AA40,IF($AH40<>"",$AH40,"")) | N40: =IF($U40<>"",$U40-$AB40,IF($AI40<>"",$AI40,"")) | O40: =IF($V40<>"",$V40-$AC40,IF($AJ40<>"",$AJ40,"")) | W40: =IF($A40="","",IF($W39="","",$W39)) | X40: =IF($A40="","",IFERROR(IF(OR($Z40="",$Z39="",$X39="",($Z39-IF($W39="",0,$W39))=0),IF($X39="","",$X39),($Z40-IF($W40="",0,$W40))+($X39-($Z39-IF($W39="",0,$W39)))*(1+2*(($Z40-IF($W40="",0,$W40))/($Z39-IF($W39="",0,$W39))-1))),IF($X39="","",$X39))) | Y40: =IF($A40="","",IFERROR(IF(OR($S40="",$S39="",$Y39="",$S39=0),IF($Y39="","",$Y39),$S40+($Y39-$S39)*(1+2*($S40/$S39-1))),IF($Y39="","",$Y39))) | Z40: =IF($S40="","",$S40+IF($U40="",0,$U40)+IF($V40="",0,$V40)) | AA40: =SUMIFS('09_CF_원금'!$E$6:$E$92,'09_CF_원금'!$D$6:$D$92,"국장",'09_CF_원금'!$A$6:$A$92,"<="&$A40)-SUMIFS('09_CF_원금'!$E$6:$E$92,'09_CF_원금'!$C$6:$C$92,"국장",'09_CF_원금'!$A$6:$A$92,"<="&$A40) -> 198000000 | AB40: =SUMIFS('09_CF_원금'!$E$6:$E$92,'09_CF_원금'!$D$6:$D$92,"미장",'09_CF_원금'!$A$6:$A$92,"<="&$A40)-SUMIFS('09_CF_원금'!$E$6:$E$92,'09_CF_원금'!$C$6:$C$92,"미장",'09_CF_원금'!$A$6:$A$92,"<="&$A40) -> 110000000 | AC40: =SUMIFS('09_CF_원금'!$E$6:$E$92,'09_CF_원금'!$D$6:$D$92,"ISA",'09_CF_원금'!$A$6:$A$92,"<="&$A40)-SUMIFS('09_CF_원금'!$E$6:$E$92,'09_CF_원금'!$C$6:$C$92,"ISA",'09_CF_원금'!$A$6:$A$92,"<="&$A40) -> 40000000 | AD40: =IF($A40="","",$AA40+$AB40+$AC40+SUMIFS('09_CF_원금'!$E$6:$E$92,'09_CF_원금'!$D$6:$D$92,"중국",'09_CF_원금'!$A$6:$A$92,"<="&$A40)-SUMIFS('09_CF_원금'!$E$6:$E$92,'09_CF_원금'!$C$6:$C$92,"중국",'09_CF_원금'!$A$6:$A$92,"<="&$A40)) -> 348000000 | AE40: =IF($B40="","",MAX($B$5:$B40)) | AK40: =IF($A40="","",YEAR($A40)*100+MONTH($A40)) -> 202602 | AL40: =IF($P40="","",IF($P40="😱 극도의 공포",-2,IF($P40="😨 공포",-1,IF($P40="😐 평온",0,IF($P40="😃 탐욕",1,IF($P40="🤑 극도의 탐욕",2,""))))))
A41: 46058 | B41: =IF($A41="","",IF(AND($T41<>"",$U41<>"",$V41<>""),$T41+$U41+$V41,IF(AND($Z41<>"",$G41<>""),$Z41-$G41,IF($AG41<>"",$AD41+$AG41,"")))) | C41: =IF($B41="","",IFERROR($B41-LOOKUP(2,1/($B$5:$B40<>""),$B$5:$B40),"")) | D41: =IF(OR($B41="",$AD41=""),"",$B41-$AD41) | E41: =IF(OR($B41="",$AE41=0,$AE41=""),"",MIN(0,$B41/$AE41-1)) | F41: =IF(OR($Y41="",$Y41=0,$G41="",$G41=0),"",($S41-$G41*'03_포지션'!$B$13)/$Y41) | G41: =IF(OR($S41="",$T41=""),"",$S41-$T41) | H41: =IF(OR($X41="",$Z41=""),"",$X41-($Z41-IF($W41="",0,$W41))) | I41: =IF(OR($G41="",$H41=""),"",$G41+$H41) | J41: =IF(OR($I41="",'09_CF_원금'!$B$108=0),"",$I41/'09_CF_원금'!$B$108) | K41: =IF(OR($X41="",$X41=0,$I41=""),"",$I41/$X41) | L41: =IF(OR($W41="",$X41=""),"",$W41/($X41+$W41)) | M41: =IF($T41<>"",$T41-$AA41,IF($AH41<>"",$AH41,"")) | N41: =IF($U41<>"",$U41-$AB41,IF($AI41<>"",$AI41,"")) | O41: =IF($V41<>"",$V41-$AC41,IF($AJ41<>"",$AJ41,"")) | W41: =IF($A41="","",IF($W40="","",$W40)) | X41: =IF($A41="","",IFERROR(IF(OR($Z41="",$Z40="",$X40="",($Z40-IF($W40="",0,$W40))=0),IF($X40="","",$X40),($Z41-IF($W41="",0,$W41))+($X40-($Z40-IF($W40="",0,$W40)))*(1+2*(($Z41-IF($W41="",0,$W41))/($Z40-IF($W40="",0,$W40))-1))),IF($X40="","",$X40))) | Y41: =IF($A41="","",IFERROR(IF(OR($S41="",$S40="",$Y40="",$S40=0),IF($Y40="","",$Y40),$S41+($Y40-$S40)*(1+2*($S41/$S40-1))),IF($Y40="","",$Y40))) | Z41: =IF($S41="","",$S41+IF($U41="",0,$U41)+IF($V41="",0,$V41)) | AA41: =SUMIFS('09_CF_원금'!$E$6:$E$92,'09_CF_원금'!$D$6:$D$92,"국장",'09_CF_원금'!$A$6:$A$92,"<="&$A41)-SUMIFS('09_CF_원금'!$E$6:$E$92,'09_CF_원금'!$C$6:$C$92,"국장",'09_CF_원금'!$A$6:$A$92,"<="&$A41) -> 198000000 | AB41: =SUMIFS('09_CF_원금'!$E$6:$E$92,'09_CF_원금'!$D$6:$D$92,"미장",'09_CF_원금'!$A$6:$A$92,"<="&$A41)-SUMIFS('09_CF_원금'!$E$6:$E$92,'09_CF_원금'!$C$6:$C$92,"미장",'09_CF_원금'!$A$6:$A$92,"<="&$A41) -> 110000000 | AC41: =SUMIFS('09_CF_원금'!$E$6:$E$92,'09_CF_원금'!$D$6:$D$92,"ISA",'09_CF_원금'!$A$6:$A$92,"<="&$A41)-SUMIFS('09_CF_원금'!$E$6:$E$92,'09_CF_원금'!$C$6:$C$92,"ISA",'09_CF_원금'!$A$6:$A$92,"<="&$A41) -> 40000000 | AD41: =IF($A41="","",$AA41+$AB41+$AC41+SUMIFS('09_CF_원금'!$E$6:$E$92,'09_CF_원금'!$D$6:$D$92,"중국",'09_CF_원금'!$A$6:$A$92,"<="&$A41)-SUMIFS('09_CF_원금'!$E$6:$E$92,'09_CF_원금'!$C$6:$C$92,"중국",'09_CF_원금'!$A$6:$A$92,"<="&$A41)) -> 348000000 | AE41: =IF($B41="","",MAX($B$5:$B41)) | AK41: =IF($A41="","",YEAR($A41)*100+MONTH($A41)) -> 202602 | AL41: =IF($P41="","",IF($P41="😱 극도의 공포",-2,IF($P41="😨 공포",-1,IF($P41="😐 평온",0,IF($P41="😃 탐욕",1,IF($P41="🤑 극도의 탐욕",2,""))))))
A42: 46059 | B42: =IF($A42="","",IF(AND($T42<>"",$U42<>"",$V42<>""),$T42+$U42+$V42,IF(AND($Z42<>"",$G42<>""),$Z42-$G42,IF($AG42<>"",$AD42+$AG42,"")))) -> 514028654 | C42: =IF($B42="","",IFERROR($B42-LOOKUP(2,1/($B$5:$B41<>""),$B$5:$B41),"")) | D42: =IF(OR($B42="",$AD42=""),"",$B42-$AD42) -> 166028654 | E42: =IF(OR($B42="",$AE42=0,$AE42=""),"",MIN(0,$B42/$AE42-1)) -> -0.13575513 | F42: =IF(OR($Y42="",$Y42=0,$G42="",$G42=0),"",($S42-$G42*'03_포지션'!$B$13)/$Y42) | G42: =IF(OR($S42="",$T42=""),"",$S42-$T42) | H42: =IF(OR($X42="",$Z42=""),"",$X42-($Z42-IF($W42="",0,$W42))) | I42: =IF(OR($G42="",$H42=""),"",$G42+$H42) | J42: =IF(OR($I42="",'09_CF_원금'!$B$108=0),"",$I42/'09_CF_원금'!$B$108) | K42: =IF(OR($X42="",$X42=0,$I42=""),"",$I42/$X42) | L42: =IF(OR($W42="",$X42=""),"",$W42/($X42+$W42)) | M42: =IF($T42<>"",$T42-$AA42,IF($AH42<>"",$AH42,"")) -> 124694738 | N42: =IF($U42<>"",$U42-$AB42,IF($AI42<>"",$AI42,"")) -> 33660643 | O42: =IF($V42<>"",$V42-$AC42,IF($AJ42<>"",$AJ42,"")) -> 7673273 | R42: 고용데이터 악화, 위험자산 기피 | W42: =IF($A42="","",IF($W41="","",$W41)) | X42: =IF($A42="","",IFERROR(IF(OR($Z42="",$Z41="",$X41="",($Z41-IF($W41="",0,$W41))=0),IF($X41="","",$X41),($Z42-IF($W42="",0,$W42))+($X41-($Z41-IF($W41="",0,$W41)))*(1+2*(($Z42-IF($W42="",0,$W42))/($Z41-IF($W41="",0,$W41))-1))),IF($X41="","",$X41))) | Y42: =IF($A42="","",IFERROR(IF(OR($S42="",$S41="",$Y41="",$S41=0),IF($Y41="","",$Y41),$S42+($Y41-$S41)*(1+2*($S42/$S41-1))),IF($Y41="","",$Y41))) | Z42: =IF($S42="","",$S42+IF($U42="",0,$U42)+IF($V42="",0,$V42)) | AA42: =SUMIFS('09_CF_원금'!$E$6:$E$92,'09_CF_원금'!$D$6:$D$92,"국장",'09_CF_원금'!$A$6:$A$92,"<="&$A42)-SUMIFS('09_CF_원금'!$E$6:$E$92,'09_CF_원금'!$C$6:$C$92,"국장",'09_CF_원금'!$A$6:$A$92,"<="&$A42) -> 198000000 | AB42: =SUMIFS('09_CF_원금'!$E$6:$E$92,'09_CF_원금'!$D$6:$D$92,"미장",'09_CF_원금'!$A$6:$A$92,"<="&$A42)-SUMIFS('09_CF_원금'!$E$6:$E$92,'09_CF_원금'!$C$6:$C$92,"미장",'09_CF_원금'!$A$6:$A$92,"<="&$A42) -> 110000000 | AC42: =SUMIFS('09_CF_원금'!$E$6:$E$92,'09_CF_원금'!$D$6:$D$92,"ISA",'09_CF_원금'!$A$6:$A$92,"<="&$A42)-SUMIFS('09_CF_원금'!$E$6:$E$92,'09_CF_원금'!$C$6:$C$92,"ISA",'09_CF_원금'!$A$6:$A$92,"<="&$A42) -> 40000000 | AD42: =IF($A42="","",$AA42+$AB42+$AC42+SUMIFS('09_CF_원금'!$E$6:$E$92,'09_CF_원금'!$D$6:$D$92,"중국",'09_CF_원금'!$A$6:$A$92,"<="&$A42)-SUMIFS('09_CF_원금'!$E$6:$E$92,'09_CF_원금'!$C$6:$C$92,"중국",'09_CF_원금'!$A$6:$A$92,"<="&$A42)) -> 348000000 | AE42: =IF($B42="","",MAX($B$5:$B42)) -> 594772002 | AF42: 25163 | AG42: 166028654 | AH42: 124694738 | AI42: 33660643 | AJ42: 7673273 | AK42: =IF($A42="","",YEAR($A42)*100+MONTH($A42)) -> 202602 | AL42: =IF($P42="","",IF($P42="😱 극도의 공포",-2,IF($P42="😨 공포",-1,IF($P42="😐 평온",0,IF($P42="😃 탐욕",1,IF($P42="🤑 극도의 탐욕",2,""))))))
A43: 46062 | B43: =IF($A43="","",IF(AND($T43<>"",$U43<>"",$V43<>""),$T43+$U43+$V43,IF(AND($Z43<>"",$G43<>""),$Z43-$G43,IF($AG43<>"",$AD43+$AG43,"")))) | C43: =IF($B43="","",IFERROR($B43-LOOKUP(2,1/($B$5:$B42<>""),$B$5:$B42),"")) | D43: =IF(OR($B43="",$AD43=""),"",$B43-$AD43) | E43: =IF(OR($B43="",$AE43=0,$AE43=""),"",MIN(0,$B43/$AE43-1)) | F43: =IF(OR($Y43="",$Y43=0,$G43="",$G43=0),"",($S43-$G43*'03_포지션'!$B$13)/$Y43) | G43: =IF(OR($S43="",$T43=""),"",$S43-$T43) | H43: =IF(OR($X43="",$Z43=""),"",$X43-($Z43-IF($W43="",0,$W43))) | I43: =IF(OR($G43="",$H43=""),"",$G43+$H43) | J43: =IF(OR($I43="",'09_CF_원금'!$B$108=0),"",$I43/'09_CF_원금'!$B$108) | K43: =IF(OR($X43="",$X43=0,$I43=""),"",$I43/$X43) | L43: =IF(OR($W43="",$X43=""),"",$W43/($X43+$W43)) | M43: =IF($T43<>"",$T43-$AA43,IF($AH43<>"",$AH43,"")) | N43: =IF($U43<>"",$U43-$AB43,IF($AI43<>"",$AI43,"")) | O43: =IF($V43<>"",$V43-$AC43,IF($AJ43<>"",$AJ43,"")) | W43: =IF($A43="","",IF($W42="","",$W42)) | X43: =IF($A43="","",IFERROR(IF(OR($Z43="",$Z42="",$X42="",($Z42-IF($W42="",0,$W42))=0),IF($X42="","",$X42),($Z43-IF($W43="",0,$W43))+($X42-($Z42-IF($W42="",0,$W42)))*(1+2*(($Z43-IF($W43="",0,$W43))/($Z42-IF($W42="",0,$W42))-1))),IF($X42="","",$X42))) | Y43: =IF($A43="","",IFERROR(IF(OR($S43="",$S42="",$Y42="",$S42=0),IF($Y42="","",$Y42),$S43+($Y42-$S42)*(1+2*($S43/$S42-1))),IF($Y42="","",$Y42))) | Z43: =IF($S43="","",$S43+IF($U43="",0,$U43)+IF($V43="",0,$V43)) | AA43: =SUMIFS('09_CF_원금'!$E$6:$E$92,'09_CF_원금'!$D$6:$D$92,"국장",'09_CF_원금'!$A$6:$A$92,"<="&$A43)-SUMIFS('09_CF_원금'!$E$6:$E$92,'09_CF_원금'!$C$6:$C$92,"국장",'09_CF_원금'!$A$6:$A$92,"<="&$A43) -> 198000000 | AB43: =SUMIFS('09_CF_원금'!$E$6:$E$92,'09_CF_원금'!$D$6:$D$92,"미장",'09_CF_원금'!$A$6:$A$92,"<="&$A43)-SUMIFS('09_CF_원금'!$E$6:$E$92,'09_CF_원금'!$C$6:$C$92,"미장",'09_CF_원금'!$A$6:$A$92,"<="&$A43) -> 110000000 | AC43: =SUMIFS('09_CF_원금'!$E$6:$E$92,'09_CF_원금'!$D$6:$D$92,"ISA",'09_CF_원금'!$A$6:$A$92,"<="&$A43)-SUMIFS('09_CF_원금'!$E$6:$E$92,'09_CF_원금'!$C$6:$C$92,"ISA",'09_CF_원금'!$A$6:$A$92,"<="&$A43) -> 40000000 | AD43: =IF($A43="","",$AA43+$AB43+$AC43+SUMIFS('09_CF_원금'!$E$6:$E$92,'09_CF_원금'!$D$6:$D$92,"중국",'09_CF_원금'!$A$6:$A$92,"<="&$A43)-SUMIFS('09_CF_원금'!$E$6:$E$92,'09_CF_원금'!$C$6:$C$92,"중국",'09_CF_원금'!$A$6:$A$92,"<="&$A43)) -> 348000000 | AE43: =IF($B43="","",MAX($B$5:$B43)) | AK43: =IF($A43="","",YEAR($A43)*100+MONTH($A43)) -> 202602 | AL43: =IF($P43="","",IF($P43="😱 극도의 공포",-2,IF($P43="😨 공포",-1,IF($P43="😐 평온",0,IF($P43="😃 탐욕",1,IF($P43="🤑 극도의 탐욕",2,""))))))
A44: 46063 | B44: =IF($A44="","",IF(AND($T44<>"",$U44<>"",$V44<>""),$T44+$U44+$V44,IF(AND($Z44<>"",$G44<>""),$Z44-$G44,IF($AG44<>"",$AD44+$AG44,"")))) | C44: =IF($B44="","",IFERROR($B44-LOOKUP(2,1/($B$5:$B43<>""),$B$5:$B43),"")) | D44: =IF(OR($B44="",$AD44=""),"",$B44-$AD44) | E44: =IF(OR($B44="",$AE44=0,$AE44=""),"",MIN(0,$B44/$AE44-1)) | F44: =IF(OR($Y44="",$Y44=0,$G44="",$G44=0),"",($S44-$G44*'03_포지션'!$B$13)/$Y44) | G44: =IF(OR($S44="",$T44=""),"",$S44-$T44) | H44: =IF(OR($X44="",$Z44=""),"",$X44-($Z44-IF($W44="",0,$W44))) | I44: =IF(OR($G44="",$H44=""),"",$G44+$H44) | J44: =IF(OR($I44="",'09_CF_원금'!$B$108=0),"",$I44/'09_CF_원금'!$B$108) | K44: =IF(OR($X44="",$X44=0,$I44=""),"",$I44/$X44) | L44: =IF(OR($W44="",$X44=""),"",$W44/($X44+$W44)) | M44: =IF($T44<>"",$T44-$AA44,IF($AH44<>"",$AH44,"")) | N44: =IF($U44<>"",$U44-$AB44,IF($AI44<>"",$AI44,"")) | O44: =IF($V44<>"",$V44-$AC44,IF($AJ44<>"",$AJ44,"")) | W44: =IF($A44="","",IF($W43="","",$W43)) | X44: =IF($A44="","",IFERROR(IF(OR($Z44="",$Z43="",$X43="",($Z43-IF($W43="",0,$W43))=0),IF($X43="","",$X43),($Z44-IF($W44="",0,$W44))+($X43-($Z43-IF($W43="",0,$W43)))*(1+2*(($Z44-IF($W44="",0,$W44))/($Z43-IF($W43="",0,$W43))-1))),IF($X43="","",$X43))) | Y44: =IF($A44="","",IFERROR(IF(OR($S44="",$S43="",$Y43="",$S43=0),IF($Y43="","",$Y43),$S44+($Y43-$S43)*(1+2*($S44/$S43-1))),IF($Y43="","",$Y43))) | Z44: =IF($S44="","",$S44+IF($U44="",0,$U44)+IF($V44="",0,$V44)) | AA44: =SUMIFS('09_CF_원금'!$E$6:$E$92,'09_CF_원금'!$D$6:$D$92,"국장",'09_CF_원금'!$A$6:$A$92,"<="&$A44)-SUMIFS('09_CF_원금'!$E$6:$E$92,'09_CF_원금'!$C$6:$C$92,"국장",'09_CF_원금'!$A$6:$A$92,"<="&$A44) -> 198000000 | AB44: =SUMIFS('09_CF_원금'!$E$6:$E$92,'09_CF_원금'!$D$6:$D$92,"미장",'09_CF_원금'!$A$6:$A$92,"<="&$A44)-SUMIFS('09_CF_원금'!$E$6:$E$92,'09_CF_원금'!$C$6:$C$92,"미장",'09_CF_원금'!$A$6:$A$92,"<="&$A44) -> 110000000 | AC44: =SUMIFS('09_CF_원금'!$E$6:$E$92,'09_CF_원금'!$D$6:$D$92,"ISA",'09_CF_원금'!$A$6:$A$92,"<="&$A44)-SUMIFS('09_CF_원금'!$E$6:$E$92,'09_CF_원금'!$C$6:$C$92,"ISA",'09_CF_원금'!$A$6:$A$92,"<="&$A44) -> 40000000 | AD44: =IF($A44="","",$AA44+$AB44+$AC44+SUMIFS('09_CF_원금'!$E$6:$E$92,'09_CF_원금'!$D$6:$D$92,"중국",'09_CF_원금'!$A$6:$A$92,"<="&$A44)-SUMIFS('09_CF_원금'!$E$6:$E$92,'09_CF_원금'!$C$6:$C$92,"중국",'09_CF_원금'!$A$6:$A$92,"<="&$A44)) -> 348000000 | AE44: =IF($B44="","",MAX($B$5:$B44)) | AK44: =IF($A44="","",YEAR($A44)*100+MONTH($A44)) -> 202602 | AL44: =IF($P44="","",IF($P44="😱 극도의 공포",-2,IF($P44="😨 공포",-1,IF($P44="😐 평온",0,IF($P44="😃 탐욕",1,IF($P44="🤑 극도의 탐욕",2,""))))))
A45: 46064 | B45: =IF($A45="","",IF(AND($T45<>"",$U45<>"",$V45<>""),$T45+$U45+$V45,IF(AND($Z45<>"",$G45<>""),$Z45-$G45,IF($AG45<>"",$AD45+$AG45,"")))) | C45: =IF($B45="","",IFERROR($B45-LOOKUP(2,1/($B$5:$B44<>""),$B$5:$B44),"")) | D45: =IF(OR($B45="",$AD45=""),"",$B45-$AD45) | E45: =IF(OR($B45="",$AE45=0,$AE45=""),"",MIN(0,$B45/$AE45-1)) | F45: =IF(OR($Y45="",$Y45=0,$G45="",$G45=0),"",($S45-$G45*'03_포지션'!$B$13)/$Y45) | G45: =IF(OR($S45="",$T45=""),"",$S45-$T45) | H45: =IF(OR($X45="",$Z45=""),"",$X45-($Z45-IF($W45="",0,$W45))) | I45: =IF(OR($G45="",$H45=""),"",$G45+$H45) | J45: =IF(OR($I45="",'09_CF_원금'!$B$108=0),"",$I45/'09_CF_원금'!$B$108) | K45: =IF(OR($X45="",$X45=0,$I45=""),"",$I45/$X45) | L45: =IF(OR($W45="",$X45=""),"",$W45/($X45+$W45)) | M45: =IF($T45<>"",$T45-$AA45,IF($AH45<>"",$AH45,"")) | N45: =IF($U45<>"",$U45-$AB45,IF($AI45<>"",$AI45,"")) | O45: =IF($V45<>"",$V45-$AC45,IF($AJ45<>"",$AJ45,"")) | W45: =IF($A45="","",IF($W44="","",$W44)) | X45: =IF($A45="","",IFERROR(IF(OR($Z45="",$Z44="",$X44="",($Z44-IF($W44="",0,$W44))=0),IF($X44="","",$X44),($Z45-IF($W45="",0,$W45))+($X44-($Z44-IF($W44="",0,$W44)))*(1+2*(($Z45-IF($W45="",0,$W45))/($Z44-IF($W44="",0,$W44))-1))),IF($X44="","",$X44))) | Y45: =IF($A45="","",IFERROR(IF(OR($S45="",$S44="",$Y44="",$S44=0),IF($Y44="","",$Y44),$S45+($Y44-$S44)*(1+2*($S45/$S44-1))),IF($Y44="","",$Y44))) | Z45: =IF($S45="","",$S45+IF($U45="",0,$U45)+IF($V45="",0,$V45)) | AA45: =SUMIFS('09_CF_원금'!$E$6:$E$92,'09_CF_원금'!$D$6:$D$92,"국장",'09_CF_원금'!$A$6:$A$92,"<="&$A45)-SUMIFS('09_CF_원금'!$E$6:$E$92,'09_CF_원금'!$C$6:$C$92,"국장",'09_CF_원금'!$A$6:$A$92,"<="&$A45) -> 198000000 | AB45: =SUMIFS('09_CF_원금'!$E$6:$E$92,'09_CF_원금'!$D$6:$D$92,"미장",'09_CF_원금'!$A$6:$A$92,"<="&$A45)-SUMIFS('09_CF_원금'!$E$6:$E$92,'09_CF_원금'!$C$6:$C$92,"미장",'09_CF_원금'!$A$6:$A$92,"<="&$A45) -> 110000000 | AC45: =SUMIFS('09_CF_원금'!$E$6:$E$92,'09_CF_원금'!$D$6:$D$92,"ISA",'09_CF_원금'!$A$6:$A$92,"<="&$A45)-SUMIFS('09_CF_원금'!$E$6:$E$92,'09_CF_원금'!$C$6:$C$92,"ISA",'09_CF_원금'!$A$6:$A$92,"<="&$A45) -> 40000000 | AD45: =IF($A45="","",$AA45+$AB45+$AC45+SUMIFS('09_CF_원금'!$E$6:$E$92,'09_CF_원금'!$D$6:$D$92,"중국",'09_CF_원금'!$A$6:$A$92,"<="&$A45)-SUMIFS('09_CF_원금'!$E$6:$E$92,'09_CF_원금'!$C$6:$C$92,"중국",'09_CF_원금'!$A$6:$A$92,"<="&$A45)) -> 348000000 | AE45: =IF($B45="","",MAX($B$5:$B45)) | AK45: =IF($A45="","",YEAR($A45)*100+MONTH($A45)) -> 202602 | AL45: =IF($P45="","",IF($P45="😱 극도의 공포",-2,IF($P45="😨 공포",-1,IF($P45="😐 평온",0,IF($P45="😃 탐욕",1,IF($P45="🤑 극도의 탐욕",2,""))))))
A46: 46065 | B46: =IF($A46="","",IF(AND($T46<>"",$U46<>"",$V46<>""),$T46+$U46+$V46,IF(AND($Z46<>"",$G46<>""),$Z46-$G46,IF($AG46<>"",$AD46+$AG46,"")))) | C46: =IF($B46="","",IFERROR($B46-LOOKUP(2,1/($B$5:$B45<>""),$B$5:$B45),"")) | D46: =IF(OR($B46="",$AD46=""),"",$B46-$AD46) | E46: =IF(OR($B46="",$AE46=0,$AE46=""),"",MIN(0,$B46/$AE46-1)) | F46: =IF(OR($Y46="",$Y46=0,$G46="",$G46=0),"",($S46-$G46*'03_포지션'!$B$13)/$Y46) | G46: =IF(OR($S46="",$T46=""),"",$S46-$T46) | H46: =IF(OR($X46="",$Z46=""),"",$X46-($Z46-IF($W46="",0,$W46))) | I46: =IF(OR($G46="",$H46=""),"",$G46+$H46) | J46: =IF(OR($I46="",'09_CF_원금'!$B$108=0),"",$I46/'09_CF_원금'!$B$108) | K46: =IF(OR($X46="",$X46=0,$I46=""),"",$I46/$X46) | L46: =IF(OR($W46="",$X46=""),"",$W46/($X46+$W46)) | M46: =IF($T46<>"",$T46-$AA46,IF($AH46<>"",$AH46,"")) | N46: =IF($U46<>"",$U46-$AB46,IF($AI46<>"",$AI46,"")) | O46: =IF($V46<>"",$V46-$AC46,IF($AJ46<>"",$AJ46,"")) | W46: =IF($A46="","",IF($W45="","",$W45)) | X46: =IF($A46="","",IFERROR(IF(OR($Z46="",$Z45="",$X45="",($Z45-IF($W45="",0,$W45))=0),IF($X45="","",$X45),($Z46-IF($W46="",0,$W46))+($X45-($Z45-IF($W45="",0,$W45)))*(1+2*(($Z46-IF($W46="",0,$W46))/($Z45-IF($W45="",0,$W45))-1))),IF($X45="","",$X45))) | Y46: =IF($A46="","",IFERROR(IF(OR($S46="",$S45="",$Y45="",$S45=0),IF($Y45="","",$Y45),$S46+($Y45-$S45)*(1+2*($S46/$S45-1))),IF($Y45="","",$Y45))) | Z46: =IF($S46="","",$S46+IF($U46="",0,$U46)+IF($V46="",0,$V46)) | AA46: =SUMIFS('09_CF_원금'!$E$6:$E$92,'09_CF_원금'!$D$6:$D$92,"국장",'09_CF_원금'!$A$6:$A$92,"<="&$A46)-SUMIFS('09_CF_원금'!$E$6:$E$92,'09_CF_원금'!$C$6:$C$92,"국장",'09_CF_원금'!$A$6:$A$92,"<="&$A46) -> 198000000 | AB46: =SUMIFS('09_CF_원금'!$E$6:$E$92,'09_CF_원금'!$D$6:$D$92,"미장",'09_CF_원금'!$A$6:$A$92,"<="&$A46)-SUMIFS('09_CF_원금'!$E$6:$E$92,'09_CF_원금'!$C$6:$C$92,"미장",'09_CF_원금'!$A$6:$A$92,"<="&$A46) -> 110000000 | AC46: =SUMIFS('09_CF_원금'!$E$6:$E$92,'09_CF_원금'!$D$6:$D$92,"ISA",'09_CF_원금'!$A$6:$A$92,"<="&$A46)-SUMIFS('09_CF_원금'!$E$6:$E$92,'09_CF_원금'!$C$6:$C$92,"ISA",'09_CF_원금'!$A$6:$A$92,"<="&$A46) -> 40000000 | AD46: =IF($A46="","",$AA46+$AB46+$AC46+SUMIFS('09_CF_원금'!$E$6:$E$92,'09_CF_원금'!$D$6:$D$92,"중국",'09_CF_원금'!$A$6:$A$92,"<="&$A46)-SUMIFS('09_CF_원금'!$E$6:$E$92,'09_CF_원금'!$C$6:$C$92,"중국",'09_CF_원금'!$A$6:$A$92,"<="&$A46)) -> 348000000 | AE46: =IF($B46="","",MAX($B$5:$B46)) | AK46: =IF($A46="","",YEAR($A46)*100+MONTH($A46)) -> 202602 | AL46: =IF($P46="","",IF($P46="😱 극도의 공포",-2,IF($P46="😨 공포",-1,IF($P46="😐 평온",0,IF($P46="😃 탐욕",1,IF($P46="🤑 극도의 탐욕",2,""))))))
A47: 46066 | B47: =IF($A47="","",IF(AND($T47<>"",$U47<>"",$V47<>""),$T47+$U47+$V47,IF(AND($Z47<>"",$G47<>""),$Z47-$G47,IF($AG47<>"",$AD47+$AG47,"")))) -> 545378168 | C47: =IF($B47="","",IFERROR($B47-LOOKUP(2,1/($B$5:$B46<>""),$B$5:$B46),"")) | D47: =IF(OR($B47="",$AD47=""),"",$B47-$AD47) -> 195378168 | E47: =IF(OR($B47="",$AE47=0,$AE47=""),"",MIN(0,$B47/$AE47-1)) -> -0.08304667 | F47: =IF(OR($Y47="",$Y47=0,$G47="",$G47=0),"",($S47-$G47*'03_포지션'!$B$13)/$Y47) | G47: =IF(OR($S47="",$T47=""),"",$S47-$T47) | H47: =IF(OR($X47="",$Z47=""),"",$X47-($Z47-IF($W47="",0,$W47))) | I47: =IF(OR($G47="",$H47=""),"",$G47+$H47) | J47: =IF(OR($I47="",'09_CF_원금'!$B$108=0),"",$I47/'09_CF_원금'!$B$108) | K47: =IF(OR($X47="",$X47=0,$I47=""),"",$I47/$X47) | L47: =IF(OR($W47="",$X47=""),"",$W47/($X47+$W47)) | M47: =IF($T47<>"",$T47-$AA47,IF($AH47<>"",$AH47,"")) -> 159945767 | N47: =IF($U47<>"",$U47-$AB47,IF($AI47<>"",$AI47,"")) -> 27170421 | O47: =IF($V47<>"",$V47-$AC47,IF($AJ47<>"",$AJ47,"")) -> 8261980 | W47: =IF($A47="","",IF($W46="","",$W46)) | X47: =IF($A47="","",IFERROR(IF(OR($Z47="",$Z46="",$X46="",($Z46-IF($W46="",0,$W46))=0),IF($X46="","",$X46),($Z47-IF($W47="",0,$W47))+($X46-($Z46-IF($W46="",0,$W46)))*(1+2*(($Z47-IF($W47="",0,$W47))/($Z46-IF($W46="",0,$W46))-1))),IF($X46="","",$X46))) | Y47: =IF($A47="","",IFERROR(IF(OR($S47="",$S46="",$Y46="",$S46=0),IF($Y46="","",$Y46),$S47+($Y46-$S46)*(1+2*($S47/$S46-1))),IF($Y46="","",$Y46))) | Z47: =IF($S47="","",$S47+IF($U47="",0,$U47)+IF($V47="",0,$V47)) | AA47: =SUMIFS('09_CF_원금'!$E$6:$E$92,'09_CF_원금'!$D$6:$D$92,"국장",'09_CF_원금'!$A$6:$A$92,"<="&$A47)-SUMIFS('09_CF_원금'!$E$6:$E$92,'09_CF_원금'!$C$6:$C$92,"국장",'09_CF_원금'!$A$6:$A$92,"<="&$A47) -> 200000000 | AB47: =SUMIFS('09_CF_원금'!$E$6:$E$92,'09_CF_원금'!$D$6:$D$92,"미장",'09_CF_원금'!$A$6:$A$92,"<="&$A47)-SUMIFS('09_CF_원금'!$E$6:$E$92,'09_CF_원금'!$C$6:$C$92,"미장",'09_CF_원금'!$A$6:$A$92,"<="&$A47) -> 110000000 | AC47: =SUMIFS('09_CF_원금'!$E$6:$E$92,'09_CF_원금'!$D$6:$D$92,"ISA",'09_CF_원금'!$A$6:$A$92,"<="&$A47)-SUMIFS('09_CF_원금'!$E$6:$E$92,'09_CF_원금'!$C$6:$C$92,"ISA",'09_CF_원금'!$A$6:$A$92,"<="&$A47) -> 40000000 | AD47: =IF($A47="","",$AA47+$AB47+$AC47+SUMIFS('09_CF_원금'!$E$6:$E$92,'09_CF_원금'!$D$6:$D$92,"중국",'09_CF_원금'!$A$6:$A$92,"<="&$A47)-SUMIFS('09_CF_원금'!$E$6:$E$92,'09_CF_원금'!$C$6:$C$92,"중국",'09_CF_원금'!$A$6:$A$92,"<="&$A47)) -> 350000000 | AE47: =IF($B47="","",MAX($B$5:$B47)) -> 594772002 | AF47: 24803 | AG47: 195378168 | AH47: 159945767 | AI47: 27170421 | AJ47: 8261980 | AK47: =IF($A47="","",YEAR($A47)*100+MONTH($A47)) -> 202602 | AL47: =IF($P47="","",IF($P47="😱 극도의 공포",-2,IF($P47="😨 공포",-1,IF($P47="😐 평온",0,IF($P47="😃 탐욕",1,IF($P47="🤑 극도의 탐욕",2,""))))))
A48: 46069 | B48: =IF($A48="","",IF(AND($T48<>"",$U48<>"",$V48<>""),$T48+$U48+$V48,IF(AND($Z48<>"",$G48<>""),$Z48-$G48,IF($AG48<>"",$AD48+$AG48,"")))) | C48: =IF($B48="","",IFERROR($B48-LOOKUP(2,1/($B$5:$B47<>""),$B$5:$B47),"")) | D48: =IF(OR($B48="",$AD48=""),"",$B48-$AD48) | E48: =IF(OR($B48="",$AE48=0,$AE48=""),"",MIN(0,$B48/$AE48-1)) | F48: =IF(OR($Y48="",$Y48=0,$G48="",$G48=0),"",($S48-$G48*'03_포지션'!$B$13)/$Y48) | G48: =IF(OR($S48="",$T48=""),"",$S48-$T48) | H48: =IF(OR($X48="",$Z48=""),"",$X48-($Z48-IF($W48="",0,$W48))) | I48: =IF(OR($G48="",$H48=""),"",$G48+$H48) | J48: =IF(OR($I48="",'09_CF_원금'!$B$108=0),"",$I48/'09_CF_원금'!$B$108) | K48: =IF(OR($X48="",$X48=0,$I48=""),"",$I48/$X48) | L48: =IF(OR($W48="",$X48=""),"",$W48/($X48+$W48)) | M48: =IF($T48<>"",$T48-$AA48,IF($AH48<>"",$AH48,"")) | N48: =IF($U48<>"",$U48-$AB48,IF($AI48<>"",$AI48,"")) | O48: =IF($V48<>"",$V48-$AC48,IF($AJ48<>"",$AJ48,"")) | W48: =IF($A48="","",IF($W47="","",$W47)) | X48: =IF($A48="","",IFERROR(IF(OR($Z48="",$Z47="",$X47="",($Z47-IF($W47="",0,$W47))=0),IF($X47="","",$X47),($Z48-IF($W48="",0,$W48))+($X47-($Z47-IF($W47="",0,$W47)))*(1+2*(($Z48-IF($W48="",0,$W48))/($Z47-IF($W47="",0,$W47))-1))),IF($X47="","",$X47))) | Y48: =IF($A48="","",IFERROR(IF(OR($S48="",$S47="",$Y47="",$S47=0),IF($Y47="","",$Y47),$S48+($Y47-$S47)*(1+2*($S48/$S47-1))),IF($Y47="","",$Y47))) | Z48: =IF($S48="","",$S48+IF($U48="",0,$U48)+IF($V48="",0,$V48)) | AA48: =SUMIFS('09_CF_원금'!$E$6:$E$92,'09_CF_원금'!$D$6:$D$92,"국장",'09_CF_원금'!$A$6:$A$92,"<="&$A48)-SUMIFS('09_CF_원금'!$E$6:$E$92,'09_CF_원금'!$C$6:$C$92,"국장",'09_CF_원금'!$A$6:$A$92,"<="&$A48) -> 200000000 | AB48: =SUMIFS('09_CF_원금'!$E$6:$E$92,'09_CF_원금'!$D$6:$D$92,"미장",'09_CF_원금'!$A$6:$A$92,"<="&$A48)-SUMIFS('09_CF_원금'!$E$6:$E$92,'09_CF_원금'!$C$6:$C$92,"미장",'09_CF_원금'!$A$6:$A$92,"<="&$A48) -> 110000000 | AC48: =SUMIFS('09_CF_원금'!$E$6:$E$92,'09_CF_원금'!$D$6:$D$92,"ISA",'09_CF_원금'!$A$6:$A$92,"<="&$A48)-SUMIFS('09_CF_원금'!$E$6:$E$92,'09_CF_원금'!$C$6:$C$92,"ISA",'09_CF_원금'!$A$6:$A$92,"<="&$A48) -> 40000000 | AD48: =IF($A48="","",$AA48+$AB48+$AC48+SUMIFS('09_CF_원금'!$E$6:$E$92,'09_CF_원금'!$D$6:$D$92,"중국",'09_CF_원금'!$A$6:$A$92,"<="&$A48)-SUMIFS('09_CF_원금'!$E$6:$E$92,'09_CF_원금'!$C$6:$C$92,"중국",'09_CF_원금'!$A$6:$A$92,"<="&$A48)) -> 350000000 | AE48: =IF($B48="","",MAX($B$5:$B48)) | AK48: =IF($A48="","",YEAR($A48)*100+MONTH($A48)) -> 202602 | AL48: =IF($P48="","",IF($P48="😱 극도의 공포",-2,IF($P48="😨 공포",-1,IF($P48="😐 평온",0,IF($P48="😃 탐욕",1,IF($P48="🤑 극도의 탐욕",2,""))))))
A49: 46070 | B49: =IF($A49="","",IF(AND($T49<>"",$U49<>"",$V49<>""),$T49+$U49+$V49,IF(AND($Z49<>"",$G49<>""),$Z49-$G49,IF($AG49<>"",$AD49+$AG49,"")))) | C49: =IF($B49="","",IFERROR($B49-LOOKUP(2,1/($B$5:$B48<>""),$B$5:$B48),"")) | D49: =IF(OR($B49="",$AD49=""),"",$B49-$AD49) | E49: =IF(OR($B49="",$AE49=0,$AE49=""),"",MIN(0,$B49/$AE49-1)) | F49: =IF(OR($Y49="",$Y49=0,$G49="",$G49=0),"",($S49-$G49*'03_포지션'!$B$13)/$Y49) | G49: =IF(OR($S49="",$T49=""),"",$S49-$T49) | H49: =IF(OR($X49="",$Z49=""),"",$X49-($Z49-IF($W49="",0,$W49))) | I49: =IF(OR($G49="",$H49=""),"",$G49+$H49) | J49: =IF(OR($I49="",'09_CF_원금'!$B$108=0),"",$I49/'09_CF_원금'!$B$108) | K49: =IF(OR($X49="",$X49=0,$I49=""),"",$I49/$X49) | L49: =IF(OR($W49="",$X49=""),"",$W49/($X49+$W49)) | M49: =IF($T49<>"",$T49-$AA49,IF($AH49<>"",$AH49,"")) | N49: =IF($U49<>"",$U49-$AB49,IF($AI49<>"",$AI49,"")) | O49: =IF($V49<>"",$V49-$AC49,IF($AJ49<>"",$AJ49,"")) | W49: =IF($A49="","",IF($W48="","",$W48)) | X49: =IF($A49="","",IFERROR(IF(OR($Z49="",$Z48="",$X48="",($Z48-IF($W48="",0,$W48))=0),IF($X48="","",$X48),($Z49-IF($W49="",0,$W49))+($X48-($Z48-IF($W48="",0,$W48)))*(1+2*(($Z49-IF($W49="",0,$W49))/($Z48-IF($W48="",0,$W48))-1))),IF($X48="","",$X48))) | Y49: =IF($A49="","",IFERROR(IF(OR($S49="",$S48="",$Y48="",$S48=0),IF($Y48="","",$Y48),$S49+($Y48-$S48)*(1+2*($S49/$S48-1))),IF($Y48="","",$Y48))) | Z49: =IF($S49="","",$S49+IF($U49="",0,$U49)+IF($V49="",0,$V49)) | AA49: =SUMIFS('09_CF_원금'!$E$6:$E$92,'09_CF_원금'!$D$6:$D$92,"국장",'09_CF_원금'!$A$6:$A$92,"<="&$A49)-SUMIFS('09_CF_원금'!$E$6:$E$92,'09_CF_원금'!$C$6:$C$92,"국장",'09_CF_원금'!$A$6:$A$92,"<="&$A49) -> 200000000 | AB49: =SUMIFS('09_CF_원금'!$E$6:$E$92,'09_CF_원금'!$D$6:$D$92,"미장",'09_CF_원금'!$A$6:$A$92,"<="&$A49)-SUMIFS('09_CF_원금'!$E$6:$E$92,'09_CF_원금'!$C$6:$C$92,"미장",'09_CF_원금'!$A$6:$A$92,"<="&$A49) -> 110000000 | AC49: =SUMIFS('09_CF_원금'!$E$6:$E$92,'09_CF_원금'!$D$6:$D$92,"ISA",'09_CF_원금'!$A$6:$A$92,"<="&$A49)-SUMIFS('09_CF_원금'!$E$6:$E$92,'09_CF_원금'!$C$6:$C$92,"ISA",'09_CF_원금'!$A$6:$A$92,"<="&$A49) -> 40000000 | AD49: =IF($A49="","",$AA49+$AB49+$AC49+SUMIFS('09_CF_원금'!$E$6:$E$92,'09_CF_원금'!$D$6:$D$92,"중국",'09_CF_원금'!$A$6:$A$92,"<="&$A49)-SUMIFS('09_CF_원금'!$E$6:$E$92,'09_CF_원금'!$C$6:$C$92,"중국",'09_CF_원금'!$A$6:$A$92,"<="&$A49)) -> 350000000 | AE49: =IF($B49="","",MAX($B$5:$B49)) | AK49: =IF($A49="","",YEAR($A49)*100+MONTH($A49)) -> 202602 | AL49: =IF($P49="","",IF($P49="😱 극도의 공포",-2,IF($P49="😨 공포",-1,IF($P49="😐 평온",0,IF($P49="😃 탐욕",1,IF($P49="🤑 극도의 탐욕",2,""))))))
A50: 46071 | B50: =IF($A50="","",IF(AND($T50<>"",$U50<>"",$V50<>""),$T50+$U50+$V50,IF(AND($Z50<>"",$G50<>""),$Z50-$G50,IF($AG50<>"",$AD50+$AG50,"")))) | C50: =IF($B50="","",IFERROR($B50-LOOKUP(2,1/($B$5:$B49<>""),$B$5:$B49),"")) | D50: =IF(OR($B50="",$AD50=""),"",$B50-$AD50) | E50: =IF(OR($B50="",$AE50=0,$AE50=""),"",MIN(0,$B50/$AE50-1)) | F50: =IF(OR($Y50="",$Y50=0,$G50="",$G50=0),"",($S50-$G50*'03_포지션'!$B$13)/$Y50) | G50: =IF(OR($S50="",$T50=""),"",$S50-$T50) | H50: =IF(OR($X50="",$Z50=""),"",$X50-($Z50-IF($W50="",0,$W50))) | I50: =IF(OR($G50="",$H50=""),"",$G50+$H50) | J50: =IF(OR($I50="",'09_CF_원금'!$B$108=0),"",$I50/'09_CF_원금'!$B$108) | K50: =IF(OR($X50="",$X50=0,$I50=""),"",$I50/$X50) | L50: =IF(OR($W50="",$X50=""),"",$W50/($X50+$W50)) | M50: =IF($T50<>"",$T50-$AA50,IF($AH50<>"",$AH50,"")) | N50: =IF($U50<>"",$U50-$AB50,IF($AI50<>"",$AI50,"")) | O50: =IF($V50<>"",$V50-$AC50,IF($AJ50<>"",$AJ50,"")) | W50: =IF($A50="","",IF($W49="","",$W49)) | X50: =IF($A50="","",IFERROR(IF(OR($Z50="",$Z49="",$X49="",($Z49-IF($W49="",0,$W49))=0),IF($X49="","",$X49),($Z50-IF($W50="",0,$W50))+($X49-($Z49-IF($W49="",0,$W49)))*(1+2*(($Z50-IF($W50="",0,$W50))/($Z49-IF($W49="",0,$W49))-1))),IF($X49="","",$X49))) | Y50: =IF($A50="","",IFERROR(IF(OR($S50="",$S49="",$Y49="",$S49=0),IF($Y49="","",$Y49),$S50+($Y49-$S49)*(1+2*($S50/$S49-1))),IF($Y49="","",$Y49))) | Z50: =IF($S50="","",$S50+IF($U50="",0,$U50)+IF($V50="",0,$V50)) | AA50: =SUMIFS('09_CF_원금'!$E$6:$E$92,'09_CF_원금'!$D$6:$D$92,"국장",'09_CF_원금'!$A$6:$A$92,"<="&$A50)-SUMIFS('09_CF_원금'!$E$6:$E$92,'09_CF_원금'!$C$6:$C$92,"국장",'09_CF_원금'!$A$6:$A$92,"<="&$A50) -> 200000000 | AB50: =SUMIFS('09_CF_원금'!$E$6:$E$92,'09_CF_원금'!$D$6:$D$92,"미장",'09_CF_원금'!$A$6:$A$92,"<="&$A50)-SUMIFS('09_CF_원금'!$E$6:$E$92,'09_CF_원금'!$C$6:$C$92,"미장",'09_CF_원금'!$A$6:$A$92,"<="&$A50) -> 110000000 | AC50: =SUMIFS('09_CF_원금'!$E$6:$E$92,'09_CF_원금'!$D$6:$D$92,"ISA",'09_CF_원금'!$A$6:$A$92,"<="&$A50)-SUMIFS('09_CF_원금'!$E$6:$E$92,'09_CF_원금'!$C$6:$C$92,"ISA",'09_CF_원금'!$A$6:$A$92,"<="&$A50) -> 40000000 | AD50: =IF($A50="","",$AA50+$AB50+$AC50+SUMIFS('09_CF_원금'!$E$6:$E$92,'09_CF_원금'!$D$6:$D$92,"중국",'09_CF_원금'!$A$6:$A$92,"<="&$A50)-SUMIFS('09_CF_원금'!$E$6:$E$92,'09_CF_원금'!$C$6:$C$92,"중국",'09_CF_원금'!$A$6:$A$92,"<="&$A50)) -> 350000000 | AE50: =IF($B50="","",MAX($B$5:$B50)) | AK50: =IF($A50="","",YEAR($A50)*100+MONTH($A50)) -> 202602 | AL50: =IF($P50="","",IF($P50="😱 극도의 공포",-2,IF($P50="😨 공포",-1,IF($P50="😐 평온",0,IF($P50="😃 탐욕",1,IF($P50="🤑 극도의 탐욕",2,""))))))
A51: 46072 | B51: =IF($A51="","",IF(AND($T51<>"",$U51<>"",$V51<>""),$T51+$U51+$V51,IF(AND($Z51<>"",$G51<>""),$Z51-$G51,IF($AG51<>"",$AD51+$AG51,"")))) | C51: =IF($B51="","",IFERROR($B51-LOOKUP(2,1/($B$5:$B50<>""),$B$5:$B50),"")) | D51: =IF(OR($B51="",$AD51=""),"",$B51-$AD51) | E51: =IF(OR($B51="",$AE51=0,$AE51=""),"",MIN(0,$B51/$AE51-1)) | F51: =IF(OR($Y51="",$Y51=0,$G51="",$G51=0),"",($S51-$G51*'03_포지션'!$B$13)/$Y51) | G51: =IF(OR($S51="",$T51=""),"",$S51-$T51) | H51: =IF(OR($X51="",$Z51=""),"",$X51-($Z51-IF($W51="",0,$W51))) | I51: =IF(OR($G51="",$H51=""),"",$G51+$H51) | J51: =IF(OR($I51="",'09_CF_원금'!$B$108=0),"",$I51/'09_CF_원금'!$B$108) | K51: =IF(OR($X51="",$X51=0,$I51=""),"",$I51/$X51) | L51: =IF(OR($W51="",$X51=""),"",$W51/($X51+$W51)) | M51: =IF($T51<>"",$T51-$AA51,IF($AH51<>"",$AH51,"")) | N51: =IF($U51<>"",$U51-$AB51,IF($AI51<>"",$AI51,"")) | O51: =IF($V51<>"",$V51-$AC51,IF($AJ51<>"",$AJ51,"")) | W51: =IF($A51="","",IF($W50="","",$W50)) | X51: =IF($A51="","",IFERROR(IF(OR($Z51="",$Z50="",$X50="",($Z50-IF($W50="",0,$W50))=0),IF($X50="","",$X50),($Z51-IF($W51="",0,$W51))+($X50-($Z50-IF($W50="",0,$W50)))*(1+2*(($Z51-IF($W51="",0,$W51))/($Z50-IF($W50="",0,$W50))-1))),IF($X50="","",$X50))) | Y51: =IF($A51="","",IFERROR(IF(OR($S51="",$S50="",$Y50="",$S50=0),IF($Y50="","",$Y50),$S51+($Y50-$S50)*(1+2*($S51/$S50-1))),IF($Y50="","",$Y50))) | Z51: =IF($S51="","",$S51+IF($U51="",0,$U51)+IF($V51="",0,$V51)) | AA51: =SUMIFS('09_CF_원금'!$E$6:$E$92,'09_CF_원금'!$D$6:$D$92,"국장",'09_CF_원금'!$A$6:$A$92,"<="&$A51)-SUMIFS('09_CF_원금'!$E$6:$E$92,'09_CF_원금'!$C$6:$C$92,"국장",'09_CF_원금'!$A$6:$A$92,"<="&$A51) -> 200000000 | AB51: =SUMIFS('09_CF_원금'!$E$6:$E$92,'09_CF_원금'!$D$6:$D$92,"미장",'09_CF_원금'!$A$6:$A$92,"<="&$A51)-SUMIFS('09_CF_원금'!$E$6:$E$92,'09_CF_원금'!$C$6:$C$92,"미장",'09_CF_원금'!$A$6:$A$92,"<="&$A51) -> 110000000 | AC51: =SUMIFS('09_CF_원금'!$E$6:$E$92,'09_CF_원금'!$D$6:$D$92,"ISA",'09_CF_원금'!$A$6:$A$92,"<="&$A51)-SUMIFS('09_CF_원금'!$E$6:$E$92,'09_CF_원금'!$C$6:$C$92,"ISA",'09_CF_원금'!$A$6:$A$92,"<="&$A51) -> 40000000 | AD51: =IF($A51="","",$AA51+$AB51+$AC51+SUMIFS('09_CF_원금'!$E$6:$E$92,'09_CF_원금'!$D$6:$D$92,"중국",'09_CF_원금'!$A$6:$A$92,"<="&$A51)-SUMIFS('09_CF_원금'!$E$6:$E$92,'09_CF_원금'!$C$6:$C$92,"중국",'09_CF_원금'!$A$6:$A$92,"<="&$A51)) -> 350000000 | AE51: =IF($B51="","",MAX($B$5:$B51)) | AK51: =IF($A51="","",YEAR($A51)*100+MONTH($A51)) -> 202602 | AL51: =IF($P51="","",IF($P51="😱 극도의 공포",-2,IF($P51="😨 공포",-1,IF($P51="😐 평온",0,IF($P51="😃 탐욕",1,IF($P51="🤑 극도의 탐욕",2,""))))))
A52: 46073 | B52: =IF($A52="","",IF(AND($T52<>"",$U52<>"",$V52<>""),$T52+$U52+$V52,IF(AND($Z52<>"",$G52<>""),$Z52-$G52,IF($AG52<>"",$AD52+$AG52,"")))) -> 585766797 | C52: =IF($B52="","",IFERROR($B52-LOOKUP(2,1/($B$5:$B51<>""),$B$5:$B51),"")) | D52: =IF(OR($B52="",$AD52=""),"",$B52-$AD52) -> 235766797 | E52: =IF(OR($B52="",$AE52=0,$AE52=""),"",MIN(0,$B52/$AE52-1)) -> -0.0151406 | F52: =IF(OR($Y52="",$Y52=0,$G52="",$G52=0),"",($S52-$G52*'03_포지션'!$B$13)/$Y52) | G52: =IF(OR($S52="",$T52=""),"",$S52-$T52) | H52: =IF(OR($X52="",$Z52=""),"",$X52-($Z52-IF($W52="",0,$W52))) | I52: =IF(OR($G52="",$H52=""),"",$G52+$H52) | J52: =IF(OR($I52="",'09_CF_원금'!$B$108=0),"",$I52/'09_CF_원금'!$B$108) | K52: =IF(OR($X52="",$X52=0,$I52=""),"",$I52/$X52) | L52: =IF(OR($W52="",$X52=""),"",$W52/($X52+$W52)) | M52: =IF($T52<>"",$T52-$AA52,IF($AH52<>"",$AH52,"")) -> 192834168 | N52: =IF($U52<>"",$U52-$AB52,IF($AI52<>"",$AI52,"")) -> 33037662 | O52: =IF($V52<>"",$V52-$AC52,IF($AJ52<>"",$AJ52,"")) -> 9894967 | W52: =IF($A52="","",IF($W51="","",$W51)) | X52: =IF($A52="","",IFERROR(IF(OR($Z52="",$Z51="",$X51="",($Z51-IF($W51="",0,$W51))=0),IF($X51="","",$X51),($Z52-IF($W52="",0,$W52))+($X51-($Z51-IF($W51="",0,$W51)))*(1+2*(($Z52-IF($W52="",0,$W52))/($Z51-IF($W51="",0,$W51))-1))),IF($X51="","",$X51))) | Y52: =IF($A52="","",IFERROR(IF(OR($S52="",$S51="",$Y51="",$S51=0),IF($Y51="","",$Y51),$S52+($Y51-$S51)*(1+2*($S52/$S51-1))),IF($Y51="","",$Y51))) | Z52: =IF($S52="","",$S52+IF($U52="",0,$U52)+IF($V52="",0,$V52)) | AA52: =SUMIFS('09_CF_원금'!$E$6:$E$92,'09_CF_원금'!$D$6:$D$92,"국장",'09_CF_원금'!$A$6:$A$92,"<="&$A52)-SUMIFS('09_CF_원금'!$E$6:$E$92,'09_CF_원금'!$C$6:$C$92,"국장",'09_CF_원금'!$A$6:$A$92,"<="&$A52) -> 200000000 | AB52: =SUMIFS('09_CF_원금'!$E$6:$E$92,'09_CF_원금'!$D$6:$D$92,"미장",'09_CF_원금'!$A$6:$A$92,"<="&$A52)-SUMIFS('09_CF_원금'!$E$6:$E$92,'09_CF_원금'!$C$6:$C$92,"미장",'09_CF_원금'!$A$6:$A$92,"<="&$A52) -> 110000000 | AC52: =SUMIFS('09_CF_원금'!$E$6:$E$92,'09_CF_원금'!$D$6:$D$92,"ISA",'09_CF_원금'!$A$6:$A$92,"<="&$A52)-SUMIFS('09_CF_원금'!$E$6:$E$92,'09_CF_원금'!$C$6:$C$92,"ISA",'09_CF_원금'!$A$6:$A$92,"<="&$A52) -> 40000000 | AD52: =IF($A52="","",$AA52+$AB52+$AC52+SUMIFS('09_CF_원금'!$E$6:$E$92,'09_CF_원금'!$D$6:$D$92,"중국",'09_CF_원금'!$A$6:$A$92,"<="&$A52)-SUMIFS('09_CF_원금'!$E$6:$E$92,'09_CF_원금'!$C$6:$C$92,"중국",'09_CF_원금'!$A$6:$A$92,"<="&$A52)) -> 350000000 | AE52: =IF($B52="","",MAX($B$5:$B52)) -> 594772002 | AF52: 25067.5 | AG52: 235766797 | AH52: 192834168 | AI52: 33037662 | AJ52: 9894967 | AK52: =IF($A52="","",YEAR($A52)*100+MONTH($A52)) -> 202602 | AL52: =IF($P52="","",IF($P52="😱 극도의 공포",-2,IF($P52="😨 공포",-1,IF($P52="😐 평온",0,IF($P52="😃 탐욕",1,IF($P52="🤑 극도의 탐욕",2,""))))))
A53: 46076 | B53: =IF($A53="","",IF(AND($T53<>"",$U53<>"",$V53<>""),$T53+$U53+$V53,IF(AND($Z53<>"",$G53<>""),$Z53-$G53,IF($AG53<>"",$AD53+$AG53,"")))) | C53: =IF($B53="","",IFERROR($B53-LOOKUP(2,1/($B$5:$B52<>""),$B$5:$B52),"")) | D53: =IF(OR($B53="",$AD53=""),"",$B53-$AD53) | E53: =IF(OR($B53="",$AE53=0,$AE53=""),"",MIN(0,$B53/$AE53-1)) | F53: =IF(OR($Y53="",$Y53=0,$G53="",$G53=0),"",($S53-$G53*'03_포지션'!$B$13)/$Y53) | G53: =IF(OR($S53="",$T53=""),"",$S53-$T53) | H53: =IF(OR($X53="",$Z53=""),"",$X53-($Z53-IF($W53="",0,$W53))) | I53: =IF(OR($G53="",$H53=""),"",$G53+$H53) | J53: =IF(OR($I53="",'09_CF_원금'!$B$108=0),"",$I53/'09_CF_원금'!$B$108) | K53: =IF(OR($X53="",$X53=0,$I53=""),"",$I53/$X53) | L53: =IF(OR($W53="",$X53=""),"",$W53/($X53+$W53)) | M53: =IF($T53<>"",$T53-$AA53,IF($AH53<>"",$AH53,"")) | N53: =IF($U53<>"",$U53-$AB53,IF($AI53<>"",$AI53,"")) | O53: =IF($V53<>"",$V53-$AC53,IF($AJ53<>"",$AJ53,"")) | W53: =IF($A53="","",IF($W52="","",$W52)) | X53: =IF($A53="","",IFERROR(IF(OR($Z53="",$Z52="",$X52="",($Z52-IF($W52="",0,$W52))=0),IF($X52="","",$X52),($Z53-IF($W53="",0,$W53))+($X52-($Z52-IF($W52="",0,$W52)))*(1+2*(($Z53-IF($W53="",0,$W53))/($Z52-IF($W52="",0,$W52))-1))),IF($X52="","",$X52))) | Y53: =IF($A53="","",IFERROR(IF(OR($S53="",$S52="",$Y52="",$S52=0),IF($Y52="","",$Y52),$S53+($Y52-$S52)*(1+2*($S53/$S52-1))),IF($Y52="","",$Y52))) | Z53: =IF($S53="","",$S53+IF($U53="",0,$U53)+IF($V53="",0,$V53)) | AA53: =SUMIFS('09_CF_원금'!$E$6:$E$92,'09_CF_원금'!$D$6:$D$92,"국장",'09_CF_원금'!$A$6:$A$92,"<="&$A53)-SUMIFS('09_CF_원금'!$E$6:$E$92,'09_CF_원금'!$C$6:$C$92,"국장",'09_CF_원금'!$A$6:$A$92,"<="&$A53) -> 200000000 | AB53: =SUMIFS('09_CF_원금'!$E$6:$E$92,'09_CF_원금'!$D$6:$D$92,"미장",'09_CF_원금'!$A$6:$A$92,"<="&$A53)-SUMIFS('09_CF_원금'!$E$6:$E$92,'09_CF_원금'!$C$6:$C$92,"미장",'09_CF_원금'!$A$6:$A$92,"<="&$A53) -> 110000000 | AC53: =SUMIFS('09_CF_원금'!$E$6:$E$92,'09_CF_원금'!$D$6:$D$92,"ISA",'09_CF_원금'!$A$6:$A$92,"<="&$A53)-SUMIFS('09_CF_원금'!$E$6:$E$92,'09_CF_원금'!$C$6:$C$92,"ISA",'09_CF_원금'!$A$6:$A$92,"<="&$A53) -> 40000000 | AD53: =IF($A53="","",$AA53+$AB53+$AC53+SUMIFS('09_CF_원금'!$E$6:$E$92,'09_CF_원금'!$D$6:$D$92,"중국",'09_CF_원금'!$A$6:$A$92,"<="&$A53)-SUMIFS('09_CF_원금'!$E$6:$E$92,'09_CF_원금'!$C$6:$C$92,"중국",'09_CF_원금'!$A$6:$A$92,"<="&$A53)) -> 350000000 | AE53: =IF($B53="","",MAX($B$5:$B53)) | AK53: =IF($A53="","",YEAR($A53)*100+MONTH($A53)) -> 202602 | AL53: =IF($P53="","",IF($P53="😱 극도의 공포",-2,IF($P53="😨 공포",-1,IF($P53="😐 평온",0,IF($P53="😃 탐욕",1,IF($P53="🤑 극도의 탐욕",2,""))))))
A54: 46077 | B54: =IF($A54="","",IF(AND($T54<>"",$U54<>"",$V54<>""),$T54+$U54+$V54,IF(AND($Z54<>"",$G54<>""),$Z54-$G54,IF($AG54<>"",$AD54+$AG54,"")))) | C54: =IF($B54="","",IFERROR($B54-LOOKUP(2,1/($B$5:$B53<>""),$B$5:$B53),"")) | D54: =IF(OR($B54="",$AD54=""),"",$B54-$AD54) | E54: =IF(OR($B54="",$AE54=0,$AE54=""),"",MIN(0,$B54/$AE54-1)) | F54: =IF(OR($Y54="",$Y54=0,$G54="",$G54=0),"",($S54-$G54*'03_포지션'!$B$13)/$Y54) | G54: =IF(OR($S54="",$T54=""),"",$S54-$T54) | H54: =IF(OR($X54="",$Z54=""),"",$X54-($Z54-IF($W54="",0,$W54))) | I54: =IF(OR($G54="",$H54=""),"",$G54+$H54) | J54: =IF(OR($I54="",'09_CF_원금'!$B$108=0),"",$I54/'09_CF_원금'!$B$108) | K54: =IF(OR($X54="",$X54=0,$I54=""),"",$I54/$X54) | L54: =IF(OR($W54="",$X54=""),"",$W54/($X54+$W54)) | M54: =IF($T54<>"",$T54-$AA54,IF($AH54<>"",$AH54,"")) | N54: =IF($U54<>"",$U54-$AB54,IF($AI54<>"",$AI54,"")) | O54: =IF($V54<>"",$V54-$AC54,IF($AJ54<>"",$AJ54,"")) | W54: =IF($A54="","",IF($W53="","",$W53)) | X54: =IF($A54="","",IFERROR(IF(OR($Z54="",$Z53="",$X53="",($Z53-IF($W53="",0,$W53))=0),IF($X53="","",$X53),($Z54-IF($W54="",0,$W54))+($X53-($Z53-IF($W53="",0,$W53)))*(1+2*(($Z54-IF($W54="",0,$W54))/($Z53-IF($W53="",0,$W53))-1))),IF($X53="","",$X53))) | Y54: =IF($A54="","",IFERROR(IF(OR($S54="",$S53="",$Y53="",$S53=0),IF($Y53="","",$Y53),$S54+($Y53-$S53)*(1+2*($S54/$S53-1))),IF($Y53="","",$Y53))) | Z54: =IF($S54="","",$S54+IF($U54="",0,$U54)+IF($V54="",0,$V54)) | AA54: =SUMIFS('09_CF_원금'!$E$6:$E$92,'09_CF_원금'!$D$6:$D$92,"국장",'09_CF_원금'!$A$6:$A$92,"<="&$A54)-SUMIFS('09_CF_원금'!$E$6:$E$92,'09_CF_원금'!$C$6:$C$92,"국장",'09_CF_원금'!$A$6:$A$92,"<="&$A54) -> 200000000 | AB54: =SUMIFS('09_CF_원금'!$E$6:$E$92,'09_CF_원금'!$D$6:$D$92,"미장",'09_CF_원금'!$A$6:$A$92,"<="&$A54)-SUMIFS('09_CF_원금'!$E$6:$E$92,'09_CF_원금'!$C$6:$C$92,"미장",'09_CF_원금'!$A$6:$A$92,"<="&$A54) -> 110000000 | AC54: =SUMIFS('09_CF_원금'!$E$6:$E$92,'09_CF_원금'!$D$6:$D$92,"ISA",'09_CF_원금'!$A$6:$A$92,"<="&$A54)-SUMIFS('09_CF_원금'!$E$6:$E$92,'09_CF_원금'!$C$6:$C$92,"ISA",'09_CF_원금'!$A$6:$A$92,"<="&$A54) -> 40000000 | AD54: =IF($A54="","",$AA54+$AB54+$AC54+SUMIFS('09_CF_원금'!$E$6:$E$92,'09_CF_원금'!$D$6:$D$92,"중국",'09_CF_원금'!$A$6:$A$92,"<="&$A54)-SUMIFS('09_CF_원금'!$E$6:$E$92,'09_CF_원금'!$C$6:$C$92,"중국",'09_CF_원금'!$A$6:$A$92,"<="&$A54)) -> 350000000 | AE54: =IF($B54="","",MAX($B$5:$B54)) | AK54: =IF($A54="","",YEAR($A54)*100+MONTH($A54)) -> 202602 | AL54: =IF($P54="","",IF($P54="😱 극도의 공포",-2,IF($P54="😨 공포",-1,IF($P54="😐 평온",0,IF($P54="😃 탐욕",1,IF($P54="🤑 극도의 탐욕",2,""))))))
A55: 46078 | B55: =IF($A55="","",IF(AND($T55<>"",$U55<>"",$V55<>""),$T55+$U55+$V55,IF(AND($Z55<>"",$G55<>""),$Z55-$G55,IF($AG55<>"",$AD55+$AG55,"")))) | C55: =IF($B55="","",IFERROR($B55-LOOKUP(2,1/($B$5:$B54<>""),$B$5:$B54),"")) | D55: =IF(OR($B55="",$AD55=""),"",$B55-$AD55) | E55: =IF(OR($B55="",$AE55=0,$AE55=""),"",MIN(0,$B55/$AE55-1)) | F55: =IF(OR($Y55="",$Y55=0,$G55="",$G55=0),"",($S55-$G55*'03_포지션'!$B$13)/$Y55) | G55: =IF(OR($S55="",$T55=""),"",$S55-$T55) | H55: =IF(OR($X55="",$Z55=""),"",$X55-($Z55-IF($W55="",0,$W55))) | I55: =IF(OR($G55="",$H55=""),"",$G55+$H55) | J55: =IF(OR($I55="",'09_CF_원금'!$B$108=0),"",$I55/'09_CF_원금'!$B$108) | K55: =IF(OR($X55="",$X55=0,$I55=""),"",$I55/$X55) | L55: =IF(OR($W55="",$X55=""),"",$W55/($X55+$W55)) | M55: =IF($T55<>"",$T55-$AA55,IF($AH55<>"",$AH55,"")) | N55: =IF($U55<>"",$U55-$AB55,IF($AI55<>"",$AI55,"")) | O55: =IF($V55<>"",$V55-$AC55,IF($AJ55<>"",$AJ55,"")) | W55: =IF($A55="","",IF($W54="","",$W54)) | X55: =IF($A55="","",IFERROR(IF(OR($Z55="",$Z54="",$X54="",($Z54-IF($W54="",0,$W54))=0),IF($X54="","",$X54),($Z55-IF($W55="",0,$W55))+($X54-($Z54-IF($W54="",0,$W54)))*(1+2*(($Z55-IF($W55="",0,$W55))/($Z54-IF($W54="",0,$W54))-1))),IF($X54="","",$X54))) | Y55: =IF($A55="","",IFERROR(IF(OR($S55="",$S54="",$Y54="",$S54=0),IF($Y54="","",$Y54),$S55+($Y54-$S54)*(1+2*($S55/$S54-1))),IF($Y54="","",$Y54))) | Z55: =IF($S55="","",$S55+IF($U55="",0,$U55)+IF($V55="",0,$V55)) | AA55: =SUMIFS('09_CF_원금'!$E$6:$E$92,'09_CF_원금'!$D$6:$D$92,"국장",'09_CF_원금'!$A$6:$A$92,"<="&$A55)-SUMIFS('09_CF_원금'!$E$6:$E$92,'09_CF_원금'!$C$6:$C$92,"국장",'09_CF_원금'!$A$6:$A$92,"<="&$A55) -> 200000000 | AB55: =SUMIFS('09_CF_원금'!$E$6:$E$92,'09_CF_원금'!$D$6:$D$92,"미장",'09_CF_원금'!$A$6:$A$92,"<="&$A55)-SUMIFS('09_CF_원금'!$E$6:$E$92,'09_CF_원금'!$C$6:$C$92,"미장",'09_CF_원금'!$A$6:$A$92,"<="&$A55) -> 110000000 | AC55: =SUMIFS('09_CF_원금'!$E$6:$E$92,'09_CF_원금'!$D$6:$D$92,"ISA",'09_CF_원금'!$A$6:$A$92,"<="&$A55)-SUMIFS('09_CF_원금'!$E$6:$E$92,'09_CF_원금'!$C$6:$C$92,"ISA",'09_CF_원금'!$A$6:$A$92,"<="&$A55) -> 40000000 | AD55: =IF($A55="","",$AA55+$AB55+$AC55+SUMIFS('09_CF_원금'!$E$6:$E$92,'09_CF_원금'!$D$6:$D$92,"중국",'09_CF_원금'!$A$6:$A$92,"<="&$A55)-SUMIFS('09_CF_원금'!$E$6:$E$92,'09_CF_원금'!$C$6:$C$92,"중국",'09_CF_원금'!$A$6:$A$92,"<="&$A55)) -> 350000000 | AE55: =IF($B55="","",MAX($B$5:$B55)) | AK55: =IF($A55="","",YEAR($A55)*100+MONTH($A55)) -> 202602 | AL55: =IF($P55="","",IF($P55="😱 극도의 공포",-2,IF($P55="😨 공포",-1,IF($P55="😐 평온",0,IF($P55="😃 탐욕",1,IF($P55="🤑 극도의 탐욕",2,""))))))
A56: 46079 | B56: =IF($A56="","",IF(AND($T56<>"",$U56<>"",$V56<>""),$T56+$U56+$V56,IF(AND($Z56<>"",$G56<>""),$Z56-$G56,IF($AG56<>"",$AD56+$AG56,"")))) | C56: =IF($B56="","",IFERROR($B56-LOOKUP(2,1/($B$5:$B55<>""),$B$5:$B55),"")) | D56: =IF(OR($B56="",$AD56=""),"",$B56-$AD56) | E56: =IF(OR($B56="",$AE56=0,$AE56=""),"",MIN(0,$B56/$AE56-1)) | F56: =IF(OR($Y56="",$Y56=0,$G56="",$G56=0),"",($S56-$G56*'03_포지션'!$B$13)/$Y56) | G56: =IF(OR($S56="",$T56=""),"",$S56-$T56) | H56: =IF(OR($X56="",$Z56=""),"",$X56-($Z56-IF($W56="",0,$W56))) | I56: =IF(OR($G56="",$H56=""),"",$G56+$H56) | J56: =IF(OR($I56="",'09_CF_원금'!$B$108=0),"",$I56/'09_CF_원금'!$B$108) | K56: =IF(OR($X56="",$X56=0,$I56=""),"",$I56/$X56) | L56: =IF(OR($W56="",$X56=""),"",$W56/($X56+$W56)) | M56: =IF($T56<>"",$T56-$AA56,IF($AH56<>"",$AH56,"")) | N56: =IF($U56<>"",$U56-$AB56,IF($AI56<>"",$AI56,"")) | O56: =IF($V56<>"",$V56-$AC56,IF($AJ56<>"",$AJ56,"")) | W56: =IF($A56="","",IF($W55="","",$W55)) | X56: =IF($A56="","",IFERROR(IF(OR($Z56="",$Z55="",$X55="",($Z55-IF($W55="",0,$W55))=0),IF($X55="","",$X55),($Z56-IF($W56="",0,$W56))+($X55-($Z55-IF($W55="",0,$W55)))*(1+2*(($Z56-IF($W56="",0,$W56))/($Z55-IF($W55="",0,$W55))-1))),IF($X55="","",$X55))) | Y56: =IF($A56="","",IFERROR(IF(OR($S56="",$S55="",$Y55="",$S55=0),IF($Y55="","",$Y55),$S56+($Y55-$S55)*(1+2*($S56/$S55-1))),IF($Y55="","",$Y55))) | Z56: =IF($S56="","",$S56+IF($U56="",0,$U56)+IF($V56="",0,$V56)) | AA56: =SUMIFS('09_CF_원금'!$E$6:$E$92,'09_CF_원금'!$D$6:$D$92,"국장",'09_CF_원금'!$A$6:$A$92,"<="&$A56)-SUMIFS('09_CF_원금'!$E$6:$E$92,'09_CF_원금'!$C$6:$C$92,"국장",'09_CF_원금'!$A$6:$A$92,"<="&$A56) -> 200000000 | AB56: =SUMIFS('09_CF_원금'!$E$6:$E$92,'09_CF_원금'!$D$6:$D$92,"미장",'09_CF_원금'!$A$6:$A$92,"<="&$A56)-SUMIFS('09_CF_원금'!$E$6:$E$92,'09_CF_원금'!$C$6:$C$92,"미장",'09_CF_원금'!$A$6:$A$92,"<="&$A56) -> 110000000 | AC56: =SUMIFS('09_CF_원금'!$E$6:$E$92,'09_CF_원금'!$D$6:$D$92,"ISA",'09_CF_원금'!$A$6:$A$92,"<="&$A56)-SUMIFS('09_CF_원금'!$E$6:$E$92,'09_CF_원금'!$C$6:$C$92,"ISA",'09_CF_원금'!$A$6:$A$92,"<="&$A56) -> 40000000 | AD56: =IF($A56="","",$AA56+$AB56+$AC56+SUMIFS('09_CF_원금'!$E$6:$E$92,'09_CF_원금'!$D$6:$D$92,"중국",'09_CF_원금'!$A$6:$A$92,"<="&$A56)-SUMIFS('09_CF_원금'!$E$6:$E$92,'09_CF_원금'!$C$6:$C$92,"중국",'09_CF_원금'!$A$6:$A$92,"<="&$A56)) -> 350000000 | AE56: =IF($B56="","",MAX($B$5:$B56)) | AK56: =IF($A56="","",YEAR($A56)*100+MONTH($A56)) -> 202602 | AL56: =IF($P56="","",IF($P56="😱 극도의 공포",-2,IF($P56="😨 공포",-1,IF($P56="😐 평온",0,IF($P56="😃 탐욕",1,IF($P56="🤑 극도의 탐욕",2,""))))))
A57: 46080 | B57: =IF($A57="","",IF(AND($T57<>"",$U57<>"",$V57<>""),$T57+$U57+$V57,IF(AND($Z57<>"",$G57<>""),$Z57-$G57,IF($AG57<>"",$AD57+$AG57,"")))) -> 656753322 | C57: =IF($B57="","",IFERROR($B57-LOOKUP(2,1/($B$5:$B56<>""),$B$5:$B56),"")) | D57: =IF(OR($B57="",$AD57=""),"",$B57-$AD57) -> 306753322 | E57: =IF(OR($B57="",$AE57=0,$AE57=""),"",MIN(0,$B57/$AE57-1)) -> 0 | F57: =IF(OR($Y57="",$Y57=0,$G57="",$G57=0),"",($S57-$G57*'03_포지션'!$B$13)/$Y57) | G57: =IF(OR($S57="",$T57=""),"",$S57-$T57) | H57: =IF(OR($X57="",$Z57=""),"",$X57-($Z57-IF($W57="",0,$W57))) | I57: =IF(OR($G57="",$H57=""),"",$G57+$H57) | J57: =IF(OR($I57="",'09_CF_원금'!$B$108=0),"",$I57/'09_CF_원금'!$B$108) | K57: =IF(OR($X57="",$X57=0,$I57=""),"",$I57/$X57) | L57: =IF(OR($W57="",$X57=""),"",$W57/($X57+$W57)) | M57: =IF($T57<>"",$T57-$AA57,IF($AH57<>"",$AH57,"")) -> 271306879 | N57: =IF($U57<>"",$U57-$AB57,IF($AI57<>"",$AI57,"")) -> 24580175 | O57: =IF($V57<>"",$V57-$AC57,IF($AJ57<>"",$AJ57,"")) -> 10866268 | R57: '26 고점권 | W57: =IF($A57="","",IF($W56="","",$W56)) | X57: =IF($A57="","",IFERROR(IF(OR($Z57="",$Z56="",$X56="",($Z56-IF($W56="",0,$W56))=0),IF($X56="","",$X56),($Z57-IF($W57="",0,$W57))+($X56-($Z56-IF($W56="",0,$W56)))*(1+2*(($Z57-IF($W57="",0,$W57))/($Z56-IF($W56="",0,$W56))-1))),IF($X56="","",$X56))) | Y57: =IF($A57="","",IFERROR(IF(OR($S57="",$S56="",$Y56="",$S56=0),IF($Y56="","",$Y56),$S57+($Y56-$S56)*(1+2*($S57/$S56-1))),IF($Y56="","",$Y56))) | Z57: =IF($S57="","",$S57+IF($U57="",0,$U57)+IF($V57="",0,$V57)) | AA57: =SUMIFS('09_CF_원금'!$E$6:$E$92,'09_CF_원금'!$D$6:$D$92,"국장",'09_CF_원금'!$A$6:$A$92,"<="&$A57)-SUMIFS('09_CF_원금'!$E$6:$E$92,'09_CF_원금'!$C$6:$C$92,"국장",'09_CF_원금'!$A$6:$A$92,"<="&$A57) -> 200000000 | AB57: =SUMIFS('09_CF_원금'!$E$6:$E$92,'09_CF_원금'!$D$6:$D$92,"미장",'09_CF_원금'!$A$6:$A$92,"<="&$A57)-SUMIFS('09_CF_원금'!$E$6:$E$92,'09_CF_원금'!$C$6:$C$92,"미장",'09_CF_원금'!$A$6:$A$92,"<="&$A57) -> 110000000 | AC57: =SUMIFS('09_CF_원금'!$E$6:$E$92,'09_CF_원금'!$D$6:$D$92,"ISA",'09_CF_원금'!$A$6:$A$92,"<="&$A57)-SUMIFS('09_CF_원금'!$E$6:$E$92,'09_CF_원금'!$C$6:$C$92,"ISA",'09_CF_원금'!$A$6:$A$92,"<="&$A57) -> 40000000 | AD57: =IF($A57="","",$AA57+$AB57+$AC57+SUMIFS('09_CF_원금'!$E$6:$E$92,'09_CF_원금'!$D$6:$D$92,"중국",'09_CF_원금'!$A$6:$A$92,"<="&$A57)-SUMIFS('09_CF_원금'!$E$6:$E$92,'09_CF_원금'!$C$6:$C$92,"중국",'09_CF_원금'!$A$6:$A$92,"<="&$A57)) -> 350000000 | AE57: =IF($B57="","",MAX($B$5:$B57)) -> 656753322 | AF57: 24977.25 | AG57: 306753322 | AH57: 271306879 | AI57: 24580175 | AJ57: 10866268 | AK57: =IF($A57="","",YEAR($A57)*100+MONTH($A57)) -> 202602 | AL57: =IF($P57="","",IF($P57="😱 극도의 공포",-2,IF($P57="😨 공포",-1,IF($P57="😐 평온",0,IF($P57="😃 탐욕",1,IF($P57="🤑 극도의 탐욕",2,""))))))
A58: 46083 | B58: =IF($A58="","",IF(AND($T58<>"",$U58<>"",$V58<>""),$T58+$U58+$V58,IF(AND($Z58<>"",$G58<>""),$Z58-$G58,IF($AG58<>"",$AD58+$AG58,"")))) | C58: =IF($B58="","",IFERROR($B58-LOOKUP(2,1/($B$5:$B57<>""),$B$5:$B57),"")) | D58: =IF(OR($B58="",$AD58=""),"",$B58-$AD58) | E58: =IF(OR($B58="",$AE58=0,$AE58=""),"",MIN(0,$B58/$AE58-1)) | F58: =IF(OR($Y58="",$Y58=0,$G58="",$G58=0),"",($S58-$G58*'03_포지션'!$B$13)/$Y58) | G58: =IF(OR($S58="",$T58=""),"",$S58-$T58) | H58: =IF(OR($X58="",$Z58=""),"",$X58-($Z58-IF($W58="",0,$W58))) | I58: =IF(OR($G58="",$H58=""),"",$G58+$H58) | J58: =IF(OR($I58="",'09_CF_원금'!$B$108=0),"",$I58/'09_CF_원금'!$B$108) | K58: =IF(OR($X58="",$X58=0,$I58=""),"",$I58/$X58) | L58: =IF(OR($W58="",$X58=""),"",$W58/($X58+$W58)) | M58: =IF($T58<>"",$T58-$AA58,IF($AH58<>"",$AH58,"")) | N58: =IF($U58<>"",$U58-$AB58,IF($AI58<>"",$AI58,"")) | O58: =IF($V58<>"",$V58-$AC58,IF($AJ58<>"",$AJ58,"")) | W58: =IF($A58="","",IF($W57="","",$W57)) | X58: =IF($A58="","",IFERROR(IF(OR($Z58="",$Z57="",$X57="",($Z57-IF($W57="",0,$W57))=0),IF($X57="","",$X57),($Z58-IF($W58="",0,$W58))+($X57-($Z57-IF($W57="",0,$W57)))*(1+2*(($Z58-IF($W58="",0,$W58))/($Z57-IF($W57="",0,$W57))-1))),IF($X57="","",$X57))) | Y58: =IF($A58="","",IFERROR(IF(OR($S58="",$S57="",$Y57="",$S57=0),IF($Y57="","",$Y57),$S58+($Y57-$S57)*(1+2*($S58/$S57-1))),IF($Y57="","",$Y57))) | Z58: =IF($S58="","",$S58+IF($U58="",0,$U58)+IF($V58="",0,$V58)) | AA58: =SUMIFS('09_CF_원금'!$E$6:$E$92,'09_CF_원금'!$D$6:$D$92,"국장",'09_CF_원금'!$A$6:$A$92,"<="&$A58)-SUMIFS('09_CF_원금'!$E$6:$E$92,'09_CF_원금'!$C$6:$C$92,"국장",'09_CF_원금'!$A$6:$A$92,"<="&$A58) -> 200000000 | AB58: =SUMIFS('09_CF_원금'!$E$6:$E$92,'09_CF_원금'!$D$6:$D$92,"미장",'09_CF_원금'!$A$6:$A$92,"<="&$A58)-SUMIFS('09_CF_원금'!$E$6:$E$92,'09_CF_원금'!$C$6:$C$92,"미장",'09_CF_원금'!$A$6:$A$92,"<="&$A58) -> 110000000 | AC58: =SUMIFS('09_CF_원금'!$E$6:$E$92,'09_CF_원금'!$D$6:$D$92,"ISA",'09_CF_원금'!$A$6:$A$92,"<="&$A58)-SUMIFS('09_CF_원금'!$E$6:$E$92,'09_CF_원금'!$C$6:$C$92,"ISA",'09_CF_원금'!$A$6:$A$92,"<="&$A58) -> 40000000 | AD58: =IF($A58="","",$AA58+$AB58+$AC58+SUMIFS('09_CF_원금'!$E$6:$E$92,'09_CF_원금'!$D$6:$D$92,"중국",'09_CF_원금'!$A$6:$A$92,"<="&$A58)-SUMIFS('09_CF_원금'!$E$6:$E$92,'09_CF_원금'!$C$6:$C$92,"중국",'09_CF_원금'!$A$6:$A$92,"<="&$A58)) -> 350000000 | AE58: =IF($B58="","",MAX($B$5:$B58)) | AK58: =IF($A58="","",YEAR($A58)*100+MONTH($A58)) -> 202603 | AL58: =IF($P58="","",IF($P58="😱 극도의 공포",-2,IF($P58="😨 공포",-1,IF($P58="😐 평온",0,IF($P58="😃 탐욕",1,IF($P58="🤑 극도의 탐욕",2,""))))))
A59: 46084 | B59: =IF($A59="","",IF(AND($T59<>"",$U59<>"",$V59<>""),$T59+$U59+$V59,IF(AND($Z59<>"",$G59<>""),$Z59-$G59,IF($AG59<>"",$AD59+$AG59,"")))) | C59: =IF($B59="","",IFERROR($B59-LOOKUP(2,1/($B$5:$B58<>""),$B$5:$B58),"")) | D59: =IF(OR($B59="",$AD59=""),"",$B59-$AD59) | E59: =IF(OR($B59="",$AE59=0,$AE59=""),"",MIN(0,$B59/$AE59-1)) | F59: =IF(OR($Y59="",$Y59=0,$G59="",$G59=0),"",($S59-$G59*'03_포지션'!$B$13)/$Y59) | G59: =IF(OR($S59="",$T59=""),"",$S59-$T59) | H59: =IF(OR($X59="",$Z59=""),"",$X59-($Z59-IF($W59="",0,$W59))) | I59: =IF(OR($G59="",$H59=""),"",$G59+$H59) | J59: =IF(OR($I59="",'09_CF_원금'!$B$108=0),"",$I59/'09_CF_원금'!$B$108) | K59: =IF(OR($X59="",$X59=0,$I59=""),"",$I59/$X59) | L59: =IF(OR($W59="",$X59=""),"",$W59/($X59+$W59)) | M59: =IF($T59<>"",$T59-$AA59,IF($AH59<>"",$AH59,"")) | N59: =IF($U59<>"",$U59-$AB59,IF($AI59<>"",$AI59,"")) | O59: =IF($V59<>"",$V59-$AC59,IF($AJ59<>"",$AJ59,"")) | W59: =IF($A59="","",IF($W58="","",$W58)) | X59: =IF($A59="","",IFERROR(IF(OR($Z59="",$Z58="",$X58="",($Z58-IF($W58="",0,$W58))=0),IF($X58="","",$X58),($Z59-IF($W59="",0,$W59))+($X58-($Z58-IF($W58="",0,$W58)))*(1+2*(($Z59-IF($W59="",0,$W59))/($Z58-IF($W58="",0,$W58))-1))),IF($X58="","",$X58))) | Y59: =IF($A59="","",IFERROR(IF(OR($S59="",$S58="",$Y58="",$S58=0),IF($Y58="","",$Y58),$S59+($Y58-$S58)*(1+2*($S59/$S58-1))),IF($Y58="","",$Y58))) | Z59: =IF($S59="","",$S59+IF($U59="",0,$U59)+IF($V59="",0,$V59)) | AA59: =SUMIFS('09_CF_원금'!$E$6:$E$92,'09_CF_원금'!$D$6:$D$92,"국장",'09_CF_원금'!$A$6:$A$92,"<="&$A59)-SUMIFS('09_CF_원금'!$E$6:$E$92,'09_CF_원금'!$C$6:$C$92,"국장",'09_CF_원금'!$A$6:$A$92,"<="&$A59) -> 200000000 | AB59: =SUMIFS('09_CF_원금'!$E$6:$E$92,'09_CF_원금'!$D$6:$D$92,"미장",'09_CF_원금'!$A$6:$A$92,"<="&$A59)-SUMIFS('09_CF_원금'!$E$6:$E$92,'09_CF_원금'!$C$6:$C$92,"미장",'09_CF_원금'!$A$6:$A$92,"<="&$A59) -> 110000000 | AC59: =SUMIFS('09_CF_원금'!$E$6:$E$92,'09_CF_원금'!$D$6:$D$92,"ISA",'09_CF_원금'!$A$6:$A$92,"<="&$A59)-SUMIFS('09_CF_원금'!$E$6:$E$92,'09_CF_원금'!$C$6:$C$92,"ISA",'09_CF_원금'!$A$6:$A$92,"<="&$A59) -> 40000000 | AD59: =IF($A59="","",$AA59+$AB59+$AC59+SUMIFS('09_CF_원금'!$E$6:$E$92,'09_CF_원금'!$D$6:$D$92,"중국",'09_CF_원금'!$A$6:$A$92,"<="&$A59)-SUMIFS('09_CF_원금'!$E$6:$E$92,'09_CF_원금'!$C$6:$C$92,"중국",'09_CF_원금'!$A$6:$A$92,"<="&$A59)) -> 350000000 | AE59: =IF($B59="","",MAX($B$5:$B59)) | AK59: =IF($A59="","",YEAR($A59)*100+MONTH($A59)) -> 202603 | AL59: =IF($P59="","",IF($P59="😱 극도의 공포",-2,IF($P59="😨 공포",-1,IF($P59="😐 평온",0,IF($P59="😃 탐욕",1,IF($P59="🤑 극도의 탐욕",2,""))))))
A60: 46085 | B60: =IF($A60="","",IF(AND($T60<>"",$U60<>"",$V60<>""),$T60+$U60+$V60,IF(AND($Z60<>"",$G60<>""),$Z60-$G60,IF($AG60<>"",$AD60+$AG60,"")))) | C60: =IF($B60="","",IFERROR($B60-LOOKUP(2,1/($B$5:$B59<>""),$B$5:$B59),"")) | D60: =IF(OR($B60="",$AD60=""),"",$B60-$AD60) | E60: =IF(OR($B60="",$AE60=0,$AE60=""),"",MIN(0,$B60/$AE60-1)) | F60: =IF(OR($Y60="",$Y60=0,$G60="",$G60=0),"",($S60-$G60*'03_포지션'!$B$13)/$Y60) | G60: =IF(OR($S60="",$T60=""),"",$S60-$T60) | H60: =IF(OR($X60="",$Z60=""),"",$X60-($Z60-IF($W60="",0,$W60))) | I60: =IF(OR($G60="",$H60=""),"",$G60+$H60) | J60: =IF(OR($I60="",'09_CF_원금'!$B$108=0),"",$I60/'09_CF_원금'!$B$108) | K60: =IF(OR($X60="",$X60=0,$I60=""),"",$I60/$X60) | L60: =IF(OR($W60="",$X60=""),"",$W60/($X60+$W60)) | M60: =IF($T60<>"",$T60-$AA60,IF($AH60<>"",$AH60,"")) | N60: =IF($U60<>"",$U60-$AB60,IF($AI60<>"",$AI60,"")) | O60: =IF($V60<>"",$V60-$AC60,IF($AJ60<>"",$AJ60,"")) | W60: =IF($A60="","",IF($W59="","",$W59)) | X60: =IF($A60="","",IFERROR(IF(OR($Z60="",$Z59="",$X59="",($Z59-IF($W59="",0,$W59))=0),IF($X59="","",$X59),($Z60-IF($W60="",0,$W60))+($X59-($Z59-IF($W59="",0,$W59)))*(1+2*(($Z60-IF($W60="",0,$W60))/($Z59-IF($W59="",0,$W59))-1))),IF($X59="","",$X59))) | Y60: =IF($A60="","",IFERROR(IF(OR($S60="",$S59="",$Y59="",$S59=0),IF($Y59="","",$Y59),$S60+($Y59-$S59)*(1+2*($S60/$S59-1))),IF($Y59="","",$Y59))) | Z60: =IF($S60="","",$S60+IF($U60="",0,$U60)+IF($V60="",0,$V60)) | AA60: =SUMIFS('09_CF_원금'!$E$6:$E$92,'09_CF_원금'!$D$6:$D$92,"국장",'09_CF_원금'!$A$6:$A$92,"<="&$A60)-SUMIFS('09_CF_원금'!$E$6:$E$92,'09_CF_원금'!$C$6:$C$92,"국장",'09_CF_원금'!$A$6:$A$92,"<="&$A60) -> 200000000 | AB60: =SUMIFS('09_CF_원금'!$E$6:$E$92,'09_CF_원금'!$D$6:$D$92,"미장",'09_CF_원금'!$A$6:$A$92,"<="&$A60)-SUMIFS('09_CF_원금'!$E$6:$E$92,'09_CF_원금'!$C$6:$C$92,"미장",'09_CF_원금'!$A$6:$A$92,"<="&$A60) -> 110000000 | AC60: =SUMIFS('09_CF_원금'!$E$6:$E$92,'09_CF_원금'!$D$6:$D$92,"ISA",'09_CF_원금'!$A$6:$A$92,"<="&$A60)-SUMIFS('09_CF_원금'!$E$6:$E$92,'09_CF_원금'!$C$6:$C$92,"ISA",'09_CF_원금'!$A$6:$A$92,"<="&$A60) -> 40000000 | AD60: =IF($A60="","",$AA60+$AB60+$AC60+SUMIFS('09_CF_원금'!$E$6:$E$92,'09_CF_원금'!$D$6:$D$92,"중국",'09_CF_원금'!$A$6:$A$92,"<="&$A60)-SUMIFS('09_CF_원금'!$E$6:$E$92,'09_CF_원금'!$C$6:$C$92,"중국",'09_CF_원금'!$A$6:$A$92,"<="&$A60)) -> 350000000 | AE60: =IF($B60="","",MAX($B$5:$B60)) | AK60: =IF($A60="","",YEAR($A60)*100+MONTH($A60)) -> 202603 | AL60: =IF($P60="","",IF($P60="😱 극도의 공포",-2,IF($P60="😨 공포",-1,IF($P60="😐 평온",0,IF($P60="😃 탐욕",1,IF($P60="🤑 극도의 탐욕",2,""))))))
A61: 46086 | B61: =IF($A61="","",IF(AND($T61<>"",$U61<>"",$V61<>""),$T61+$U61+$V61,IF(AND($Z61<>"",$G61<>""),$Z61-$G61,IF($AG61<>"",$AD61+$AG61,"")))) | C61: =IF($B61="","",IFERROR($B61-LOOKUP(2,1/($B$5:$B60<>""),$B$5:$B60),"")) | D61: =IF(OR($B61="",$AD61=""),"",$B61-$AD61) | E61: =IF(OR($B61="",$AE61=0,$AE61=""),"",MIN(0,$B61/$AE61-1)) | F61: =IF(OR($Y61="",$Y61=0,$G61="",$G61=0),"",($S61-$G61*'03_포지션'!$B$13)/$Y61) | G61: =IF(OR($S61="",$T61=""),"",$S61-$T61) | H61: =IF(OR($X61="",$Z61=""),"",$X61-($Z61-IF($W61="",0,$W61))) | I61: =IF(OR($G61="",$H61=""),"",$G61+$H61) | J61: =IF(OR($I61="",'09_CF_원금'!$B$108=0),"",$I61/'09_CF_원금'!$B$108) | K61: =IF(OR($X61="",$X61=0,$I61=""),"",$I61/$X61) | L61: =IF(OR($W61="",$X61=""),"",$W61/($X61+$W61)) | M61: =IF($T61<>"",$T61-$AA61,IF($AH61<>"",$AH61,"")) | N61: =IF($U61<>"",$U61-$AB61,IF($AI61<>"",$AI61,"")) | O61: =IF($V61<>"",$V61-$AC61,IF($AJ61<>"",$AJ61,"")) | W61: =IF($A61="","",IF($W60="","",$W60)) | X61: =IF($A61="","",IFERROR(IF(OR($Z61="",$Z60="",$X60="",($Z60-IF($W60="",0,$W60))=0),IF($X60="","",$X60),($Z61-IF($W61="",0,$W61))+($X60-($Z60-IF($W60="",0,$W60)))*(1+2*(($Z61-IF($W61="",0,$W61))/($Z60-IF($W60="",0,$W60))-1))),IF($X60="","",$X60))) | Y61: =IF($A61="","",IFERROR(IF(OR($S61="",$S60="",$Y60="",$S60=0),IF($Y60="","",$Y60),$S61+($Y60-$S60)*(1+2*($S61/$S60-1))),IF($Y60="","",$Y60))) | Z61: =IF($S61="","",$S61+IF($U61="",0,$U61)+IF($V61="",0,$V61)) | AA61: =SUMIFS('09_CF_원금'!$E$6:$E$92,'09_CF_원금'!$D$6:$D$92,"국장",'09_CF_원금'!$A$6:$A$92,"<="&$A61)-SUMIFS('09_CF_원금'!$E$6:$E$92,'09_CF_원금'!$C$6:$C$92,"국장",'09_CF_원금'!$A$6:$A$92,"<="&$A61) -> 200000000 | AB61: =SUMIFS('09_CF_원금'!$E$6:$E$92,'09_CF_원금'!$D$6:$D$92,"미장",'09_CF_원금'!$A$6:$A$92,"<="&$A61)-SUMIFS('09_CF_원금'!$E$6:$E$92,'09_CF_원금'!$C$6:$C$92,"미장",'09_CF_원금'!$A$6:$A$92,"<="&$A61) -> 110000000 | AC61: =SUMIFS('09_CF_원금'!$E$6:$E$92,'09_CF_원금'!$D$6:$D$92,"ISA",'09_CF_원금'!$A$6:$A$92,"<="&$A61)-SUMIFS('09_CF_원금'!$E$6:$E$92,'09_CF_원금'!$C$6:$C$92,"ISA",'09_CF_원금'!$A$6:$A$92,"<="&$A61) -> 40000000 | AD61: =IF($A61="","",$AA61+$AB61+$AC61+SUMIFS('09_CF_원금'!$E$6:$E$92,'09_CF_원금'!$D$6:$D$92,"중국",'09_CF_원금'!$A$6:$A$92,"<="&$A61)-SUMIFS('09_CF_원금'!$E$6:$E$92,'09_CF_원금'!$C$6:$C$92,"중국",'09_CF_원금'!$A$6:$A$92,"<="&$A61)) -> 350000000 | AE61: =IF($B61="","",MAX($B$5:$B61)) | AK61: =IF($A61="","",YEAR($A61)*100+MONTH($A61)) -> 202603 | AL61: =IF($P61="","",IF($P61="😱 극도의 공포",-2,IF($P61="😨 공포",-1,IF($P61="😐 평온",0,IF($P61="😃 탐욕",1,IF($P61="🤑 극도의 탐욕",2,""))))))
A62: 46087 | B62: =IF($A62="","",IF(AND($T62<>"",$U62<>"",$V62<>""),$T62+$U62+$V62,IF(AND($Z62<>"",$G62<>""),$Z62-$G62,IF($AG62<>"",$AD62+$AG62,"")))) -> 540550122 | C62: =IF($B62="","",IFERROR($B62-LOOKUP(2,1/($B$5:$B61<>""),$B$5:$B61),"")) | D62: =IF(OR($B62="",$AD62=""),"",$B62-$AD62) -> 190550122 | E62: =IF(OR($B62="",$AE62=0,$AE62=""),"",MIN(0,$B62/$AE62-1)) -> -0.17693584 | F62: =IF(OR($Y62="",$Y62=0,$G62="",$G62=0),"",($S62-$G62*'03_포지션'!$B$13)/$Y62) | G62: =IF(OR($S62="",$T62=""),"",$S62-$T62) | H62: =IF(OR($X62="",$Z62=""),"",$X62-($Z62-IF($W62="",0,$W62))) | I62: =IF(OR($G62="",$H62=""),"",$G62+$H62) | J62: =IF(OR($I62="",'09_CF_원금'!$B$108=0),"",$I62/'09_CF_원금'!$B$108) | K62: =IF(OR($X62="",$X62=0,$I62=""),"",$I62/$X62) | L62: =IF(OR($W62="",$X62=""),"",$W62/($X62+$W62)) | M62: =IF($T62<>"",$T62-$AA62,IF($AH62<>"",$AH62,"")) -> 180778664 | N62: =IF($U62<>"",$U62-$AB62,IF($AI62<>"",$AI62,"")) -> 3787603 | O62: =IF($V62<>"",$V62-$AC62,IF($AJ62<>"",$AJ62,"")) -> 5983855 | R62: 3/3 일 손실 1억 경험 | W62: =IF($A62="","",IF($W61="","",$W61)) | X62: =IF($A62="","",IFERROR(IF(OR($Z62="",$Z61="",$X61="",($Z61-IF($W61="",0,$W61))=0),IF($X61="","",$X61),($Z62-IF($W62="",0,$W62))+($X61-($Z61-IF($W61="",0,$W61)))*(1+2*(($Z62-IF($W62="",0,$W62))/($Z61-IF($W61="",0,$W61))-1))),IF($X61="","",$X61))) | Y62: =IF($A62="","",IFERROR(IF(OR($S62="",$S61="",$Y61="",$S61=0),IF($Y61="","",$Y61),$S62+($Y61-$S61)*(1+2*($S62/$S61-1))),IF($Y61="","",$Y61))) | Z62: =IF($S62="","",$S62+IF($U62="",0,$U62)+IF($V62="",0,$V62)) | AA62: =SUMIFS('09_CF_원금'!$E$6:$E$92,'09_CF_원금'!$D$6:$D$92,"국장",'09_CF_원금'!$A$6:$A$92,"<="&$A62)-SUMIFS('09_CF_원금'!$E$6:$E$92,'09_CF_원금'!$C$6:$C$92,"국장",'09_CF_원금'!$A$6:$A$92,"<="&$A62) -> 200000000 | AB62: =SUMIFS('09_CF_원금'!$E$6:$E$92,'09_CF_원금'!$D$6:$D$92,"미장",'09_CF_원금'!$A$6:$A$92,"<="&$A62)-SUMIFS('09_CF_원금'!$E$6:$E$92,'09_CF_원금'!$C$6:$C$92,"미장",'09_CF_원금'!$A$6:$A$92,"<="&$A62) -> 110000000 | AC62: =SUMIFS('09_CF_원금'!$E$6:$E$92,'09_CF_원금'!$D$6:$D$92,"ISA",'09_CF_원금'!$A$6:$A$92,"<="&$A62)-SUMIFS('09_CF_원금'!$E$6:$E$92,'09_CF_원금'!$C$6:$C$92,"ISA",'09_CF_원금'!$A$6:$A$92,"<="&$A62) -> 40000000 | AD62: =IF($A62="","",$AA62+$AB62+$AC62+SUMIFS('09_CF_원금'!$E$6:$E$92,'09_CF_원금'!$D$6:$D$92,"중국",'09_CF_원금'!$A$6:$A$92,"<="&$A62)-SUMIFS('09_CF_원금'!$E$6:$E$92,'09_CF_원금'!$C$6:$C$92,"중국",'09_CF_원금'!$A$6:$A$92,"<="&$A62)) -> 350000000 | AE62: =IF($B62="","",MAX($B$5:$B62)) -> 656753322 | AF62: 24670 | AG62: 190550122 | AH62: 180778664 | AI62: 3787603 | AJ62: 5983855 | AK62: =IF($A62="","",YEAR($A62)*100+MONTH($A62)) -> 202603 | AL62: =IF($P62="","",IF($P62="😱 극도의 공포",-2,IF($P62="😨 공포",-1,IF($P62="😐 평온",0,IF($P62="😃 탐욕",1,IF($P62="🤑 극도의 탐욕",2,""))))))
A63: 46090 | B63: =IF($A63="","",IF(AND($T63<>"",$U63<>"",$V63<>""),$T63+$U63+$V63,IF(AND($Z63<>"",$G63<>""),$Z63-$G63,IF($AG63<>"",$AD63+$AG63,"")))) | C63: =IF($B63="","",IFERROR($B63-LOOKUP(2,1/($B$5:$B62<>""),$B$5:$B62),"")) | D63: =IF(OR($B63="",$AD63=""),"",$B63-$AD63) | E63: =IF(OR($B63="",$AE63=0,$AE63=""),"",MIN(0,$B63/$AE63-1)) | F63: =IF(OR($Y63="",$Y63=0,$G63="",$G63=0),"",($S63-$G63*'03_포지션'!$B$13)/$Y63) | G63: =IF(OR($S63="",$T63=""),"",$S63-$T63) | H63: =IF(OR($X63="",$Z63=""),"",$X63-($Z63-IF($W63="",0,$W63))) | I63: =IF(OR($G63="",$H63=""),"",$G63+$H63) | J63: =IF(OR($I63="",'09_CF_원금'!$B$108=0),"",$I63/'09_CF_원금'!$B$108) | K63: =IF(OR($X63="",$X63=0,$I63=""),"",$I63/$X63) | L63: =IF(OR($W63="",$X63=""),"",$W63/($X63+$W63)) | M63: =IF($T63<>"",$T63-$AA63,IF($AH63<>"",$AH63,"")) | N63: =IF($U63<>"",$U63-$AB63,IF($AI63<>"",$AI63,"")) | O63: =IF($V63<>"",$V63-$AC63,IF($AJ63<>"",$AJ63,"")) | W63: =IF($A63="","",IF($W62="","",$W62)) | X63: =IF($A63="","",IFERROR(IF(OR($Z63="",$Z62="",$X62="",($Z62-IF($W62="",0,$W62))=0),IF($X62="","",$X62),($Z63-IF($W63="",0,$W63))+($X62-($Z62-IF($W62="",0,$W62)))*(1+2*(($Z63-IF($W63="",0,$W63))/($Z62-IF($W62="",0,$W62))-1))),IF($X62="","",$X62))) | Y63: =IF($A63="","",IFERROR(IF(OR($S63="",$S62="",$Y62="",$S62=0),IF($Y62="","",$Y62),$S63+($Y62-$S62)*(1+2*($S63/$S62-1))),IF($Y62="","",$Y62))) | Z63: =IF($S63="","",$S63+IF($U63="",0,$U63)+IF($V63="",0,$V63)) | AA63: =SUMIFS('09_CF_원금'!$E$6:$E$92,'09_CF_원금'!$D$6:$D$92,"국장",'09_CF_원금'!$A$6:$A$92,"<="&$A63)-SUMIFS('09_CF_원금'!$E$6:$E$92,'09_CF_원금'!$C$6:$C$92,"국장",'09_CF_원금'!$A$6:$A$92,"<="&$A63) -> 200000000 | AB63: =SUMIFS('09_CF_원금'!$E$6:$E$92,'09_CF_원금'!$D$6:$D$92,"미장",'09_CF_원금'!$A$6:$A$92,"<="&$A63)-SUMIFS('09_CF_원금'!$E$6:$E$92,'09_CF_원금'!$C$6:$C$92,"미장",'09_CF_원금'!$A$6:$A$92,"<="&$A63) -> 110000000 | AC63: =SUMIFS('09_CF_원금'!$E$6:$E$92,'09_CF_원금'!$D$6:$D$92,"ISA",'09_CF_원금'!$A$6:$A$92,"<="&$A63)-SUMIFS('09_CF_원금'!$E$6:$E$92,'09_CF_원금'!$C$6:$C$92,"ISA",'09_CF_원금'!$A$6:$A$92,"<="&$A63) -> 40000000 | AD63: =IF($A63="","",$AA63+$AB63+$AC63+SUMIFS('09_CF_원금'!$E$6:$E$92,'09_CF_원금'!$D$6:$D$92,"중국",'09_CF_원금'!$A$6:$A$92,"<="&$A63)-SUMIFS('09_CF_원금'!$E$6:$E$92,'09_CF_원금'!$C$6:$C$92,"중국",'09_CF_원금'!$A$6:$A$92,"<="&$A63)) -> 350000000 | AE63: =IF($B63="","",MAX($B$5:$B63)) | AK63: =IF($A63="","",YEAR($A63)*100+MONTH($A63)) -> 202603 | AL63: =IF($P63="","",IF($P63="😱 극도의 공포",-2,IF($P63="😨 공포",-1,IF($P63="😐 평온",0,IF($P63="😃 탐욕",1,IF($P63="🤑 극도의 탐욕",2,""))))))
A64: 46091 | B64: =IF($A64="","",IF(AND($T64<>"",$U64<>"",$V64<>""),$T64+$U64+$V64,IF(AND($Z64<>"",$G64<>""),$Z64-$G64,IF($AG64<>"",$AD64+$AG64,"")))) | C64: =IF($B64="","",IFERROR($B64-LOOKUP(2,1/($B$5:$B63<>""),$B$5:$B63),"")) | D64: =IF(OR($B64="",$AD64=""),"",$B64-$AD64) | E64: =IF(OR($B64="",$AE64=0,$AE64=""),"",MIN(0,$B64/$AE64-1)) | F64: =IF(OR($Y64="",$Y64=0,$G64="",$G64=0),"",($S64-$G64*'03_포지션'!$B$13)/$Y64) | G64: =IF(OR($S64="",$T64=""),"",$S64-$T64) | H64: =IF(OR($X64="",$Z64=""),"",$X64-($Z64-IF($W64="",0,$W64))) | I64: =IF(OR($G64="",$H64=""),"",$G64+$H64) | J64: =IF(OR($I64="",'09_CF_원금'!$B$108=0),"",$I64/'09_CF_원금'!$B$108) | K64: =IF(OR($X64="",$X64=0,$I64=""),"",$I64/$X64) | L64: =IF(OR($W64="",$X64=""),"",$W64/($X64+$W64)) | M64: =IF($T64<>"",$T64-$AA64,IF($AH64<>"",$AH64,"")) | N64: =IF($U64<>"",$U64-$AB64,IF($AI64<>"",$AI64,"")) | O64: =IF($V64<>"",$V64-$AC64,IF($AJ64<>"",$AJ64,"")) | W64: =IF($A64="","",IF($W63="","",$W63)) | X64: =IF($A64="","",IFERROR(IF(OR($Z64="",$Z63="",$X63="",($Z63-IF($W63="",0,$W63))=0),IF($X63="","",$X63),($Z64-IF($W64="",0,$W64))+($X63-($Z63-IF($W63="",0,$W63)))*(1+2*(($Z64-IF($W64="",0,$W64))/($Z63-IF($W63="",0,$W63))-1))),IF($X63="","",$X63))) | Y64: =IF($A64="","",IFERROR(IF(OR($S64="",$S63="",$Y63="",$S63=0),IF($Y63="","",$Y63),$S64+($Y63-$S63)*(1+2*($S64/$S63-1))),IF($Y63="","",$Y63))) | Z64: =IF($S64="","",$S64+IF($U64="",0,$U64)+IF($V64="",0,$V64)) | AA64: =SUMIFS('09_CF_원금'!$E$6:$E$92,'09_CF_원금'!$D$6:$D$92,"국장",'09_CF_원금'!$A$6:$A$92,"<="&$A64)-SUMIFS('09_CF_원금'!$E$6:$E$92,'09_CF_원금'!$C$6:$C$92,"국장",'09_CF_원금'!$A$6:$A$92,"<="&$A64) -> 200000000 | AB64: =SUMIFS('09_CF_원금'!$E$6:$E$92,'09_CF_원금'!$D$6:$D$92,"미장",'09_CF_원금'!$A$6:$A$92,"<="&$A64)-SUMIFS('09_CF_원금'!$E$6:$E$92,'09_CF_원금'!$C$6:$C$92,"미장",'09_CF_원금'!$A$6:$A$92,"<="&$A64) -> 110000000 | AC64: =SUMIFS('09_CF_원금'!$E$6:$E$92,'09_CF_원금'!$D$6:$D$92,"ISA",'09_CF_원금'!$A$6:$A$92,"<="&$A64)-SUMIFS('09_CF_원금'!$E$6:$E$92,'09_CF_원금'!$C$6:$C$92,"ISA",'09_CF_원금'!$A$6:$A$92,"<="&$A64) -> 40000000 | AD64: =IF($A64="","",$AA64+$AB64+$AC64+SUMIFS('09_CF_원금'!$E$6:$E$92,'09_CF_원금'!$D$6:$D$92,"중국",'09_CF_원금'!$A$6:$A$92,"<="&$A64)-SUMIFS('09_CF_원금'!$E$6:$E$92,'09_CF_원금'!$C$6:$C$92,"중국",'09_CF_원금'!$A$6:$A$92,"<="&$A64)) -> 350000000 | AE64: =IF($B64="","",MAX($B$5:$B64)) | AK64: =IF($A64="","",YEAR($A64)*100+MONTH($A64)) -> 202603 | AL64: =IF($P64="","",IF($P64="😱 극도의 공포",-2,IF($P64="😨 공포",-1,IF($P64="😐 평온",0,IF($P64="😃 탐욕",1,IF($P64="🤑 극도의 탐욕",2,""))))))
A65: 46092 | B65: =IF($A65="","",IF(AND($T65<>"",$U65<>"",$V65<>""),$T65+$U65+$V65,IF(AND($Z65<>"",$G65<>""),$Z65-$G65,IF($AG65<>"",$AD65+$AG65,"")))) | C65: =IF($B65="","",IFERROR($B65-LOOKUP(2,1/($B$5:$B64<>""),$B$5:$B64),"")) | D65: =IF(OR($B65="",$AD65=""),"",$B65-$AD65) | E65: =IF(OR($B65="",$AE65=0,$AE65=""),"",MIN(0,$B65/$AE65-1)) | F65: =IF(OR($Y65="",$Y65=0,$G65="",$G65=0),"",($S65-$G65*'03_포지션'!$B$13)/$Y65) | G65: =IF(OR($S65="",$T65=""),"",$S65-$T65) | H65: =IF(OR($X65="",$Z65=""),"",$X65-($Z65-IF($W65="",0,$W65))) | I65: =IF(OR($G65="",$H65=""),"",$G65+$H65) | J65: =IF(OR($I65="",'09_CF_원금'!$B$108=0),"",$I65/'09_CF_원금'!$B$108) | K65: =IF(OR($X65="",$X65=0,$I65=""),"",$I65/$X65) | L65: =IF(OR($W65="",$X65=""),"",$W65/($X65+$W65)) | M65: =IF($T65<>"",$T65-$AA65,IF($AH65<>"",$AH65,"")) | N65: =IF($U65<>"",$U65-$AB65,IF($AI65<>"",$AI65,"")) | O65: =IF($V65<>"",$V65-$AC65,IF($AJ65<>"",$AJ65,"")) | W65: =IF($A65="","",IF($W64="","",$W64)) | X65: =IF($A65="","",IFERROR(IF(OR($Z65="",$Z64="",$X64="",($Z64-IF($W64="",0,$W64))=0),IF($X64="","",$X64),($Z65-IF($W65="",0,$W65))+($X64-($Z64-IF($W64="",0,$W64)))*(1+2*(($Z65-IF($W65="",0,$W65))/($Z64-IF($W64="",0,$W64))-1))),IF($X64="","",$X64))) | Y65: =IF($A65="","",IFERROR(IF(OR($S65="",$S64="",$Y64="",$S64=0),IF($Y64="","",$Y64),$S65+($Y64-$S64)*(1+2*($S65/$S64-1))),IF($Y64="","",$Y64))) | Z65: =IF($S65="","",$S65+IF($U65="",0,$U65)+IF($V65="",0,$V65)) | AA65: =SUMIFS('09_CF_원금'!$E$6:$E$92,'09_CF_원금'!$D$6:$D$92,"국장",'09_CF_원금'!$A$6:$A$92,"<="&$A65)-SUMIFS('09_CF_원금'!$E$6:$E$92,'09_CF_원금'!$C$6:$C$92,"국장",'09_CF_원금'!$A$6:$A$92,"<="&$A65) -> 200000000 | AB65: =SUMIFS('09_CF_원금'!$E$6:$E$92,'09_CF_원금'!$D$6:$D$92,"미장",'09_CF_원금'!$A$6:$A$92,"<="&$A65)-SUMIFS('09_CF_원금'!$E$6:$E$92,'09_CF_원금'!$C$6:$C$92,"미장",'09_CF_원금'!$A$6:$A$92,"<="&$A65) -> 110000000 | AC65: =SUMIFS('09_CF_원금'!$E$6:$E$92,'09_CF_원금'!$D$6:$D$92,"ISA",'09_CF_원금'!$A$6:$A$92,"<="&$A65)-SUMIFS('09_CF_원금'!$E$6:$E$92,'09_CF_원금'!$C$6:$C$92,"ISA",'09_CF_원금'!$A$6:$A$92,"<="&$A65) -> 40000000 | AD65: =IF($A65="","",$AA65+$AB65+$AC65+SUMIFS('09_CF_원금'!$E$6:$E$92,'09_CF_원금'!$D$6:$D$92,"중국",'09_CF_원금'!$A$6:$A$92,"<="&$A65)-SUMIFS('09_CF_원금'!$E$6:$E$92,'09_CF_원금'!$C$6:$C$92,"중국",'09_CF_원금'!$A$6:$A$92,"<="&$A65)) -> 350000000 | AE65: =IF($B65="","",MAX($B$5:$B65)) | AK65: =IF($A65="","",YEAR($A65)*100+MONTH($A65)) -> 202603 | AL65: =IF($P65="","",IF($P65="😱 극도의 공포",-2,IF($P65="😨 공포",-1,IF($P65="😐 평온",0,IF($P65="😃 탐욕",1,IF($P65="🤑 극도의 탐욕",2,""))))))
A66: 46093 | B66: =IF($A66="","",IF(AND($T66<>"",$U66<>"",$V66<>""),$T66+$U66+$V66,IF(AND($Z66<>"",$G66<>""),$Z66-$G66,IF($AG66<>"",$AD66+$AG66,"")))) | C66: =IF($B66="","",IFERROR($B66-LOOKUP(2,1/($B$5:$B65<>""),$B$5:$B65),"")) | D66: =IF(OR($B66="",$AD66=""),"",$B66-$AD66) | E66: =IF(OR($B66="",$AE66=0,$AE66=""),"",MIN(0,$B66/$AE66-1)) | F66: =IF(OR($Y66="",$Y66=0,$G66="",$G66=0),"",($S66-$G66*'03_포지션'!$B$13)/$Y66) | G66: =IF(OR($S66="",$T66=""),"",$S66-$T66) | H66: =IF(OR($X66="",$Z66=""),"",$X66-($Z66-IF($W66="",0,$W66))) | I66: =IF(OR($G66="",$H66=""),"",$G66+$H66) | J66: =IF(OR($I66="",'09_CF_원금'!$B$108=0),"",$I66/'09_CF_원금'!$B$108) | K66: =IF(OR($X66="",$X66=0,$I66=""),"",$I66/$X66) | L66: =IF(OR($W66="",$X66=""),"",$W66/($X66+$W66)) | M66: =IF($T66<>"",$T66-$AA66,IF($AH66<>"",$AH66,"")) | N66: =IF($U66<>"",$U66-$AB66,IF($AI66<>"",$AI66,"")) | O66: =IF($V66<>"",$V66-$AC66,IF($AJ66<>"",$AJ66,"")) | W66: =IF($A66="","",IF($W65="","",$W65)) | X66: =IF($A66="","",IFERROR(IF(OR($Z66="",$Z65="",$X65="",($Z65-IF($W65="",0,$W65))=0),IF($X65="","",$X65),($Z66-IF($W66="",0,$W66))+($X65-($Z65-IF($W65="",0,$W65)))*(1+2*(($Z66-IF($W66="",0,$W66))/($Z65-IF($W65="",0,$W65))-1))),IF($X65="","",$X65))) | Y66: =IF($A66="","",IFERROR(IF(OR($S66="",$S65="",$Y65="",$S65=0),IF($Y65="","",$Y65),$S66+($Y65-$S65)*(1+2*($S66/$S65-1))),IF($Y65="","",$Y65))) | Z66: =IF($S66="","",$S66+IF($U66="",0,$U66)+IF($V66="",0,$V66)) | AA66: =SUMIFS('09_CF_원금'!$E$6:$E$92,'09_CF_원금'!$D$6:$D$92,"국장",'09_CF_원금'!$A$6:$A$92,"<="&$A66)-SUMIFS('09_CF_원금'!$E$6:$E$92,'09_CF_원금'!$C$6:$C$92,"국장",'09_CF_원금'!$A$6:$A$92,"<="&$A66) -> 200000000 | AB66: =SUMIFS('09_CF_원금'!$E$6:$E$92,'09_CF_원금'!$D$6:$D$92,"미장",'09_CF_원금'!$A$6:$A$92,"<="&$A66)-SUMIFS('09_CF_원금'!$E$6:$E$92,'09_CF_원금'!$C$6:$C$92,"미장",'09_CF_원금'!$A$6:$A$92,"<="&$A66) -> 110000000 | AC66: =SUMIFS('09_CF_원금'!$E$6:$E$92,'09_CF_원금'!$D$6:$D$92,"ISA",'09_CF_원금'!$A$6:$A$92,"<="&$A66)-SUMIFS('09_CF_원금'!$E$6:$E$92,'09_CF_원금'!$C$6:$C$92,"ISA",'09_CF_원금'!$A$6:$A$92,"<="&$A66) -> 40000000 | AD66: =IF($A66="","",$AA66+$AB66+$AC66+SUMIFS('09_CF_원금'!$E$6:$E$92,'09_CF_원금'!$D$6:$D$92,"중국",'09_CF_원금'!$A$6:$A$92,"<="&$A66)-SUMIFS('09_CF_원금'!$E$6:$E$92,'09_CF_원금'!$C$6:$C$92,"중국",'09_CF_원금'!$A$6:$A$92,"<="&$A66)) -> 350000000 | AE66: =IF($B66="","",MAX($B$5:$B66)) | AK66: =IF($A66="","",YEAR($A66)*100+MONTH($A66)) -> 202603 | AL66: =IF($P66="","",IF($P66="😱 극도의 공포",-2,IF($P66="😨 공포",-1,IF($P66="😐 평온",0,IF($P66="😃 탐욕",1,IF($P66="🤑 극도의 탐욕",2,""))))))
A67: 46094 | B67: =IF($A67="","",IF(AND($T67<>"",$U67<>"",$V67<>""),$T67+$U67+$V67,IF(AND($Z67<>"",$G67<>""),$Z67-$G67,IF($AG67<>"",$AD67+$AG67,"")))) -> 551303827 | C67: =IF($B67="","",IFERROR($B67-LOOKUP(2,1/($B$5:$B66<>""),$B$5:$B66),"")) | D67: =IF(OR($B67="",$AD67=""),"",$B67-$AD67) -> 201303827 | E67: =IF(OR($B67="",$AE67=0,$AE67=""),"",MIN(0,$B67/$AE67-1)) -> -0.1605618 | F67: =IF(OR($Y67="",$Y67=0,$G67="",$G67=0),"",($S67-$G67*'03_포지션'!$B$13)/$Y67) | G67: =IF(OR($S67="",$T67=""),"",$S67-$T67) | H67: =IF(OR($X67="",$Z67=""),"",$X67-($Z67-IF($W67="",0,$W67))) | I67: =IF(OR($G67="",$H67=""),"",$G67+$H67) | J67: =IF(OR($I67="",'09_CF_원금'!$B$108=0),"",$I67/'09_CF_원금'!$B$108) | K67: =IF(OR($X67="",$X67=0,$I67=""),"",$I67/$X67) | L67: =IF(OR($W67="",$X67=""),"",$W67/($X67+$W67)) | M67: =IF($T67<>"",$T67-$AA67,IF($AH67<>"",$AH67,"")) -> 166704451 | N67: =IF($U67<>"",$U67-$AB67,IF($AI67<>"",$AI67,"")) -> 28266315 | O67: =IF($V67<>"",$V67-$AC67,IF($AJ67<>"",$AJ67,"")) -> 6333061 | W67: =IF($A67="","",IF($W66="","",$W66)) | X67: =IF($A67="","",IFERROR(IF(OR($Z67="",$Z66="",$X66="",($Z66-IF($W66="",0,$W66))=0),IF($X66="","",$X66),($Z67-IF($W67="",0,$W67))+($X66-($Z66-IF($W66="",0,$W66)))*(1+2*(($Z67-IF($W67="",0,$W67))/($Z66-IF($W66="",0,$W66))-1))),IF($X66="","",$X66))) | Y67: =IF($A67="","",IFERROR(IF(OR($S67="",$S66="",$Y66="",$S66=0),IF($Y66="","",$Y66),$S67+($Y66-$S66)*(1+2*($S67/$S66-1))),IF($Y66="","",$Y66))) | Z67: =IF($S67="","",$S67+IF($U67="",0,$U67)+IF($V67="",0,$V67)) | AA67: =SUMIFS('09_CF_원금'!$E$6:$E$92,'09_CF_원금'!$D$6:$D$92,"국장",'09_CF_원금'!$A$6:$A$92,"<="&$A67)-SUMIFS('09_CF_원금'!$E$6:$E$92,'09_CF_원금'!$C$6:$C$92,"국장",'09_CF_원금'!$A$6:$A$92,"<="&$A67) -> 200000000 | AB67: =SUMIFS('09_CF_원금'!$E$6:$E$92,'09_CF_원금'!$D$6:$D$92,"미장",'09_CF_원금'!$A$6:$A$92,"<="&$A67)-SUMIFS('09_CF_원금'!$E$6:$E$92,'09_CF_원금'!$C$6:$C$92,"미장",'09_CF_원금'!$A$6:$A$92,"<="&$A67) -> 110000000 | AC67: =SUMIFS('09_CF_원금'!$E$6:$E$92,'09_CF_원금'!$D$6:$D$92,"ISA",'09_CF_원금'!$A$6:$A$92,"<="&$A67)-SUMIFS('09_CF_원금'!$E$6:$E$92,'09_CF_원금'!$C$6:$C$92,"ISA",'09_CF_원금'!$A$6:$A$92,"<="&$A67) -> 40000000 | AD67: =IF($A67="","",$AA67+$AB67+$AC67+SUMIFS('09_CF_원금'!$E$6:$E$92,'09_CF_원금'!$D$6:$D$92,"중국",'09_CF_원금'!$A$6:$A$92,"<="&$A67)-SUMIFS('09_CF_원금'!$E$6:$E$92,'09_CF_원금'!$C$6:$C$92,"중국",'09_CF_원금'!$A$6:$A$92,"<="&$A67)) -> 350000000 | AE67: =IF($B67="","",MAX($B$5:$B67)) -> 656753322 | AF67: 24560 | AG67: 201303827 | AH67: 166704451 | AI67: 28266315 | AJ67: 6333061 | AK67: =IF($A67="","",YEAR($A67)*100+MONTH($A67)) -> 202603 | AL67: =IF($P67="","",IF($P67="😱 극도의 공포",-2,IF($P67="😨 공포",-1,IF($P67="😐 평온",0,IF($P67="😃 탐욕",1,IF($P67="🤑 극도의 탐욕",2,""))))))
A68: 46097 | B68: =IF($A68="","",IF(AND($T68<>"",$U68<>"",$V68<>""),$T68+$U68+$V68,IF(AND($Z68<>"",$G68<>""),$Z68-$G68,IF($AG68<>"",$AD68+$AG68,"")))) | C68: =IF($B68="","",IFERROR($B68-LOOKUP(2,1/($B$5:$B67<>""),$B$5:$B67),"")) | D68: =IF(OR($B68="",$AD68=""),"",$B68-$AD68) | E68: =IF(OR($B68="",$AE68=0,$AE68=""),"",MIN(0,$B68/$AE68-1)) | F68: =IF(OR($Y68="",$Y68=0,$G68="",$G68=0),"",($S68-$G68*'03_포지션'!$B$13)/$Y68) | G68: =IF(OR($S68="",$T68=""),"",$S68-$T68) | H68: =IF(OR($X68="",$Z68=""),"",$X68-($Z68-IF($W68="",0,$W68))) | I68: =IF(OR($G68="",$H68=""),"",$G68+$H68) | J68: =IF(OR($I68="",'09_CF_원금'!$B$108=0),"",$I68/'09_CF_원금'!$B$108) | K68: =IF(OR($X68="",$X68=0,$I68=""),"",$I68/$X68) | L68: =IF(OR($W68="",$X68=""),"",$W68/($X68+$W68)) | M68: =IF($T68<>"",$T68-$AA68,IF($AH68<>"",$AH68,"")) | N68: =IF($U68<>"",$U68-$AB68,IF($AI68<>"",$AI68,"")) | O68: =IF($V68<>"",$V68-$AC68,IF($AJ68<>"",$AJ68,"")) | W68: =IF($A68="","",IF($W67="","",$W67)) | X68: =IF($A68="","",IFERROR(IF(OR($Z68="",$Z67="",$X67="",($Z67-IF($W67="",0,$W67))=0),IF($X67="","",$X67),($Z68-IF($W68="",0,$W68))+($X67-($Z67-IF($W67="",0,$W67)))*(1+2*(($Z68-IF($W68="",0,$W68))/($Z67-IF($W67="",0,$W67))-1))),IF($X67="","",$X67))) | Y68: =IF($A68="","",IFERROR(IF(OR($S68="",$S67="",$Y67="",$S67=0),IF($Y67="","",$Y67),$S68+($Y67-$S67)*(1+2*($S68/$S67-1))),IF($Y67="","",$Y67))) | Z68: =IF($S68="","",$S68+IF($U68="",0,$U68)+IF($V68="",0,$V68)) | AA68: =SUMIFS('09_CF_원금'!$E$6:$E$92,'09_CF_원금'!$D$6:$D$92,"국장",'09_CF_원금'!$A$6:$A$92,"<="&$A68)-SUMIFS('09_CF_원금'!$E$6:$E$92,'09_CF_원금'!$C$6:$C$92,"국장",'09_CF_원금'!$A$6:$A$92,"<="&$A68) -> 210000000 | AB68: =SUMIFS('09_CF_원금'!$E$6:$E$92,'09_CF_원금'!$D$6:$D$92,"미장",'09_CF_원금'!$A$6:$A$92,"<="&$A68)-SUMIFS('09_CF_원금'!$E$6:$E$92,'09_CF_원금'!$C$6:$C$92,"미장",'09_CF_원금'!$A$6:$A$92,"<="&$A68) -> 100000000 | AC68: =SUMIFS('09_CF_원금'!$E$6:$E$92,'09_CF_원금'!$D$6:$D$92,"ISA",'09_CF_원금'!$A$6:$A$92,"<="&$A68)-SUMIFS('09_CF_원금'!$E$6:$E$92,'09_CF_원금'!$C$6:$C$92,"ISA",'09_CF_원금'!$A$6:$A$92,"<="&$A68) -> 40000000 | AD68: =IF($A68="","",$AA68+$AB68+$AC68+SUMIFS('09_CF_원금'!$E$6:$E$92,'09_CF_원금'!$D$6:$D$92,"중국",'09_CF_원금'!$A$6:$A$92,"<="&$A68)-SUMIFS('09_CF_원금'!$E$6:$E$92,'09_CF_원금'!$C$6:$C$92,"중국",'09_CF_원금'!$A$6:$A$92,"<="&$A68)) -> 350000000 | AE68: =IF($B68="","",MAX($B$5:$B68)) | AK68: =IF($A68="","",YEAR($A68)*100+MONTH($A68)) -> 202603 | AL68: =IF($P68="","",IF($P68="😱 극도의 공포",-2,IF($P68="😨 공포",-1,IF($P68="😐 평온",0,IF($P68="😃 탐욕",1,IF($P68="🤑 극도의 탐욕",2,""))))))
A69: 46098 | B69: =IF($A69="","",IF(AND($T69<>"",$U69<>"",$V69<>""),$T69+$U69+$V69,IF(AND($Z69<>"",$G69<>""),$Z69-$G69,IF($AG69<>"",$AD69+$AG69,"")))) | C69: =IF($B69="","",IFERROR($B69-LOOKUP(2,1/($B$5:$B68<>""),$B$5:$B68),"")) | D69: =IF(OR($B69="",$AD69=""),"",$B69-$AD69) | E69: =IF(OR($B69="",$AE69=0,$AE69=""),"",MIN(0,$B69/$AE69-1)) | F69: =IF(OR($Y69="",$Y69=0,$G69="",$G69=0),"",($S69-$G69*'03_포지션'!$B$13)/$Y69) | G69: =IF(OR($S69="",$T69=""),"",$S69-$T69) | H69: =IF(OR($X69="",$Z69=""),"",$X69-($Z69-IF($W69="",0,$W69))) | I69: =IF(OR($G69="",$H69=""),"",$G69+$H69) | J69: =IF(OR($I69="",'09_CF_원금'!$B$108=0),"",$I69/'09_CF_원금'!$B$108) | K69: =IF(OR($X69="",$X69=0,$I69=""),"",$I69/$X69) | L69: =IF(OR($W69="",$X69=""),"",$W69/($X69+$W69)) | M69: =IF($T69<>"",$T69-$AA69,IF($AH69<>"",$AH69,"")) | N69: =IF($U69<>"",$U69-$AB69,IF($AI69<>"",$AI69,"")) | O69: =IF($V69<>"",$V69-$AC69,IF($AJ69<>"",$AJ69,"")) | W69: =IF($A69="","",IF($W68="","",$W68)) | X69: =IF($A69="","",IFERROR(IF(OR($Z69="",$Z68="",$X68="",($Z68-IF($W68="",0,$W68))=0),IF($X68="","",$X68),($Z69-IF($W69="",0,$W69))+($X68-($Z68-IF($W68="",0,$W68)))*(1+2*(($Z69-IF($W69="",0,$W69))/($Z68-IF($W68="",0,$W68))-1))),IF($X68="","",$X68))) | Y69: =IF($A69="","",IFERROR(IF(OR($S69="",$S68="",$Y68="",$S68=0),IF($Y68="","",$Y68),$S69+($Y68-$S68)*(1+2*($S69/$S68-1))),IF($Y68="","",$Y68))) | Z69: =IF($S69="","",$S69+IF($U69="",0,$U69)+IF($V69="",0,$V69)) | AA69: =SUMIFS('09_CF_원금'!$E$6:$E$92,'09_CF_원금'!$D$6:$D$92,"국장",'09_CF_원금'!$A$6:$A$92,"<="&$A69)-SUMIFS('09_CF_원금'!$E$6:$E$92,'09_CF_원금'!$C$6:$C$92,"국장",'09_CF_원금'!$A$6:$A$92,"<="&$A69) -> 210000000 | AB69: =SUMIFS('09_CF_원금'!$E$6:$E$92,'09_CF_원금'!$D$6:$D$92,"미장",'09_CF_원금'!$A$6:$A$92,"<="&$A69)-SUMIFS('09_CF_원금'!$E$6:$E$92,'09_CF_원금'!$C$6:$C$92,"미장",'09_CF_원금'!$A$6:$A$92,"<="&$A69) -> 100000000 | AC69: =SUMIFS('09_CF_원금'!$E$6:$E$92,'09_CF_원금'!$D$6:$D$92,"ISA",'09_CF_원금'!$A$6:$A$92,"<="&$A69)-SUMIFS('09_CF_원금'!$E$6:$E$92,'09_CF_원금'!$C$6:$C$92,"ISA",'09_CF_원금'!$A$6:$A$92,"<="&$A69) -> 40000000 | AD69: =IF($A69="","",$AA69+$AB69+$AC69+SUMIFS('09_CF_원금'!$E$6:$E$92,'09_CF_원금'!$D$6:$D$92,"중국",'09_CF_원금'!$A$6:$A$92,"<="&$A69)-SUMIFS('09_CF_원금'!$E$6:$E$92,'09_CF_원금'!$C$6:$C$92,"중국",'09_CF_원금'!$A$6:$A$92,"<="&$A69)) -> 350000000 | AE69: =IF($B69="","",MAX($B$5:$B69)) | AK69: =IF($A69="","",YEAR($A69)*100+MONTH($A69)) -> 202603 | AL69: =IF($P69="","",IF($P69="😱 극도의 공포",-2,IF($P69="😨 공포",-1,IF($P69="😐 평온",0,IF($P69="😃 탐욕",1,IF($P69="🤑 극도의 탐욕",2,""))))))
A70: 46099 | B70: =IF($A70="","",IF(AND($T70<>"",$U70<>"",$V70<>""),$T70+$U70+$V70,IF(AND($Z70<>"",$G70<>""),$Z70-$G70,IF($AG70<>"",$AD70+$AG70,"")))) | C70: =IF($B70="","",IFERROR($B70-LOOKUP(2,1/($B$5:$B69<>""),$B$5:$B69),"")) | D70: =IF(OR($B70="",$AD70=""),"",$B70-$AD70) | E70: =IF(OR($B70="",$AE70=0,$AE70=""),"",MIN(0,$B70/$AE70-1)) | F70: =IF(OR($Y70="",$Y70=0,$G70="",$G70=0),"",($S70-$G70*'03_포지션'!$B$13)/$Y70) | G70: =IF(OR($S70="",$T70=""),"",$S70-$T70) | H70: =IF(OR($X70="",$Z70=""),"",$X70-($Z70-IF($W70="",0,$W70))) | I70: =IF(OR($G70="",$H70=""),"",$G70+$H70) | J70: =IF(OR($I70="",'09_CF_원금'!$B$108=0),"",$I70/'09_CF_원금'!$B$108) | K70: =IF(OR($X70="",$X70=0,$I70=""),"",$I70/$X70) | L70: =IF(OR($W70="",$X70=""),"",$W70/($X70+$W70)) | M70: =IF($T70<>"",$T70-$AA70,IF($AH70<>"",$AH70,"")) | N70: =IF($U70<>"",$U70-$AB70,IF($AI70<>"",$AI70,"")) | O70: =IF($V70<>"",$V70-$AC70,IF($AJ70<>"",$AJ70,"")) | W70: =IF($A70="","",IF($W69="","",$W69)) | X70: =IF($A70="","",IFERROR(IF(OR($Z70="",$Z69="",$X69="",($Z69-IF($W69="",0,$W69))=0),IF($X69="","",$X69),($Z70-IF($W70="",0,$W70))+($X69-($Z69-IF($W69="",0,$W69)))*(1+2*(($Z70-IF($W70="",0,$W70))/($Z69-IF($W69="",0,$W69))-1))),IF($X69="","",$X69))) | Y70: =IF($A70="","",IFERROR(IF(OR($S70="",$S69="",$Y69="",$S69=0),IF($Y69="","",$Y69),$S70+($Y69-$S69)*(1+2*($S70/$S69-1))),IF($Y69="","",$Y69))) | Z70: =IF($S70="","",$S70+IF($U70="",0,$U70)+IF($V70="",0,$V70)) | AA70: =SUMIFS('09_CF_원금'!$E$6:$E$92,'09_CF_원금'!$D$6:$D$92,"국장",'09_CF_원금'!$A$6:$A$92,"<="&$A70)-SUMIFS('09_CF_원금'!$E$6:$E$92,'09_CF_원금'!$C$6:$C$92,"국장",'09_CF_원금'!$A$6:$A$92,"<="&$A70) -> 210000000 | AB70: =SUMIFS('09_CF_원금'!$E$6:$E$92,'09_CF_원금'!$D$6:$D$92,"미장",'09_CF_원금'!$A$6:$A$92,"<="&$A70)-SUMIFS('09_CF_원금'!$E$6:$E$92,'09_CF_원금'!$C$6:$C$92,"미장",'09_CF_원금'!$A$6:$A$92,"<="&$A70) -> 100000000 | AC70: =SUMIFS('09_CF_원금'!$E$6:$E$92,'09_CF_원금'!$D$6:$D$92,"ISA",'09_CF_원금'!$A$6:$A$92,"<="&$A70)-SUMIFS('09_CF_원금'!$E$6:$E$92,'09_CF_원금'!$C$6:$C$92,"ISA",'09_CF_원금'!$A$6:$A$92,"<="&$A70) -> 40000000 | AD70: =IF($A70="","",$AA70+$AB70+$AC70+SUMIFS('09_CF_원금'!$E$6:$E$92,'09_CF_원금'!$D$6:$D$92,"중국",'09_CF_원금'!$A$6:$A$92,"<="&$A70)-SUMIFS('09_CF_원금'!$E$6:$E$92,'09_CF_원금'!$C$6:$C$92,"중국",'09_CF_원금'!$A$6:$A$92,"<="&$A70)) -> 350000000 | AE70: =IF($B70="","",MAX($B$5:$B70)) | AK70: =IF($A70="","",YEAR($A70)*100+MONTH($A70)) -> 202603 | AL70: =IF($P70="","",IF($P70="😱 극도의 공포",-2,IF($P70="😨 공포",-1,IF($P70="😐 평온",0,IF($P70="😃 탐욕",1,IF($P70="🤑 극도의 탐욕",2,""))))))
A71: 46100 | B71: =IF($A71="","",IF(AND($T71<>"",$U71<>"",$V71<>""),$T71+$U71+$V71,IF(AND($Z71<>"",$G71<>""),$Z71-$G71,IF($AG71<>"",$AD71+$AG71,"")))) | C71: =IF($B71="","",IFERROR($B71-LOOKUP(2,1/($B$5:$B70<>""),$B$5:$B70),"")) | D71: =IF(OR($B71="",$AD71=""),"",$B71-$AD71) | E71: =IF(OR($B71="",$AE71=0,$AE71=""),"",MIN(0,$B71/$AE71-1)) | F71: =IF(OR($Y71="",$Y71=0,$G71="",$G71=0),"",($S71-$G71*'03_포지션'!$B$13)/$Y71) | G71: =IF(OR($S71="",$T71=""),"",$S71-$T71) | H71: =IF(OR($X71="",$Z71=""),"",$X71-($Z71-IF($W71="",0,$W71))) | I71: =IF(OR($G71="",$H71=""),"",$G71+$H71) | J71: =IF(OR($I71="",'09_CF_원금'!$B$108=0),"",$I71/'09_CF_원금'!$B$108) | K71: =IF(OR($X71="",$X71=0,$I71=""),"",$I71/$X71) | L71: =IF(OR($W71="",$X71=""),"",$W71/($X71+$W71)) | M71: =IF($T71<>"",$T71-$AA71,IF($AH71<>"",$AH71,"")) | N71: =IF($U71<>"",$U71-$AB71,IF($AI71<>"",$AI71,"")) | O71: =IF($V71<>"",$V71-$AC71,IF($AJ71<>"",$AJ71,"")) | W71: =IF($A71="","",IF($W70="","",$W70)) | X71: =IF($A71="","",IFERROR(IF(OR($Z71="",$Z70="",$X70="",($Z70-IF($W70="",0,$W70))=0),IF($X70="","",$X70),($Z71-IF($W71="",0,$W71))+($X70-($Z70-IF($W70="",0,$W70)))*(1+2*(($Z71-IF($W71="",0,$W71))/($Z70-IF($W70="",0,$W70))-1))),IF($X70="","",$X70))) | Y71: =IF($A71="","",IFERROR(IF(OR($S71="",$S70="",$Y70="",$S70=0),IF($Y70="","",$Y70),$S71+($Y70-$S70)*(1+2*($S71/$S70-1))),IF($Y70="","",$Y70))) | Z71: =IF($S71="","",$S71+IF($U71="",0,$U71)+IF($V71="",0,$V71)) | AA71: =SUMIFS('09_CF_원금'!$E$6:$E$92,'09_CF_원금'!$D$6:$D$92,"국장",'09_CF_원금'!$A$6:$A$92,"<="&$A71)-SUMIFS('09_CF_원금'!$E$6:$E$92,'09_CF_원금'!$C$6:$C$92,"국장",'09_CF_원금'!$A$6:$A$92,"<="&$A71) -> 210000000 | AB71: =SUMIFS('09_CF_원금'!$E$6:$E$92,'09_CF_원금'!$D$6:$D$92,"미장",'09_CF_원금'!$A$6:$A$92,"<="&$A71)-SUMIFS('09_CF_원금'!$E$6:$E$92,'09_CF_원금'!$C$6:$C$92,"미장",'09_CF_원금'!$A$6:$A$92,"<="&$A71) -> 100000000 | AC71: =SUMIFS('09_CF_원금'!$E$6:$E$92,'09_CF_원금'!$D$6:$D$92,"ISA",'09_CF_원금'!$A$6:$A$92,"<="&$A71)-SUMIFS('09_CF_원금'!$E$6:$E$92,'09_CF_원금'!$C$6:$C$92,"ISA",'09_CF_원금'!$A$6:$A$92,"<="&$A71) -> 40000000 | AD71: =IF($A71="","",$AA71+$AB71+$AC71+SUMIFS('09_CF_원금'!$E$6:$E$92,'09_CF_원금'!$D$6:$D$92,"중국",'09_CF_원금'!$A$6:$A$92,"<="&$A71)-SUMIFS('09_CF_원금'!$E$6:$E$92,'09_CF_원금'!$C$6:$C$92,"중국",'09_CF_원금'!$A$6:$A$92,"<="&$A71)) -> 350000000 | AE71: =IF($B71="","",MAX($B$5:$B71)) | AK71: =IF($A71="","",YEAR($A71)*100+MONTH($A71)) -> 202603 | AL71: =IF($P71="","",IF($P71="😱 극도의 공포",-2,IF($P71="😨 공포",-1,IF($P71="😐 평온",0,IF($P71="😃 탐욕",1,IF($P71="🤑 극도의 탐욕",2,""))))))
A72: 46101 | B72: =IF($A72="","",IF(AND($T72<>"",$U72<>"",$V72<>""),$T72+$U72+$V72,IF(AND($Z72<>"",$G72<>""),$Z72-$G72,IF($AG72<>"",$AD72+$AG72,"")))) -> 605103384 | C72: =IF($B72="","",IFERROR($B72-LOOKUP(2,1/($B$5:$B71<>""),$B$5:$B71),"")) | D72: =IF(OR($B72="",$AD72=""),"",$B72-$AD72) -> 255103384 | E72: =IF(OR($B72="",$AE72=0,$AE72=""),"",MIN(0,$B72/$AE72-1)) -> -0.07864435 | F72: =IF(OR($Y72="",$Y72=0,$G72="",$G72=0),"",($S72-$G72*'03_포지션'!$B$13)/$Y72) | G72: =IF(OR($S72="",$T72=""),"",$S72-$T72) | H72: =IF(OR($X72="",$Z72=""),"",$X72-($Z72-IF($W72="",0,$W72))) | I72: =IF(OR($G72="",$H72=""),"",$G72+$H72) | J72: =IF(OR($I72="",'09_CF_원금'!$B$108=0),"",$I72/'09_CF_원금'!$B$108) | K72: =IF(OR($X72="",$X72=0,$I72=""),"",$I72/$X72) | L72: =IF(OR($W72="",$X72=""),"",$W72/($X72+$W72)) | M72: =IF($T72<>"",$T72-$AA72,IF($AH72<>"",$AH72,"")) -> 214759356 | N72: =IF($U72<>"",$U72-$AB72,IF($AI72<>"",$AI72,"")) -> 31983128 | O72: =IF($V72<>"",$V72-$AC72,IF($AJ72<>"",$AJ72,"")) -> 8360900 | W72: =IF($A72="","",IF($W71="","",$W71)) | X72: =IF($A72="","",IFERROR(IF(OR($Z72="",$Z71="",$X71="",($Z71-IF($W71="",0,$W71))=0),IF($X71="","",$X71),($Z72-IF($W72="",0,$W72))+($X71-($Z71-IF($W71="",0,$W71)))*(1+2*(($Z72-IF($W72="",0,$W72))/($Z71-IF($W71="",0,$W71))-1))),IF($X71="","",$X71))) | Y72: =IF($A72="","",IFERROR(IF(OR($S72="",$S71="",$Y71="",$S71=0),IF($Y71="","",$Y71),$S72+($Y71-$S71)*(1+2*($S72/$S71-1))),IF($Y71="","",$Y71))) | Z72: =IF($S72="","",$S72+IF($U72="",0,$U72)+IF($V72="",0,$V72)) | AA72: =SUMIFS('09_CF_원금'!$E$6:$E$92,'09_CF_원금'!$D$6:$D$92,"국장",'09_CF_원금'!$A$6:$A$92,"<="&$A72)-SUMIFS('09_CF_원금'!$E$6:$E$92,'09_CF_원금'!$C$6:$C$92,"국장",'09_CF_원금'!$A$6:$A$92,"<="&$A72) -> 220000000 | AB72: =SUMIFS('09_CF_원금'!$E$6:$E$92,'09_CF_원금'!$D$6:$D$92,"미장",'09_CF_원금'!$A$6:$A$92,"<="&$A72)-SUMIFS('09_CF_원금'!$E$6:$E$92,'09_CF_원금'!$C$6:$C$92,"미장",'09_CF_원금'!$A$6:$A$92,"<="&$A72) -> 90000000 | AC72: =SUMIFS('09_CF_원금'!$E$6:$E$92,'09_CF_원금'!$D$6:$D$92,"ISA",'09_CF_원금'!$A$6:$A$92,"<="&$A72)-SUMIFS('09_CF_원금'!$E$6:$E$92,'09_CF_원금'!$C$6:$C$92,"ISA",'09_CF_원금'!$A$6:$A$92,"<="&$A72) -> 40000000 | AD72: =IF($A72="","",$AA72+$AB72+$AC72+SUMIFS('09_CF_원금'!$E$6:$E$92,'09_CF_원금'!$D$6:$D$92,"중국",'09_CF_원금'!$A$6:$A$92,"<="&$A72)-SUMIFS('09_CF_원금'!$E$6:$E$92,'09_CF_원금'!$C$6:$C$92,"중국",'09_CF_원금'!$A$6:$A$92,"<="&$A72)) -> 350000000 | AE72: =IF($B72="","",MAX($B$5:$B72)) -> 656753322 | AF72: 24101 | AG72: 255103384 | AH72: 214759356 | AI72: 31983128 | AJ72: 8360900 | AK72: =IF($A72="","",YEAR($A72)*100+MONTH($A72)) -> 202603 | AL72: =IF($P72="","",IF($P72="😱 극도의 공포",-2,IF($P72="😨 공포",-1,IF($P72="😐 평온",0,IF($P72="😃 탐욕",1,IF($P72="🤑 극도의 탐욕",2,""))))))
A73: 46104 | B73: =IF($A73="","",IF(AND($T73<>"",$U73<>"",$V73<>""),$T73+$U73+$V73,IF(AND($Z73<>"",$G73<>""),$Z73-$G73,IF($AG73<>"",$AD73+$AG73,"")))) | C73: =IF($B73="","",IFERROR($B73-LOOKUP(2,1/($B$5:$B72<>""),$B$5:$B72),"")) | D73: =IF(OR($B73="",$AD73=""),"",$B73-$AD73) | E73: =IF(OR($B73="",$AE73=0,$AE73=""),"",MIN(0,$B73/$AE73-1)) | F73: =IF(OR($Y73="",$Y73=0,$G73="",$G73=0),"",($S73-$G73*'03_포지션'!$B$13)/$Y73) | G73: =IF(OR($S73="",$T73=""),"",$S73-$T73) | H73: =IF(OR($X73="",$Z73=""),"",$X73-($Z73-IF($W73="",0,$W73))) | I73: =IF(OR($G73="",$H73=""),"",$G73+$H73) | J73: =IF(OR($I73="",'09_CF_원금'!$B$108=0),"",$I73/'09_CF_원금'!$B$108) | K73: =IF(OR($X73="",$X73=0,$I73=""),"",$I73/$X73) | L73: =IF(OR($W73="",$X73=""),"",$W73/($X73+$W73)) | M73: =IF($T73<>"",$T73-$AA73,IF($AH73<>"",$AH73,"")) | N73: =IF($U73<>"",$U73-$AB73,IF($AI73<>"",$AI73,"")) | O73: =IF($V73<>"",$V73-$AC73,IF($AJ73<>"",$AJ73,"")) | W73: =IF($A73="","",IF($W72="","",$W72)) | X73: =IF($A73="","",IFERROR(IF(OR($Z73="",$Z72="",$X72="",($Z72-IF($W72="",0,$W72))=0),IF($X72="","",$X72),($Z73-IF($W73="",0,$W73))+($X72-($Z72-IF($W72="",0,$W72)))*(1+2*(($Z73-IF($W73="",0,$W73))/($Z72-IF($W72="",0,$W72))-1))),IF($X72="","",$X72))) | Y73: =IF($A73="","",IFERROR(IF(OR($S73="",$S72="",$Y72="",$S72=0),IF($Y72="","",$Y72),$S73+($Y72-$S72)*(1+2*($S73/$S72-1))),IF($Y72="","",$Y72))) | Z73: =IF($S73="","",$S73+IF($U73="",0,$U73)+IF($V73="",0,$V73)) | AA73: =SUMIFS('09_CF_원금'!$E$6:$E$92,'09_CF_원금'!$D$6:$D$92,"국장",'09_CF_원금'!$A$6:$A$92,"<="&$A73)-SUMIFS('09_CF_원금'!$E$6:$E$92,'09_CF_원금'!$C$6:$C$92,"국장",'09_CF_원금'!$A$6:$A$92,"<="&$A73) -> 220000000 | AB73: =SUMIFS('09_CF_원금'!$E$6:$E$92,'09_CF_원금'!$D$6:$D$92,"미장",'09_CF_원금'!$A$6:$A$92,"<="&$A73)-SUMIFS('09_CF_원금'!$E$6:$E$92,'09_CF_원금'!$C$6:$C$92,"미장",'09_CF_원금'!$A$6:$A$92,"<="&$A73) -> 90000000 | AC73: =SUMIFS('09_CF_원금'!$E$6:$E$92,'09_CF_원금'!$D$6:$D$92,"ISA",'09_CF_원금'!$A$6:$A$92,"<="&$A73)-SUMIFS('09_CF_원금'!$E$6:$E$92,'09_CF_원금'!$C$6:$C$92,"ISA",'09_CF_원금'!$A$6:$A$92,"<="&$A73) -> 40000000 | AD73: =IF($A73="","",$AA73+$AB73+$AC73+SUMIFS('09_CF_원금'!$E$6:$E$92,'09_CF_원금'!$D$6:$D$92,"중국",'09_CF_원금'!$A$6:$A$92,"<="&$A73)-SUMIFS('09_CF_원금'!$E$6:$E$92,'09_CF_원금'!$C$6:$C$92,"중국",'09_CF_원금'!$A$6:$A$92,"<="&$A73)) -> 350000000 | AE73: =IF($B73="","",MAX($B$5:$B73)) | AK73: =IF($A73="","",YEAR($A73)*100+MONTH($A73)) -> 202603 | AL73: =IF($P73="","",IF($P73="😱 극도의 공포",-2,IF($P73="😨 공포",-1,IF($P73="😐 평온",0,IF($P73="😃 탐욕",1,IF($P73="🤑 극도의 탐욕",2,""))))))
A74: 46105 | B74: =IF($A74="","",IF(AND($T74<>"",$U74<>"",$V74<>""),$T74+$U74+$V74,IF(AND($Z74<>"",$G74<>""),$Z74-$G74,IF($AG74<>"",$AD74+$AG74,"")))) | C74: =IF($B74="","",IFERROR($B74-LOOKUP(2,1/($B$5:$B73<>""),$B$5:$B73),"")) | D74: =IF(OR($B74="",$AD74=""),"",$B74-$AD74) | E74: =IF(OR($B74="",$AE74=0,$AE74=""),"",MIN(0,$B74/$AE74-1)) | F74: =IF(OR($Y74="",$Y74=0,$G74="",$G74=0),"",($S74-$G74*'03_포지션'!$B$13)/$Y74) | G74: =IF(OR($S74="",$T74=""),"",$S74-$T74) | H74: =IF(OR($X74="",$Z74=""),"",$X74-($Z74-IF($W74="",0,$W74))) | I74: =IF(OR($G74="",$H74=""),"",$G74+$H74) | J74: =IF(OR($I74="",'09_CF_원금'!$B$108=0),"",$I74/'09_CF_원금'!$B$108) | K74: =IF(OR($X74="",$X74=0,$I74=""),"",$I74/$X74) | L74: =IF(OR($W74="",$X74=""),"",$W74/($X74+$W74)) | M74: =IF($T74<>"",$T74-$AA74,IF($AH74<>"",$AH74,"")) | N74: =IF($U74<>"",$U74-$AB74,IF($AI74<>"",$AI74,"")) | O74: =IF($V74<>"",$V74-$AC74,IF($AJ74<>"",$AJ74,"")) | W74: =IF($A74="","",IF($W73="","",$W73)) | X74: =IF($A74="","",IFERROR(IF(OR($Z74="",$Z73="",$X73="",($Z73-IF($W73="",0,$W73))=0),IF($X73="","",$X73),($Z74-IF($W74="",0,$W74))+($X73-($Z73-IF($W73="",0,$W73)))*(1+2*(($Z74-IF($W74="",0,$W74))/($Z73-IF($W73="",0,$W73))-1))),IF($X73="","",$X73))) | Y74: =IF($A74="","",IFERROR(IF(OR($S74="",$S73="",$Y73="",$S73=0),IF($Y73="","",$Y73),$S74+($Y73-$S73)*(1+2*($S74/$S73-1))),IF($Y73="","",$Y73))) | Z74: =IF($S74="","",$S74+IF($U74="",0,$U74)+IF($V74="",0,$V74)) | AA74: =SUMIFS('09_CF_원금'!$E$6:$E$92,'09_CF_원금'!$D$6:$D$92,"국장",'09_CF_원금'!$A$6:$A$92,"<="&$A74)-SUMIFS('09_CF_원금'!$E$6:$E$92,'09_CF_원금'!$C$6:$C$92,"국장",'09_CF_원금'!$A$6:$A$92,"<="&$A74) -> 220000000 | AB74: =SUMIFS('09_CF_원금'!$E$6:$E$92,'09_CF_원금'!$D$6:$D$92,"미장",'09_CF_원금'!$A$6:$A$92,"<="&$A74)-SUMIFS('09_CF_원금'!$E$6:$E$92,'09_CF_원금'!$C$6:$C$92,"미장",'09_CF_원금'!$A$6:$A$92,"<="&$A74) -> 90000000 | AC74: =SUMIFS('09_CF_원금'!$E$6:$E$92,'09_CF_원금'!$D$6:$D$92,"ISA",'09_CF_원금'!$A$6:$A$92,"<="&$A74)-SUMIFS('09_CF_원금'!$E$6:$E$92,'09_CF_원금'!$C$6:$C$92,"ISA",'09_CF_원금'!$A$6:$A$92,"<="&$A74) -> 40000000 | AD74: =IF($A74="","",$AA74+$AB74+$AC74+SUMIFS('09_CF_원금'!$E$6:$E$92,'09_CF_원금'!$D$6:$D$92,"중국",'09_CF_원금'!$A$6:$A$92,"<="&$A74)-SUMIFS('09_CF_원금'!$E$6:$E$92,'09_CF_원금'!$C$6:$C$92,"중국",'09_CF_원금'!$A$6:$A$92,"<="&$A74)) -> 350000000 | AE74: =IF($B74="","",MAX($B$5:$B74)) | AK74: =IF($A74="","",YEAR($A74)*100+MONTH($A74)) -> 202603 | AL74: =IF($P74="","",IF($P74="😱 극도의 공포",-2,IF($P74="😨 공포",-1,IF($P74="😐 평온",0,IF($P74="😃 탐욕",1,IF($P74="🤑 극도의 탐욕",2,""))))))
A75: 46106 | B75: =IF($A75="","",IF(AND($T75<>"",$U75<>"",$V75<>""),$T75+$U75+$V75,IF(AND($Z75<>"",$G75<>""),$Z75-$G75,IF($AG75<>"",$AD75+$AG75,"")))) | C75: =IF($B75="","",IFERROR($B75-LOOKUP(2,1/($B$5:$B74<>""),$B$5:$B74),"")) | D75: =IF(OR($B75="",$AD75=""),"",$B75-$AD75) | E75: =IF(OR($B75="",$AE75=0,$AE75=""),"",MIN(0,$B75/$AE75-1)) | F75: =IF(OR($Y75="",$Y75=0,$G75="",$G75=0),"",($S75-$G75*'03_포지션'!$B$13)/$Y75) | G75: =IF(OR($S75="",$T75=""),"",$S75-$T75) | H75: =IF(OR($X75="",$Z75=""),"",$X75-($Z75-IF($W75="",0,$W75))) | I75: =IF(OR($G75="",$H75=""),"",$G75+$H75) | J75: =IF(OR($I75="",'09_CF_원금'!$B$108=0),"",$I75/'09_CF_원금'!$B$108) | K75: =IF(OR($X75="",$X75=0,$I75=""),"",$I75/$X75) | L75: =IF(OR($W75="",$X75=""),"",$W75/($X75+$W75)) | M75: =IF($T75<>"",$T75-$AA75,IF($AH75<>"",$AH75,"")) | N75: =IF($U75<>"",$U75-$AB75,IF($AI75<>"",$AI75,"")) | O75: =IF($V75<>"",$V75-$AC75,IF($AJ75<>"",$AJ75,"")) | W75: =IF($A75="","",IF($W74="","",$W74)) | X75: =IF($A75="","",IFERROR(IF(OR($Z75="",$Z74="",$X74="",($Z74-IF($W74="",0,$W74))=0),IF($X74="","",$X74),($Z75-IF($W75="",0,$W75))+($X74-($Z74-IF($W74="",0,$W74)))*(1+2*(($Z75-IF($W75="",0,$W75))/($Z74-IF($W74="",0,$W74))-1))),IF($X74="","",$X74))) | Y75: =IF($A75="","",IFERROR(IF(OR($S75="",$S74="",$Y74="",$S74=0),IF($Y74="","",$Y74),$S75+($Y74-$S74)*(1+2*($S75/$S74-1))),IF($Y74="","",$Y74))) | Z75: =IF($S75="","",$S75+IF($U75="",0,$U75)+IF($V75="",0,$V75)) | AA75: =SUMIFS('09_CF_원금'!$E$6:$E$92,'09_CF_원금'!$D$6:$D$92,"국장",'09_CF_원금'!$A$6:$A$92,"<="&$A75)-SUMIFS('09_CF_원금'!$E$6:$E$92,'09_CF_원금'!$C$6:$C$92,"국장",'09_CF_원금'!$A$6:$A$92,"<="&$A75) -> 220000000 | AB75: =SUMIFS('09_CF_원금'!$E$6:$E$92,'09_CF_원금'!$D$6:$D$92,"미장",'09_CF_원금'!$A$6:$A$92,"<="&$A75)-SUMIFS('09_CF_원금'!$E$6:$E$92,'09_CF_원금'!$C$6:$C$92,"미장",'09_CF_원금'!$A$6:$A$92,"<="&$A75) -> 90000000 | AC75: =SUMIFS('09_CF_원금'!$E$6:$E$92,'09_CF_원금'!$D$6:$D$92,"ISA",'09_CF_원금'!$A$6:$A$92,"<="&$A75)-SUMIFS('09_CF_원금'!$E$6:$E$92,'09_CF_원금'!$C$6:$C$92,"ISA",'09_CF_원금'!$A$6:$A$92,"<="&$A75) -> 40000000 | AD75: =IF($A75="","",$AA75+$AB75+$AC75+SUMIFS('09_CF_원금'!$E$6:$E$92,'09_CF_원금'!$D$6:$D$92,"중국",'09_CF_원금'!$A$6:$A$92,"<="&$A75)-SUMIFS('09_CF_원금'!$E$6:$E$92,'09_CF_원금'!$C$6:$C$92,"중국",'09_CF_원금'!$A$6:$A$92,"<="&$A75)) -> 350000000 | AE75: =IF($B75="","",MAX($B$5:$B75)) | AK75: =IF($A75="","",YEAR($A75)*100+MONTH($A75)) -> 202603 | AL75: =IF($P75="","",IF($P75="😱 극도의 공포",-2,IF($P75="😨 공포",-1,IF($P75="😐 평온",0,IF($P75="😃 탐욕",1,IF($P75="🤑 극도의 탐욕",2,""))))))
A76: 46107 | B76: =IF($A76="","",IF(AND($T76<>"",$U76<>"",$V76<>""),$T76+$U76+$V76,IF(AND($Z76<>"",$G76<>""),$Z76-$G76,IF($AG76<>"",$AD76+$AG76,"")))) | C76: =IF($B76="","",IFERROR($B76-LOOKUP(2,1/($B$5:$B75<>""),$B$5:$B75),"")) | D76: =IF(OR($B76="",$AD76=""),"",$B76-$AD76) | E76: =IF(OR($B76="",$AE76=0,$AE76=""),"",MIN(0,$B76/$AE76-1)) | F76: =IF(OR($Y76="",$Y76=0,$G76="",$G76=0),"",($S76-$G76*'03_포지션'!$B$13)/$Y76) | G76: =IF(OR($S76="",$T76=""),"",$S76-$T76) | H76: =IF(OR($X76="",$Z76=""),"",$X76-($Z76-IF($W76="",0,$W76))) | I76: =IF(OR($G76="",$H76=""),"",$G76+$H76) | J76: =IF(OR($I76="",'09_CF_원금'!$B$108=0),"",$I76/'09_CF_원금'!$B$108) | K76: =IF(OR($X76="",$X76=0,$I76=""),"",$I76/$X76) | L76: =IF(OR($W76="",$X76=""),"",$W76/($X76+$W76)) | M76: =IF($T76<>"",$T76-$AA76,IF($AH76<>"",$AH76,"")) | N76: =IF($U76<>"",$U76-$AB76,IF($AI76<>"",$AI76,"")) | O76: =IF($V76<>"",$V76-$AC76,IF($AJ76<>"",$AJ76,"")) | W76: =IF($A76="","",IF($W75="","",$W75)) | X76: =IF($A76="","",IFERROR(IF(OR($Z76="",$Z75="",$X75="",($Z75-IF($W75="",0,$W75))=0),IF($X75="","",$X75),($Z76-IF($W76="",0,$W76))+($X75-($Z75-IF($W75="",0,$W75)))*(1+2*(($Z76-IF($W76="",0,$W76))/($Z75-IF($W75="",0,$W75))-1))),IF($X75="","",$X75))) | Y76: =IF($A76="","",IFERROR(IF(OR($S76="",$S75="",$Y75="",$S75=0),IF($Y75="","",$Y75),$S76+($Y75-$S75)*(1+2*($S76/$S75-1))),IF($Y75="","",$Y75))) | Z76: =IF($S76="","",$S76+IF($U76="",0,$U76)+IF($V76="",0,$V76)) | AA76: =SUMIFS('09_CF_원금'!$E$6:$E$92,'09_CF_원금'!$D$6:$D$92,"국장",'09_CF_원금'!$A$6:$A$92,"<="&$A76)-SUMIFS('09_CF_원금'!$E$6:$E$92,'09_CF_원금'!$C$6:$C$92,"국장",'09_CF_원금'!$A$6:$A$92,"<="&$A76) -> 220000000 | AB76: =SUMIFS('09_CF_원금'!$E$6:$E$92,'09_CF_원금'!$D$6:$D$92,"미장",'09_CF_원금'!$A$6:$A$92,"<="&$A76)-SUMIFS('09_CF_원금'!$E$6:$E$92,'09_CF_원금'!$C$6:$C$92,"미장",'09_CF_원금'!$A$6:$A$92,"<="&$A76) -> 90000000 | AC76: =SUMIFS('09_CF_원금'!$E$6:$E$92,'09_CF_원금'!$D$6:$D$92,"ISA",'09_CF_원금'!$A$6:$A$92,"<="&$A76)-SUMIFS('09_CF_원금'!$E$6:$E$92,'09_CF_원금'!$C$6:$C$92,"ISA",'09_CF_원금'!$A$6:$A$92,"<="&$A76) -> 40000000 | AD76: =IF($A76="","",$AA76+$AB76+$AC76+SUMIFS('09_CF_원금'!$E$6:$E$92,'09_CF_원금'!$D$6:$D$92,"중국",'09_CF_원금'!$A$6:$A$92,"<="&$A76)-SUMIFS('09_CF_원금'!$E$6:$E$92,'09_CF_원금'!$C$6:$C$92,"중국",'09_CF_원금'!$A$6:$A$92,"<="&$A76)) -> 350000000 | AE76: =IF($B76="","",MAX($B$5:$B76)) | AK76: =IF($A76="","",YEAR($A76)*100+MONTH($A76)) -> 202603 | AL76: =IF($P76="","",IF($P76="😱 극도의 공포",-2,IF($P76="😨 공포",-1,IF($P76="😐 평온",0,IF($P76="😃 탐욕",1,IF($P76="🤑 극도의 탐욕",2,""))))))
A77: 46108 | B77: =IF($A77="","",IF(AND($T77<>"",$U77<>"",$V77<>""),$T77+$U77+$V77,IF(AND($Z77<>"",$G77<>""),$Z77-$G77,IF($AG77<>"",$AD77+$AG77,"")))) -> 591472013 | C77: =IF($B77="","",IFERROR($B77-LOOKUP(2,1/($B$5:$B76<>""),$B$5:$B76),"")) | D77: =IF(OR($B77="",$AD77=""),"",$B77-$AD77) -> 241472013 | E77: =IF(OR($B77="",$AE77=0,$AE77=""),"",MIN(0,$B77/$AE77-1)) -> -0.099400044 | F77: =IF(OR($Y77="",$Y77=0,$G77="",$G77=0),"",($S77-$G77*'03_포지션'!$B$13)/$Y77) | G77: =IF(OR($S77="",$T77=""),"",$S77-$T77) | H77: =IF(OR($X77="",$Z77=""),"",$X77-($Z77-IF($W77="",0,$W77))) | I77: =IF(OR($G77="",$H77=""),"",$G77+$H77) | J77: =IF(OR($I77="",'09_CF_원금'!$B$108=0),"",$I77/'09_CF_원금'!$B$108) | K77: =IF(OR($X77="",$X77=0,$I77=""),"",$I77/$X77) | L77: =IF(OR($W77="",$X77=""),"",$W77/($X77+$W77)) | M77: =IF($T77<>"",$T77-$AA77,IF($AH77<>"",$AH77,"")) -> 202015046 | N77: =IF($U77<>"",$U77-$AB77,IF($AI77<>"",$AI77,"")) -> 31963050 | O77: =IF($V77<>"",$V77-$AC77,IF($AJ77<>"",$AJ77,"")) -> 7493917 | W77: =IF($A77="","",IF($W76="","",$W76)) | X77: =IF($A77="","",IFERROR(IF(OR($Z77="",$Z76="",$X76="",($Z76-IF($W76="",0,$W76))=0),IF($X76="","",$X76),($Z77-IF($W77="",0,$W77))+($X76-($Z76-IF($W76="",0,$W76)))*(1+2*(($Z77-IF($W77="",0,$W77))/($Z76-IF($W76="",0,$W76))-1))),IF($X76="","",$X76))) | Y77: =IF($A77="","",IFERROR(IF(OR($S77="",$S76="",$Y76="",$S76=0),IF($Y76="","",$Y76),$S77+($Y76-$S76)*(1+2*($S77/$S76-1))),IF($Y76="","",$Y76))) | Z77: =IF($S77="","",$S77+IF($U77="",0,$U77)+IF($V77="",0,$V77)) | AA77: =SUMIFS('09_CF_원금'!$E$6:$E$92,'09_CF_원금'!$D$6:$D$92,"국장",'09_CF_원금'!$A$6:$A$92,"<="&$A77)-SUMIFS('09_CF_원금'!$E$6:$E$92,'09_CF_원금'!$C$6:$C$92,"국장",'09_CF_원금'!$A$6:$A$92,"<="&$A77) -> 220000000 | AB77: =SUMIFS('09_CF_원금'!$E$6:$E$92,'09_CF_원금'!$D$6:$D$92,"미장",'09_CF_원금'!$A$6:$A$92,"<="&$A77)-SUMIFS('09_CF_원금'!$E$6:$E$92,'09_CF_원금'!$C$6:$C$92,"미장",'09_CF_원금'!$A$6:$A$92,"<="&$A77) -> 90000000 | AC77: =SUMIFS('09_CF_원금'!$E$6:$E$92,'09_CF_원금'!$D$6:$D$92,"ISA",'09_CF_원금'!$A$6:$A$92,"<="&$A77)-SUMIFS('09_CF_원금'!$E$6:$E$92,'09_CF_원금'!$C$6:$C$92,"ISA",'09_CF_원금'!$A$6:$A$92,"<="&$A77) -> 40000000 | AD77: =IF($A77="","",$AA77+$AB77+$AC77+SUMIFS('09_CF_원금'!$E$6:$E$92,'09_CF_원금'!$D$6:$D$92,"중국",'09_CF_원금'!$A$6:$A$92,"<="&$A77)-SUMIFS('09_CF_원금'!$E$6:$E$92,'09_CF_원금'!$C$6:$C$92,"중국",'09_CF_원금'!$A$6:$A$92,"<="&$A77)) -> 350000000 | AE77: =IF($B77="","",MAX($B$5:$B77)) -> 656753322 | AG77: 241472013 | AH77: 202015046 | AI77: 31963050 | AJ77: 7493917 | AK77: =IF($A77="","",YEAR($A77)*100+MONTH($A77)) -> 202603 | AL77: =IF($P77="","",IF($P77="😱 극도의 공포",-2,IF($P77="😨 공포",-1,IF($P77="😐 평온",0,IF($P77="😃 탐욕",1,IF($P77="🤑 극도의 탐욕",2,""))))))
A78: 46111 | B78: =IF($A78="","",IF(AND($T78<>"",$U78<>"",$V78<>""),$T78+$U78+$V78,IF(AND($Z78<>"",$G78<>""),$Z78-$G78,IF($AG78<>"",$AD78+$AG78,"")))) | C78: =IF($B78="","",IFERROR($B78-LOOKUP(2,1/($B$5:$B77<>""),$B$5:$B77),"")) | D78: =IF(OR($B78="",$AD78=""),"",$B78-$AD78) | E78: =IF(OR($B78="",$AE78=0,$AE78=""),"",MIN(0,$B78/$AE78-1)) | F78: =IF(OR($Y78="",$Y78=0,$G78="",$G78=0),"",($S78-$G78*'03_포지션'!$B$13)/$Y78) | G78: =IF(OR($S78="",$T78=""),"",$S78-$T78) | H78: =IF(OR($X78="",$Z78=""),"",$X78-($Z78-IF($W78="",0,$W78))) | I78: =IF(OR($G78="",$H78=""),"",$G78+$H78) | J78: =IF(OR($I78="",'09_CF_원금'!$B$108=0),"",$I78/'09_CF_원금'!$B$108) | K78: =IF(OR($X78="",$X78=0,$I78=""),"",$I78/$X78) | L78: =IF(OR($W78="",$X78=""),"",$W78/($X78+$W78)) | M78: =IF($T78<>"",$T78-$AA78,IF($AH78<>"",$AH78,"")) | N78: =IF($U78<>"",$U78-$AB78,IF($AI78<>"",$AI78,"")) | O78: =IF($V78<>"",$V78-$AC78,IF($AJ78<>"",$AJ78,"")) | W78: =IF($A78="","",IF($W77="","",$W77)) | X78: =IF($A78="","",IFERROR(IF(OR($Z78="",$Z77="",$X77="",($Z77-IF($W77="",0,$W77))=0),IF($X77="","",$X77),($Z78-IF($W78="",0,$W78))+($X77-($Z77-IF($W77="",0,$W77)))*(1+2*(($Z78-IF($W78="",0,$W78))/($Z77-IF($W77="",0,$W77))-1))),IF($X77="","",$X77))) | Y78: =IF($A78="","",IFERROR(IF(OR($S78="",$S77="",$Y77="",$S77=0),IF($Y77="","",$Y77),$S78+($Y77-$S77)*(1+2*($S78/$S77-1))),IF($Y77="","",$Y77))) | Z78: =IF($S78="","",$S78+IF($U78="",0,$U78)+IF($V78="",0,$V78)) | AA78: =SUMIFS('09_CF_원금'!$E$6:$E$92,'09_CF_원금'!$D$6:$D$92,"국장",'09_CF_원금'!$A$6:$A$92,"<="&$A78)-SUMIFS('09_CF_원금'!$E$6:$E$92,'09_CF_원금'!$C$6:$C$92,"국장",'09_CF_원금'!$A$6:$A$92,"<="&$A78) -> 220000000 | AB78: =SUMIFS('09_CF_원금'!$E$6:$E$92,'09_CF_원금'!$D$6:$D$92,"미장",'09_CF_원금'!$A$6:$A$92,"<="&$A78)-SUMIFS('09_CF_원금'!$E$6:$E$92,'09_CF_원금'!$C$6:$C$92,"미장",'09_CF_원금'!$A$6:$A$92,"<="&$A78) -> 90000000 | AC78: =SUMIFS('09_CF_원금'!$E$6:$E$92,'09_CF_원금'!$D$6:$D$92,"ISA",'09_CF_원금'!$A$6:$A$92,"<="&$A78)-SUMIFS('09_CF_원금'!$E$6:$E$92,'09_CF_원금'!$C$6:$C$92,"ISA",'09_CF_원금'!$A$6:$A$92,"<="&$A78) -> 40000000 | AD78: =IF($A78="","",$AA78+$AB78+$AC78+SUMIFS('09_CF_원금'!$E$6:$E$92,'09_CF_원금'!$D$6:$D$92,"중국",'09_CF_원금'!$A$6:$A$92,"<="&$A78)-SUMIFS('09_CF_원금'!$E$6:$E$92,'09_CF_원금'!$C$6:$C$92,"중국",'09_CF_원금'!$A$6:$A$92,"<="&$A78)) -> 350000000 | AE78: =IF($B78="","",MAX($B$5:$B78)) | AK78: =IF($A78="","",YEAR($A78)*100+MONTH($A78)) -> 202603 | AL78: =IF($P78="","",IF($P78="😱 극도의 공포",-2,IF($P78="😨 공포",-1,IF($P78="😐 평온",0,IF($P78="😃 탐욕",1,IF($P78="🤑 극도의 탐욕",2,""))))))
A79: 46112 | B79: =IF($A79="","",IF(AND($T79<>"",$U79<>"",$V79<>""),$T79+$U79+$V79,IF(AND($Z79<>"",$G79<>""),$Z79-$G79,IF($AG79<>"",$AD79+$AG79,"")))) | C79: =IF($B79="","",IFERROR($B79-LOOKUP(2,1/($B$5:$B78<>""),$B$5:$B78),"")) | D79: =IF(OR($B79="",$AD79=""),"",$B79-$AD79) | E79: =IF(OR($B79="",$AE79=0,$AE79=""),"",MIN(0,$B79/$AE79-1)) | F79: =IF(OR($Y79="",$Y79=0,$G79="",$G79=0),"",($S79-$G79*'03_포지션'!$B$13)/$Y79) | G79: =IF(OR($S79="",$T79=""),"",$S79-$T79) | H79: =IF(OR($X79="",$Z79=""),"",$X79-($Z79-IF($W79="",0,$W79))) | I79: =IF(OR($G79="",$H79=""),"",$G79+$H79) | J79: =IF(OR($I79="",'09_CF_원금'!$B$108=0),"",$I79/'09_CF_원금'!$B$108) | K79: =IF(OR($X79="",$X79=0,$I79=""),"",$I79/$X79) | L79: =IF(OR($W79="",$X79=""),"",$W79/($X79+$W79)) | M79: =IF($T79<>"",$T79-$AA79,IF($AH79<>"",$AH79,"")) | N79: =IF($U79<>"",$U79-$AB79,IF($AI79<>"",$AI79,"")) | O79: =IF($V79<>"",$V79-$AC79,IF($AJ79<>"",$AJ79,"")) | W79: =IF($A79="","",IF($W78="","",$W78)) | X79: =IF($A79="","",IFERROR(IF(OR($Z79="",$Z78="",$X78="",($Z78-IF($W78="",0,$W78))=0),IF($X78="","",$X78),($Z79-IF($W79="",0,$W79))+($X78-($Z78-IF($W78="",0,$W78)))*(1+2*(($Z79-IF($W79="",0,$W79))/($Z78-IF($W78="",0,$W78))-1))),IF($X78="","",$X78))) | Y79: =IF($A79="","",IFERROR(IF(OR($S79="",$S78="",$Y78="",$S78=0),IF($Y78="","",$Y78),$S79+($Y78-$S78)*(1+2*($S79/$S78-1))),IF($Y78="","",$Y78))) | Z79: =IF($S79="","",$S79+IF($U79="",0,$U79)+IF($V79="",0,$V79)) | AA79: =SUMIFS('09_CF_원금'!$E$6:$E$92,'09_CF_원금'!$D$6:$D$92,"국장",'09_CF_원금'!$A$6:$A$92,"<="&$A79)-SUMIFS('09_CF_원금'!$E$6:$E$92,'09_CF_원금'!$C$6:$C$92,"국장",'09_CF_원금'!$A$6:$A$92,"<="&$A79) -> 220000000 | AB79: =SUMIFS('09_CF_원금'!$E$6:$E$92,'09_CF_원금'!$D$6:$D$92,"미장",'09_CF_원금'!$A$6:$A$92,"<="&$A79)-SUMIFS('09_CF_원금'!$E$6:$E$92,'09_CF_원금'!$C$6:$C$92,"미장",'09_CF_원금'!$A$6:$A$92,"<="&$A79) -> 90000000 | AC79: =SUMIFS('09_CF_원금'!$E$6:$E$92,'09_CF_원금'!$D$6:$D$92,"ISA",'09_CF_원금'!$A$6:$A$92,"<="&$A79)-SUMIFS('09_CF_원금'!$E$6:$E$92,'09_CF_원금'!$C$6:$C$92,"ISA",'09_CF_원금'!$A$6:$A$92,"<="&$A79) -> 40000000 | AD79: =IF($A79="","",$AA79+$AB79+$AC79+SUMIFS('09_CF_원금'!$E$6:$E$92,'09_CF_원금'!$D$6:$D$92,"중국",'09_CF_원금'!$A$6:$A$92,"<="&$A79)-SUMIFS('09_CF_원금'!$E$6:$E$92,'09_CF_원금'!$C$6:$C$92,"중국",'09_CF_원금'!$A$6:$A$92,"<="&$A79)) -> 350000000 | AE79: =IF($B79="","",MAX($B$5:$B79)) | AK79: =IF($A79="","",YEAR($A79)*100+MONTH($A79)) -> 202603 | AL79: =IF($P79="","",IF($P79="😱 극도의 공포",-2,IF($P79="😨 공포",-1,IF($P79="😐 평온",0,IF($P79="😃 탐욕",1,IF($P79="🤑 극도의 탐욕",2,""))))))
A80: 46113 | B80: =IF($A80="","",IF(AND($T80<>"",$U80<>"",$V80<>""),$T80+$U80+$V80,IF(AND($Z80<>"",$G80<>""),$Z80-$G80,IF($AG80<>"",$AD80+$AG80,"")))) | C80: =IF($B80="","",IFERROR($B80-LOOKUP(2,1/($B$5:$B79<>""),$B$5:$B79),"")) | D80: =IF(OR($B80="",$AD80=""),"",$B80-$AD80) | E80: =IF(OR($B80="",$AE80=0,$AE80=""),"",MIN(0,$B80/$AE80-1)) | F80: =IF(OR($Y80="",$Y80=0,$G80="",$G80=0),"",($S80-$G80*'03_포지션'!$B$13)/$Y80) | G80: =IF(OR($S80="",$T80=""),"",$S80-$T80) | H80: =IF(OR($X80="",$Z80=""),"",$X80-($Z80-IF($W80="",0,$W80))) | I80: =IF(OR($G80="",$H80=""),"",$G80+$H80) | J80: =IF(OR($I80="",'09_CF_원금'!$B$108=0),"",$I80/'09_CF_원금'!$B$108) | K80: =IF(OR($X80="",$X80=0,$I80=""),"",$I80/$X80) | L80: =IF(OR($W80="",$X80=""),"",$W80/($X80+$W80)) | M80: =IF($T80<>"",$T80-$AA80,IF($AH80<>"",$AH80,"")) | N80: =IF($U80<>"",$U80-$AB80,IF($AI80<>"",$AI80,"")) | O80: =IF($V80<>"",$V80-$AC80,IF($AJ80<>"",$AJ80,"")) | W80: =IF($A80="","",IF($W79="","",$W79)) | X80: =IF($A80="","",IFERROR(IF(OR($Z80="",$Z79="",$X79="",($Z79-IF($W79="",0,$W79))=0),IF($X79="","",$X79),($Z80-IF($W80="",0,$W80))+($X79-($Z79-IF($W79="",0,$W79)))*(1+2*(($Z80-IF($W80="",0,$W80))/($Z79-IF($W79="",0,$W79))-1))),IF($X79="","",$X79))) | Y80: =IF($A80="","",IFERROR(IF(OR($S80="",$S79="",$Y79="",$S79=0),IF($Y79="","",$Y79),$S80+($Y79-$S79)*(1+2*($S80/$S79-1))),IF($Y79="","",$Y79))) | Z80: =IF($S80="","",$S80+IF($U80="",0,$U80)+IF($V80="",0,$V80)) | AA80: =SUMIFS('09_CF_원금'!$E$6:$E$92,'09_CF_원금'!$D$6:$D$92,"국장",'09_CF_원금'!$A$6:$A$92,"<="&$A80)-SUMIFS('09_CF_원금'!$E$6:$E$92,'09_CF_원금'!$C$6:$C$92,"국장",'09_CF_원금'!$A$6:$A$92,"<="&$A80) -> 220000000 | AB80: =SUMIFS('09_CF_원금'!$E$6:$E$92,'09_CF_원금'!$D$6:$D$92,"미장",'09_CF_원금'!$A$6:$A$92,"<="&$A80)-SUMIFS('09_CF_원금'!$E$6:$E$92,'09_CF_원금'!$C$6:$C$92,"미장",'09_CF_원금'!$A$6:$A$92,"<="&$A80) -> 90000000 | AC80: =SUMIFS('09_CF_원금'!$E$6:$E$92,'09_CF_원금'!$D$6:$D$92,"ISA",'09_CF_원금'!$A$6:$A$92,"<="&$A80)-SUMIFS('09_CF_원금'!$E$6:$E$92,'09_CF_원금'!$C$6:$C$92,"ISA",'09_CF_원금'!$A$6:$A$92,"<="&$A80) -> 40000000 | AD80: =IF($A80="","",$AA80+$AB80+$AC80+SUMIFS('09_CF_원금'!$E$6:$E$92,'09_CF_원금'!$D$6:$D$92,"중국",'09_CF_원금'!$A$6:$A$92,"<="&$A80)-SUMIFS('09_CF_원금'!$E$6:$E$92,'09_CF_원금'!$C$6:$C$92,"중국",'09_CF_원금'!$A$6:$A$92,"<="&$A80)) -> 350000000 | AE80: =IF($B80="","",MAX($B$5:$B80)) | AK80: =IF($A80="","",YEAR($A80)*100+MONTH($A80)) -> 202604 | AL80: =IF($P80="","",IF($P80="😱 극도의 공포",-2,IF($P80="😨 공포",-1,IF($P80="😐 평온",0,IF($P80="😃 탐욕",1,IF($P80="🤑 극도의 탐욕",2,""))))))
